{"time":"2026-08-30T05:16:30.195603877+02:00","level":"INFO","msg":"wandb-core"}
{"time":"2026-08-30T05:16:30.195754129+02:00","level":"INFO","msg":"stream: starting","core version":"0.26.1"}
{"time":"2026-08-30T05:16:30.783479551+02:00","level":"INFO","msg":"stream: created new stream","id":"vee88nm8"}
{"time":"2026-08-30T05:16:30.783585464+02:00","level":"INFO","msg":"handler: started"}
{"time":"2026-08-30T05:16:30.783671411+02:00","level":"INFO","msg":"stream: started"}
{"time":"2026-08-30T05:16:30.783685735+02:00","level":"INFO","msg":"writer: started","stream_id":"vee88nm8"}
{"time":"2026-08-30T05:16:30.783734318+02:00","level":"INFO","msg":"sender: started"}
{"time":"2026-08-30T05:16:31.322795332+02:00","level":"ERROR","msg":"git repo not found","error":"repository does not exist"}
{"time":"2026-08-30T05:16:31.353949447+02:00","level":"INFO","msg":"filestream: sending request","total_files":1,"console_offset":0,"console_lines":1}
{"time":"2026-08-30T05:16:31.935495208+02:00","level":"INFO","msg":"filestream: request sent","status":"200 OK"}
{"time":"2026-08-30T05:16:46.354138101+02:00","level":"INFO","msg":"filestream: sending request","total_files":3,"events_offset":0,"events_lines":2,"console_offset":1,"console_lines":12,"uploaded_len":4}
{"time":"2026-08-30T05:16:46.696169746+02:00","level":"INFO","msg":"filestream: request sent","status":"200 OK"}
{"time":"2026-08-30T05:17:01.354307381+02:00","level":"INFO","msg":"filestream: sending request","total_files":1,"events_offset":2,"events_lines":2}
{"time":"2026-08-30T05:17:02.432058108+02:00","level":"INFO","msg":"filestream: request sent","status":"200 OK"}
{"time":"2026-08-30T05:17:16.354553187+02:00","level":"INFO","msg":"filestream: sending request","total_files":1,"events_offset":4,"events_lines":2}
{"time":"2026-08-30T05:17:16.693993322+02:00","level":"INFO","msg":"filestream: request sent","status":"200 OK"}
{"time":"2026-08-30T05:17:31.35448622+02:00","level":"INFO","msg":"filestream: sending request","total_files":4,"history_offset":0,"history_lines":2,"events_offset":6,"events_lines":2,"console_offset":13,"console_lines":1}
{"time":"2026-08-30T05:17:31.704303679+02:00","level":"INFO","msg":"filestream: request sent","status":"200 OK"}
{"time":"2026-08-30T05:17:46.354902423+02:00","level":"INFO","msg":"filestream: sending request","total_files":1,"events_offset":8,"events_lines":2}
{"time":"2026-08-30T05:17:46.693166786+02:00","level":"INFO","msg":"filestream: request sent","status":"200 OK"}
{"time":"2026-08-30T05:18:01.354871224+02:00","level":"INFO","msg":"filestream: sending request","total_files":1,"events_offset":10,"events_lines":2}
{"time":"2026-08-30T05:18:01.69692488+02:00","level":"INFO","msg":"filestream: request sent","status":"200 OK"}
{"time":"2026-08-30T05:18:16.354872792+02:00","level":"INFO","msg":"filestream: sending request","total_files":1,"events_offset":12,"events_lines":2}
{"time":"2026-08-30T05:18:16.747524408+02:00","level":"INFO","msg":"filestream: request sent","status":"200 OK"}
{"time":"2026-08-30T05:18:31.354087186+02:00","level":"INFO","msg":"filestream: sending request","total_files":4,"history_offset":2,"history_lines":6,"events_offset":14,"events_lines":2,"console_offset":14,"console_lines":1}
{"time":"2026-08-30T05:18:31.705229838+02:00","level":"INFO","msg":"filestream: request sent","status":"200 OK"}
{"time":"2026-08-30T05:18:46.354897407+02:00","level":"INFO","msg":"filestream: sending request","total_files":1,"events_offset":16,"events_lines":2}
{"time":"2026-08-30T05:18:46.70476245+02:00","level":"INFO","msg":"filestream: request sent","status":"200 OK"}
{"time":"2026-08-30T05:19:01.354948796+02:00","level":"INFO","msg":"filestream: sending request","total_files":1,"events_offset":18,"events_lines":2}
{"time":"2026-08-30T05:19:01.709953958+02:00","level":"INFO","msg":"filestream: request sent","status":"200 OK"}
{"time":"2026-08-30T05:19:16.354075044+02:00","level":"INFO","msg":"filestream: sending request","total_files":1,"events_offset":20,"events_lines":2}
{"time":"2026-08-30T05:19:16.674008234+02:00","level":"INFO","msg":"filestream: request sent","status":"200 OK"}
{"time":"2026-08-30T05:19:31.354118711+02:00","level":"INFO","msg":"filestream: sending request","total_files":1,"events_offset":22,"events_lines":2}
{"time":"2026-08-30T05:19:31.706816548+02:00","level":"INFO","msg":"filestream: request sent","status":"200 OK"}
{"time":"2026-08-30T05:19:46.354244413+02:00","level":"INFO","msg":"filestream: sending request","total_files":3,"history_offset":8,"history_lines":7,"events_offset":24,"events_lines":2}
{"time":"2026-08-30T05:19:46.707623569+02:00","level":"INFO","msg":"filestream: request sent","status":"200 OK"}
{"time":"2026-08-30T05:20:01.354814929+02:00","level":"INFO","msg":"filestream: sending request","total_files":4,"history_offset":15,"history_lines":2,"events_offset":26,"events_lines":2,"console_offset":15,"console_lines":1}
{"time":"2026-08-30T05:20:01.792891585+02:00","level":"INFO","msg":"filestream: request sent","status":"200 OK"}
{"time":"2026-08-30T05:20:16.354625246+02:00","level":"INFO","msg":"filestream: sending request","total_files":1,"events_offset":28,"events_lines":2}
{"time":"2026-08-30T05:20:16.723966605+02:00","level":"INFO","msg":"filestream: request sent","status":"200 OK"}
{"time":"2026-08-30T05:20:31.354799115+02:00","level":"INFO","msg":"filestream: sending request","total_files":1,"events_offset":30,"events_lines":2}
{"time":"2026-08-30T05:20:31.730564961+02:00","level":"INFO","msg":"filestream: request sent","status":"200 OK"}
{"time":"2026-08-30T05:20:46.354124065+02:00","level":"INFO","msg":"filestream: sending request","total_files":1,"events_offset":32,"events_lines":2}
{"time":"2026-08-30T05:20:46.718042504+02:00","level":"INFO","msg":"filestream: request sent","status":"200 OK"}
{"time":"2026-08-30T05:21:01.354071624+02:00","level":"INFO","msg":"filestream: sending request","total_files":3,"history_offset":17,"history_lines":8,"events_offset":34,"events_lines":2}
{"time":"2026-08-30T05:21:01.717175971+02:00","level":"INFO","msg":"filestream: request sent","status":"200 OK"}
{"time":"2026-08-30T05:21:16.354254589+02:00","level":"INFO","msg":"filestream: sending request","total_files":4,"history_offset":25,"history_lines":2,"events_offset":36,"events_lines":2,"console_offset":16,"console_lines":1}
{"time":"2026-08-30T05:21:16.706210093+02:00","level":"INFO","msg":"filestream: request sent","status":"200 OK"}
{"time":"2026-08-30T05:21:31.354906445+02:00","level":"INFO","msg":"filestream: sending request","total_files":1,"events_offset":38,"events_lines":2}
{"time":"2026-08-30T05:21:31.692668164+02:00","level":"INFO","msg":"filestream: request sent","status":"200 OK"}
{"time":"2026-08-30T05:21:46.354694111+02:00","level":"INFO","msg":"filestream: sending request","total_files":1,"events_offset":40,"events_lines":2}
{"time":"2026-08-30T05:21:46.695506459+02:00","level":"INFO","msg":"filestream: request sent","status":"200 OK"}
{"time":"2026-08-30T05:22:01.35412279+02:00","level":"INFO","msg":"filestream: sending request","total_files":3,"history_offset":27,"history_lines":5,"events_offset":42,"events_lines":2}
{"time":"2026-08-30T05:22:01.694233955+02:00","level":"INFO","msg":"filestream: request sent","status":"200 OK"}
{"time":"2026-08-30T05:22:16.35413265+02:00","level":"INFO","msg":"filestream: sending request","total_files":4,"history_offset":32,"history_lines":2,"events_offset":44,"events_lines":2,"console_offset":17,"console_lines":1}
{"time":"2026-08-30T05:22:16.700562217+02:00","level":"INFO","msg":"filestream: request sent","status":"200 OK"}
{"time":"2026-08-30T05:22:31.354693069+02:00","level":"INFO","msg":"filestream: sending request","total_files":1,"events_offset":46,"events_lines":2}
{"time":"2026-08-30T05:22:31.688236716+02:00","level":"INFO","msg":"filestream: request sent","status":"200 OK"}
{"time":"2026-08-30T05:22:46.354139249+02:00","level":"INFO","msg":"filestream: sending request","total_files":1,"events_offset":48,"events_lines":2}
{"time":"2026-08-30T05:22:46.673432022+02:00","level":"INFO","msg":"filestream: request sent","status":"200 OK"}
{"time":"2026-08-30T05:23:01.35501808+02:00","level":"INFO","msg":"filestream: sending request","total_files":3,"history_offset":34,"history_lines":10,"events_offset":50,"events_lines":2}
{"time":"2026-08-30T05:23:01.72012511+02:00","level":"INFO","msg":"filestream: request sent","status":"200 OK"}
{"time":"2026-08-30T05:23:16.354896436+02:00","level":"INFO","msg":"filestream: sending request","total_files":4,"history_offset":44,"history_lines":2,"events_offset":52,"events_lines":2,"console_offset":18,"console_lines":1}
{"time":"2026-08-30T05:23:16.70024316+02:00","level":"INFO","msg":"filestream: request sent","status":"200 OK"}
{"time":"2026-08-30T05:23:31.354914494+02:00","level":"INFO","msg":"filestream: sending request","total_files":1,"events_offset":54,"events_lines":2}
{"time":"2026-08-30T05:23:31.741059898+02:00","level":"INFO","msg":"filestream: request sent","status":"200 OK"}
{"time":"2026-08-30T05:23:46.354352451+02:00","level":"INFO","msg":"filestream: sending request","total_files":1,"events_offset":56,"events_lines":2}
{"time":"2026-08-30T05:23:46.697205514+02:00","level":"INFO","msg":"filestream: request sent","status":"200 OK"}
{"time":"2026-08-30T05:24:01.354260447+02:00","level":"INFO","msg":"filestream: sending request","total_files":3,"history_offset":46,"history_lines":2,"events_offset":58,"events_lines":2}
{"time":"2026-08-30T05:24:01.719248781+02:00","level":"INFO","msg":"filestream: request sent","status":"200 OK"}
{"time":"2026-08-30T05:24:16.35415481+02:00","level":"INFO","msg":"filestream: sending request","total_files":4,"history_offset":48,"history_lines":2,"events_offset":60,"events_lines":2,"console_offset":19,"console_lines":1}
{"time":"2026-08-30T05:24:16.717922265+02:00","level":"INFO","msg":"filestream: request sent","status":"200 OK"}
{"time":"2026-08-30T05:24:31.354292284+02:00","level":"INFO","msg":"filestream: sending request","total_files":1,"events_offset":62,"events_lines":2}
{"time":"2026-08-30T05:24:31.690687864+02:00","level":"INFO","msg":"filestream: request sent","status":"200 OK"}
{"time":"2026-08-30T05:24:46.3545597+02:00","level":"INFO","msg":"filestream: sending request","total_files":1,"events_offset":64,"events_lines":2}
{"time":"2026-08-30T05:24:46.719747341+02:00","level":"INFO","msg":"filestream: request sent","status":"200 OK"}
{"time":"2026-08-30T05:25:01.354197638+02:00","level":"INFO","msg":"filestream: sending request","total_files":3,"history_offset":50,"history_lines":12,"events_offset":66,"events_lines":2}
{"time":"2026-08-30T05:25:01.7167623+02:00","level":"INFO","msg":"filestream: request sent","status":"200 OK"}
{"time":"2026-08-30T05:25:16.354657576+02:00","level":"INFO","msg":"filestream: sending request","total_files":4,"history_offset":62,"history_lines":2,"events_offset":68,"events_lines":2,"console_offset":20,"console_lines":1}
{"time":"2026-08-30T05:25:16.712834889+02:00","level":"INFO","msg":"filestream: request sent","status":"200 OK"}
{"time":"2026-08-30T05:25:31.354466713+02:00","level":"INFO","msg":"filestream: sending request","total_files":1,"events_offset":70,"events_lines":2}
{"time":"2026-08-30T05:25:31.703338004+02:00","level":"INFO","msg":"filestream: request sent","status":"200 OK"}
{"time":"2026-08-30T05:25:46.354922987+02:00","level":"INFO","msg":"filestream: sending request","total_files":1,"events_offset":72,"events_lines":2}
{"time":"2026-08-30T05:25:46.683384769+02:00","level":"INFO","msg":"filestream: request sent","status":"200 OK"}
{"time":"2026-08-30T05:26:01.354969703+02:00","level":"INFO","msg":"filestream: sending request","total_files":4,"history_offset":64,"history_lines":9,"events_offset":74,"events_lines":2,"console_offset":21,"console_lines":1}
{"time":"2026-08-30T05:26:01.706059854+02:00","level":"INFO","msg":"filestream: request sent","status":"200 OK"}
{"time":"2026-08-30T05:26:16.35455614+02:00","level":"INFO","msg":"filestream: sending request","total_files":1,"events_offset":76,"events_lines":2}
{"time":"2026-08-30T05:26:16.717493703+02:00","level":"INFO","msg":"filestream: request sent","status":"200 OK"}
{"time":"2026-08-30T05:26:31.354903545+02:00","level":"INFO","msg":"filestream: sending request","total_files":1,"events_offset":78,"events_lines":2}
{"time":"2026-08-30T05:26:31.697772832+02:00","level":"INFO","msg":"filestream: request sent","status":"200 OK"}
{"time":"2026-08-30T05:26:46.354611099+02:00","level":"INFO","msg":"filestream: sending request","total_files":1,"events_offset":80,"events_lines":2}
{"time":"2026-08-30T05:26:46.724300196+02:00","level":"INFO","msg":"filestream: request sent","status":"200 OK"}
{"time":"2026-08-30T05:27:01.354888821+02:00","level":"INFO","msg":"filestream: sending request","total_files":3,"history_offset":73,"history_lines":8,"events_offset":82,"events_lines":2}
{"time":"2026-08-30T05:27:01.727836379+02:00","level":"INFO","msg":"filestream: request sent","status":"200 OK"}
{"time":"2026-08-30T05:27:16.354545792+02:00","level":"INFO","msg":"filestream: sending request","total_files":4,"history_offset":81,"history_lines":2,"events_offset":84,"events_lines":2,"console_offset":22,"console_lines":1}
{"time":"2026-08-30T05:27:16.706347364+02:00","level":"INFO","msg":"filestream: request sent","status":"200 OK"}
{"time":"2026-08-30T05:27:31.354327133+02:00","level":"INFO","msg":"filestream: sending request","total_files":1,"events_offset":86,"events_lines":2}
{"time":"2026-08-30T05:27:31.698091024+02:00","level":"INFO","msg":"filestream: request sent","status":"200 OK"}
{"time":"2026-08-30T05:27:46.35423339+02:00","level":"INFO","msg":"filestream: sending request","total_files":1,"events_offset":88,"events_lines":2}
{"time":"2026-08-30T05:27:46.684904825+02:00","level":"INFO","msg":"filestream: request sent","status":"200 OK"}
{"time":"2026-08-30T05:28:01.35495602+02:00","level":"INFO","msg":"filestream: sending request","total_files":3,"history_offset":83,"history_lines":6,"events_offset":90,"events_lines":2}
{"time":"2026-08-30T05:28:01.711167059+02:00","level":"INFO","msg":"filestream: request sent","status":"200 OK"}
{"time":"2026-08-30T05:28:16.354860935+02:00","level":"INFO","msg":"filestream: sending request","total_files":4,"history_offset":89,"history_lines":2,"events_offset":92,"events_lines":2,"console_offset":23,"console_lines":1}
{"time":"2026-08-30T05:28:16.684545287+02:00","level":"INFO","msg":"filestream: request sent","status":"200 OK"}
{"time":"2026-08-30T05:28:31.354896889+02:00","level":"INFO","msg":"filestream: sending request","total_files":1,"events_offset":94,"events_lines":2}
{"time":"2026-08-30T05:28:31.759199011+02:00","level":"INFO","msg":"filestream: request sent","status":"200 OK"}
{"time":"2026-08-30T05:28:46.354475341+02:00","level":"INFO","msg":"filestream: sending request","total_files":1,"events_offset":96,"events_lines":2}
{"time":"2026-08-30T05:28:46.703007949+02:00","level":"INFO","msg":"filestream: request sent","status":"200 OK"}
{"time":"2026-08-30T05:29:01.354489121+02:00","level":"INFO","msg":"filestream: sending request","total_files":1,"events_offset":98,"events_lines":2}
{"time":"2026-08-30T05:29:01.741745893+02:00","level":"INFO","msg":"filestream: request sent","status":"200 OK"}
{"time":"2026-08-30T05:29:16.354455777+02:00","level":"INFO","msg":"filestream: sending request","total_files":1,"events_offset":100,"events_lines":2}
{"time":"2026-08-30T05:29:16.706768355+02:00","level":"INFO","msg":"filestream: request sent","status":"200 OK"}
{"time":"2026-08-30T05:29:31.354161498+02:00","level":"INFO","msg":"filestream: sending request","total_files":1,"events_offset":102,"events_lines":2}
{"time":"2026-08-30T05:29:31.717463245+02:00","level":"INFO","msg":"filestream: request sent","status":"200 OK"}
{"time":"2026-08-30T05:29:46.354977269+02:00","level":"INFO","msg":"filestream: sending request","total_files":1,"events_offset":104,"events_lines":2}
{"time":"2026-08-30T05:29:46.725200112+02:00","level":"INFO","msg":"filestream: request sent","status":"200 OK"}
{"time":"2026-08-30T05:30:01.355154015+02:00","level":"INFO","msg":"filestream: sending request","total_files":4,"history_offset":91,"history_lines":3,"events_offset":106,"events_lines":2,"console_offset":24,"console_lines":1}
{"time":"2026-08-30T05:30:01.709744665+02:00","level":"INFO","msg":"filestream: request sent","status":"200 OK"}
{"time":"2026-08-30T05:30:16.354800566+02:00","level":"INFO","msg":"filestream: sending request","total_files":1,"events_offset":108,"events_lines":2}
{"time":"2026-08-30T05:30:16.714221964+02:00","level":"INFO","msg":"filestream: request sent","status":"200 OK"}
{"time":"2026-08-30T05:30:31.354395854+02:00","level":"INFO","msg":"filestream: sending request","total_files":1,"events_offset":110,"events_lines":2}
{"time":"2026-08-30T05:30:31.690292689+02:00","level":"INFO","msg":"filestream: request sent","status":"200 OK"}
{"time":"2026-08-30T05:30:46.353974609+02:00","level":"INFO","msg":"filestream: sending request","total_files":1,"events_offset":112,"events_lines":2}
{"time":"2026-08-30T05:30:47.441569271+02:00","level":"INFO","msg":"filestream: request sent","status":"200 OK"}
{"time":"2026-08-30T05:31:01.354397321+02:00","level":"INFO","msg":"filestream: sending request","total_files":1,"events_offset":114,"events_lines":2}
{"time":"2026-08-30T05:31:01.714430929+02:00","level":"INFO","msg":"filestream: request sent","status":"200 OK"}
{"time":"2026-08-30T05:31:16.354947917+02:00","level":"INFO","msg":"filestream: sending request","total_files":1,"events_offset":116,"events_lines":2}
{"time":"2026-08-30T05:31:16.701639753+02:00","level":"INFO","msg":"filestream: request sent","status":"200 OK"}
{"time":"2026-08-30T05:31:31.3542224+02:00","level":"INFO","msg":"filestream: sending request","total_files":1,"events_offset":118,"events_lines":2}
{"time":"2026-08-30T05:31:31.696358332+02:00","level":"INFO","msg":"filestream: request sent","status":"200 OK"}
{"time":"2026-08-30T05:31:46.354229318+02:00","level":"INFO","msg":"filestream: sending request","total_files":1,"events_offset":120,"events_lines":2}
{"time":"2026-08-30T05:31:46.70320139+02:00","level":"INFO","msg":"filestream: request sent","status":"200 OK"}
{"time":"2026-08-30T05:32:01.354762471+02:00","level":"INFO","msg":"filestream: sending request","total_files":4,"history_offset":94,"history_lines":11,"events_offset":122,"events_lines":2,"console_offset":25,"console_lines":1}
{"time":"2026-08-30T05:32:01.713922547+02:00","level":"INFO","msg":"filestream: request sent","status":"200 OK"}
{"time":"2026-08-30T05:32:16.354552963+02:00","level":"INFO","msg":"filestream: sending request","total_files":1,"events_offset":124,"events_lines":2}
{"time":"2026-08-30T05:32:16.758911829+02:00","level":"INFO","msg":"filestream: request sent","status":"200 OK"}
{"time":"2026-08-30T05:32:31.354628318+02:00","level":"INFO","msg":"filestream: sending request","total_files":1,"events_offset":126,"events_lines":2}
{"time":"2026-08-30T05:32:31.715528209+02:00","level":"INFO","msg":"filestream: request sent","status":"200 OK"}
{"time":"2026-08-30T05:32:46.354568299+02:00","level":"INFO","msg":"filestream: sending request","total_files":1,"events_offset":128,"events_lines":2}
{"time":"2026-08-30T05:32:46.689643059+02:00","level":"INFO","msg":"filestream: request sent","status":"200 OK"}
{"time":"2026-08-30T05:33:01.354285757+02:00","level":"INFO","msg":"filestream: sending request","total_files":3,"history_offset":105,"history_lines":2,"events_offset":130,"events_lines":2}
{"time":"2026-08-30T05:33:01.728769817+02:00","level":"INFO","msg":"filestream: request sent","status":"200 OK"}
{"time":"2026-08-30T05:33:16.354926787+02:00","level":"INFO","msg":"filestream: sending request","total_files":4,"history_offset":107,"history_lines":2,"events_offset":132,"events_lines":2,"console_offset":26,"console_lines":1}
{"time":"2026-08-30T05:33:16.726865699+02:00","level":"INFO","msg":"filestream: request sent","status":"200 OK"}
{"time":"2026-08-30T05:33:31.354366596+02:00","level":"INFO","msg":"filestream: sending request","total_files":1,"events_offset":134,"events_lines":2}
{"time":"2026-08-30T05:33:31.731019518+02:00","level":"INFO","msg":"filestream: request sent","status":"200 OK"}
{"time":"2026-08-30T05:33:46.354611943+02:00","level":"INFO","msg":"filestream: sending request","total_files":1,"events_offset":136,"events_lines":2}
{"time":"2026-08-30T05:33:46.723082086+02:00","level":"INFO","msg":"filestream: request sent","status":"200 OK"}
{"time":"2026-08-30T05:34:01.354433167+02:00","level":"INFO","msg":"filestream: sending request","total_files":1,"events_offset":138,"events_lines":2}
{"time":"2026-08-30T05:34:01.713490383+02:00","level":"INFO","msg":"filestream: request sent","status":"200 OK"}
{"time":"2026-08-30T05:34:16.354459988+02:00","level":"INFO","msg":"filestream: sending request","total_files":4,"history_offset":109,"history_lines":10,"events_offset":140,"events_lines":2,"console_offset":27,"console_lines":1}
{"time":"2026-08-30T05:34:16.689634067+02:00","level":"INFO","msg":"filestream: request sent","status":"200 OK"}
{"time":"2026-08-30T05:34:31.354672978+02:00","level":"INFO","msg":"filestream: sending request","total_files":1,"events_offset":142,"events_lines":2}
{"time":"2026-08-30T05:34:31.702390145+02:00","level":"INFO","msg":"filestream: request sent","status":"200 OK"}
{"time":"2026-08-30T05:34:46.354754564+02:00","level":"INFO","msg":"filestream: sending request","total_files":1,"events_offset":144,"events_lines":2}
{"time":"2026-08-30T05:34:46.696554899+02:00","level":"INFO","msg":"filestream: request sent","status":"200 OK"}
{"time":"2026-08-30T05:35:01.354557946+02:00","level":"INFO","msg":"filestream: sending request","total_files":1,"events_offset":146,"events_lines":2}
{"time":"2026-08-30T05:35:01.703196783+02:00","level":"INFO","msg":"filestream: request sent","status":"200 OK"}
{"time":"2026-08-30T05:35:16.35451603+02:00","level":"INFO","msg":"filestream: sending request","total_files":1,"events_offset":148,"events_lines":2}
{"time":"2026-08-30T05:35:16.706331757+02:00","level":"INFO","msg":"filestream: request sent","status":"200 OK"}
{"time":"2026-08-30T05:35:31.354613331+02:00","level":"INFO","msg":"filestream: sending request","total_files":4,"history_offset":119,"history_lines":7,"events_offset":150,"events_lines":2,"console_offset":28,"console_lines":1}
{"time":"2026-08-30T05:35:31.694007301+02:00","level":"INFO","msg":"filestream: request sent","status":"200 OK"}
{"time":"2026-08-30T05:35:46.354916524+02:00","level":"INFO","msg":"filestream: sending request","total_files":1,"events_offset":152,"events_lines":2}
{"time":"2026-08-30T05:35:46.696484361+02:00","level":"INFO","msg":"filestream: request sent","status":"200 OK"}
{"time":"2026-08-30T05:36:01.354787654+02:00","level":"INFO","msg":"filestream: sending request","total_files":1,"events_offset":154,"events_lines":2}
{"time":"2026-08-30T05:36:01.685606783+02:00","level":"INFO","msg":"filestream: request sent","status":"200 OK"}
{"time":"2026-08-30T05:36:16.354235103+02:00","level":"INFO","msg":"filestream: sending request","total_files":3,"history_offset":126,"history_lines":6,"events_offset":156,"events_lines":2}
{"time":"2026-08-30T05:36:16.693042396+02:00","level":"INFO","msg":"filestream: request sent","status":"200 OK"}
{"time":"2026-08-30T05:36:31.354512532+02:00","level":"INFO","msg":"filestream: sending request","total_files":4,"history_offset":132,"history_lines":2,"events_offset":158,"events_lines":2,"console_offset":29,"console_lines":6}
{"time":"2026-08-30T05:36:31.713208574+02:00","level":"INFO","msg":"filestream: request sent","status":"200 OK"}
{"time":"2026-08-30T05:36:46.354886851+02:00","level":"INFO","msg":"filestream: sending request","total_files":1,"events_offset":160,"events_lines":2,"uploaded_len":1}
{"time":"2026-08-30T05:36:46.711383704+02:00","level":"INFO","msg":"filestream: request sent","status":"200 OK"}
{"time":"2026-08-30T05:37:01.35497403+02:00","level":"INFO","msg":"filestream: sending request","total_files":1,"events_offset":162,"events_lines":2}
{"time":"2026-08-30T05:37:01.735853105+02:00","level":"INFO","msg":"filestream: request sent","status":"200 OK"}
{"time":"2026-08-30T05:37:16.353994084+02:00","level":"INFO","msg":"filestream: sending request","total_files":1,"events_offset":164,"events_lines":2}
{"time":"2026-08-30T05:37:16.699297155+02:00","level":"INFO","msg":"filestream: request sent","status":"200 OK"}
{"time":"2026-08-30T05:37:31.354949748+02:00","level":"INFO","msg":"filestream: sending request","total_files":1,"events_offset":166,"events_lines":2}
{"time":"2026-08-30T05:37:31.705505818+02:00","level":"INFO","msg":"filestream: request sent","status":"200 OK"}
{"time":"2026-08-30T05:37:46.354654518+02:00","level":"INFO","msg":"filestream: sending request","total_files":1,"events_offset":168,"events_lines":2}
{"time":"2026-08-30T05:37:46.700144867+02:00","level":"INFO","msg":"filestream: request sent","status":"200 OK"}
{"time":"2026-08-30T05:38:01.35478481+02:00","level":"INFO","msg":"filestream: sending request","total_files":1,"events_offset":170,"events_lines":2}
{"time":"2026-08-30T05:38:01.699053863+02:00","level":"INFO","msg":"filestream: request sent","status":"200 OK"}
{"time":"2026-08-30T05:38:16.354393758+02:00","level":"INFO","msg":"filestream: sending request","total_files":1,"events_offset":172,"events_lines":2}
{"time":"2026-08-30T05:38:17.435442+02:00","level":"INFO","msg":"filestream: request sent","status":"200 OK"}
{"time":"2026-08-30T05:38:31.354825611+02:00","level":"INFO","msg":"filestream: sending request","total_files":1,"events_offset":174,"events_lines":2}
{"time":"2026-08-30T05:38:31.712999479+02:00","level":"INFO","msg":"filestream: request sent","status":"200 OK"}
{"time":"2026-08-30T05:38:46.354888575+02:00","level":"INFO","msg":"filestream: sending request","total_files":1,"events_offset":176,"events_lines":2}
{"time":"2026-08-30T05:38:46.716202563+02:00","level":"INFO","msg":"filestream: request sent","status":"200 OK"}
{"time":"2026-08-30T05:39:01.354063053+02:00","level":"INFO","msg":"filestream: sending request","total_files":1,"events_offset":178,"events_lines":2}
{"time":"2026-08-30T05:39:01.697433024+02:00","level":"INFO","msg":"filestream: request sent","status":"200 OK"}
{"time":"2026-08-30T05:39:16.354315075+02:00","level":"INFO","msg":"filestream: sending request","total_files":1,"events_offset":180,"events_lines":2}
{"time":"2026-08-30T05:39:16.69260828+02:00","level":"INFO","msg":"filestream: request sent","status":"200 OK"}
{"time":"2026-08-30T05:39:31.353994432+02:00","level":"INFO","msg":"filestream: sending request","total_files":1,"events_offset":182,"events_lines":2}
{"time":"2026-08-30T05:39:31.73052994+02:00","level":"INFO","msg":"filestream: request sent","status":"200 OK"}
{"time":"2026-08-30T05:39:46.354466619+02:00","level":"INFO","msg":"filestream: sending request","total_files":1,"events_offset":184,"events_lines":2}
{"time":"2026-08-30T05:39:46.701763722+02:00","level":"INFO","msg":"filestream: request sent","status":"200 OK"}
{"time":"2026-08-30T05:40:01.35408368+02:00","level":"INFO","msg":"filestream: sending request","total_files":1,"events_offset":186,"events_lines":2}
{"time":"2026-08-30T05:40:01.70138315+02:00","level":"INFO","msg":"filestream: request sent","status":"200 OK"}
{"time":"2026-08-30T05:40:16.354409622+02:00","level":"INFO","msg":"filestream: sending request","total_files":1,"events_offset":188,"events_lines":2}
{"time":"2026-08-30T05:40:16.702411534+02:00","level":"INFO","msg":"filestream: request sent","status":"200 OK"}
{"time":"2026-08-30T05:40:31.354755474+02:00","level":"INFO","msg":"filestream: sending request","total_files":1,"events_offset":190,"events_lines":2}
{"time":"2026-08-30T05:40:31.714762873+02:00","level":"INFO","msg":"filestream: request sent","status":"200 OK"}
{"time":"2026-08-30T05:40:46.354694526+02:00","level":"INFO","msg":"filestream: sending request","total_files":1,"events_offset":192,"events_lines":2}
{"time":"2026-08-30T05:40:46.700603714+02:00","level":"INFO","msg":"filestream: request sent","status":"200 OK"}
{"time":"2026-08-30T05:41:01.354546697+02:00","level":"INFO","msg":"filestream: sending request","total_files":1,"events_offset":194,"events_lines":2}
{"time":"2026-08-30T05:41:01.717526017+02:00","level":"INFO","msg":"filestream: request sent","status":"200 OK"}
{"time":"2026-08-30T05:41:16.354976937+02:00","level":"INFO","msg":"filestream: sending request","total_files":1,"events_offset":196,"events_lines":2}
{"time":"2026-08-30T05:41:16.703826538+02:00","level":"INFO","msg":"filestream: request sent","status":"200 OK"}
{"time":"2026-08-30T05:41:31.354674271+02:00","level":"INFO","msg":"filestream: sending request","total_files":1,"events_offset":198,"events_lines":2}
{"time":"2026-08-30T05:41:31.726091872+02:00","level":"INFO","msg":"filestream: request sent","status":"200 OK"}
{"time":"2026-08-30T05:41:46.354671594+02:00","level":"INFO","msg":"filestream: sending request","total_files":1,"events_offset":200,"events_lines":2}
{"time":"2026-08-30T05:41:46.703498582+02:00","level":"INFO","msg":"filestream: request sent","status":"200 OK"}
{"time":"2026-08-30T05:42:01.354759277+02:00","level":"INFO","msg":"filestream: sending request","total_files":1,"events_offset":202,"events_lines":2}
{"time":"2026-08-30T05:42:01.6954881+02:00","level":"INFO","msg":"filestream: request sent","status":"200 OK"}
{"time":"2026-08-30T05:42:16.354484246+02:00","level":"INFO","msg":"filestream: sending request","total_files":1,"events_offset":204,"events_lines":2}
{"time":"2026-08-30T05:42:16.702097582+02:00","level":"INFO","msg":"filestream: request sent","status":"200 OK"}
{"time":"2026-08-30T05:42:31.354846956+02:00","level":"INFO","msg":"filestream: sending request","total_files":1,"events_offset":206,"events_lines":2}
{"time":"2026-08-30T05:42:31.760363673+02:00","level":"INFO","msg":"filestream: request sent","status":"200 OK"}
{"time":"2026-08-30T05:42:46.354741887+02:00","level":"INFO","msg":"filestream: sending request","total_files":1,"events_offset":208,"events_lines":2}
{"time":"2026-08-30T05:42:46.689686842+02:00","level":"INFO","msg":"filestream: request sent","status":"200 OK"}
{"time":"2026-08-30T05:43:01.354676874+02:00","level":"INFO","msg":"filestream: sending request","total_files":1,"events_offset":210,"events_lines":2}
{"time":"2026-08-30T05:43:01.704097799+02:00","level":"INFO","msg":"filestream: request sent","status":"200 OK"}
{"time":"2026-08-30T05:43:16.354709621+02:00","level":"INFO","msg":"filestream: sending request","total_files":1,"events_offset":212,"events_lines":2}
{"time":"2026-08-30T05:43:16.711034064+02:00","level":"INFO","msg":"filestream: request sent","status":"200 OK"}
{"time":"2026-08-30T05:43:31.354823886+02:00","level":"INFO","msg":"filestream: sending request","total_files":1,"events_offset":214,"events_lines":2}
{"time":"2026-08-30T05:43:31.694553168+02:00","level":"INFO","msg":"filestream: request sent","status":"200 OK"}
{"time":"2026-08-30T05:43:46.354267429+02:00","level":"INFO","msg":"filestream: sending request","total_files":1,"events_offset":216,"events_lines":2}
{"time":"2026-08-30T05:43:46.73197414+02:00","level":"INFO","msg":"filestream: request sent","status":"200 OK"}
{"time":"2026-08-30T05:44:01.354688984+02:00","level":"INFO","msg":"filestream: sending request","total_files":1,"events_offset":218,"events_lines":2}
{"time":"2026-08-30T05:44:01.73716595+02:00","level":"INFO","msg":"filestream: request sent","status":"200 OK"}
{"time":"2026-08-30T05:44:16.354894462+02:00","level":"INFO","msg":"filestream: sending request","total_files":1,"events_offset":220,"events_lines":2}
{"time":"2026-08-30T05:44:16.711541685+02:00","level":"INFO","msg":"filestream: request sent","status":"200 OK"}
{"time":"2026-08-30T05:44:31.354189562+02:00","level":"INFO","msg":"filestream: sending request","total_files":1,"events_offset":222,"events_lines":2}
{"time":"2026-08-30T05:44:31.715242278+02:00","level":"INFO","msg":"filestream: request sent","status":"200 OK"}
{"time":"2026-08-30T05:44:46.35445533+02:00","level":"INFO","msg":"filestream: sending request","total_files":1,"events_offset":224,"events_lines":2}
{"time":"2026-08-30T05:44:46.717335473+02:00","level":"INFO","msg":"filestream: request sent","status":"200 OK"}
{"time":"2026-08-30T05:45:01.35443378+02:00","level":"INFO","msg":"filestream: sending request","total_files":1,"events_offset":226,"events_lines":2}
{"time":"2026-08-30T05:45:01.714010166+02:00","level":"INFO","msg":"filestream: request sent","status":"200 OK"}
{"time":"2026-08-30T05:45:16.354747752+02:00","level":"INFO","msg":"filestream: sending request","total_files":1,"events_offset":228,"events_lines":2}
{"time":"2026-08-30T05:45:16.740719888+02:00","level":"INFO","msg":"filestream: request sent","status":"200 OK"}
{"time":"2026-08-30T05:45:31.354277849+02:00","level":"INFO","msg":"filestream: sending request","total_files":1,"events_offset":230,"events_lines":2}
{"time":"2026-08-30T05:45:31.69786332+02:00","level":"INFO","msg":"filestream: request sent","status":"200 OK"}
{"time":"2026-08-30T05:45:46.354289562+02:00","level":"INFO","msg":"filestream: sending request","total_files":1,"events_offset":232,"events_lines":2}
{"time":"2026-08-30T05:45:46.710173003+02:00","level":"INFO","msg":"filestream: request sent","status":"200 OK"}
{"time":"2026-08-30T05:46:01.354412878+02:00","level":"INFO","msg":"filestream: sending request","total_files":1,"events_offset":234,"events_lines":2}
{"time":"2026-08-30T05:46:01.709504544+02:00","level":"INFO","msg":"filestream: request sent","status":"200 OK"}
{"time":"2026-08-30T05:46:16.354619671+02:00","level":"INFO","msg":"filestream: sending request","total_files":1,"events_offset":236,"events_lines":2}
{"time":"2026-08-30T05:46:16.710437292+02:00","level":"INFO","msg":"filestream: request sent","status":"200 OK"}
{"time":"2026-08-30T05:46:31.354630145+02:00","level":"INFO","msg":"filestream: sending request","total_files":1,"events_offset":238,"events_lines":2}
{"time":"2026-08-30T05:46:31.711182844+02:00","level":"INFO","msg":"filestream: request sent","status":"200 OK"}
{"time":"2026-08-30T05:46:46.35442347+02:00","level":"INFO","msg":"filestream: sending request","total_files":1,"events_offset":240,"events_lines":2}
{"time":"2026-08-30T05:46:47.462271496+02:00","level":"INFO","msg":"filestream: request sent","status":"200 OK"}
{"time":"2026-08-30T05:47:01.354736124+02:00","level":"INFO","msg":"filestream: sending request","total_files":1,"events_offset":242,"events_lines":2}
{"time":"2026-08-30T05:47:01.688531279+02:00","level":"INFO","msg":"filestream: request sent","status":"200 OK"}
{"time":"2026-08-30T05:47:16.354650145+02:00","level":"INFO","msg":"filestream: sending request","total_files":1,"events_offset":244,"events_lines":2}
{"time":"2026-08-30T05:47:16.726382816+02:00","level":"INFO","msg":"filestream: request sent","status":"200 OK"}
{"time":"2026-08-30T05:47:31.354166383+02:00","level":"INFO","msg":"filestream: sending request","total_files":1,"events_offset":246,"events_lines":2}
{"time":"2026-08-30T05:47:31.703405893+02:00","level":"INFO","msg":"filestream: request sent","status":"200 OK"}
{"time":"2026-08-30T05:47:46.354206528+02:00","level":"INFO","msg":"filestream: sending request","total_files":1,"events_offset":248,"events_lines":2}
{"time":"2026-08-30T05:47:46.693844532+02:00","level":"INFO","msg":"filestream: request sent","status":"200 OK"}
{"time":"2026-08-30T05:48:01.354925414+02:00","level":"INFO","msg":"filestream: sending request","total_files":1,"events_offset":250,"events_lines":2}
{"time":"2026-08-30T05:48:01.703871056+02:00","level":"INFO","msg":"filestream: request sent","status":"200 OK"}
{"time":"2026-08-30T05:48:16.354624148+02:00","level":"INFO","msg":"filestream: sending request","total_files":1,"events_offset":252,"events_lines":2}
{"time":"2026-08-30T05:48:16.712025746+02:00","level":"INFO","msg":"filestream: request sent","status":"200 OK"}
{"time":"2026-08-30T05:48:31.35404997+02:00","level":"INFO","msg":"filestream: sending request","total_files":1,"events_offset":254,"events_lines":2}
{"time":"2026-08-30T05:48:31.708773646+02:00","level":"INFO","msg":"filestream: request sent","status":"200 OK"}
{"time":"2026-08-30T05:48:46.354486114+02:00","level":"INFO","msg":"filestream: sending request","total_files":1,"events_offset":256,"events_lines":2}
{"time":"2026-08-30T05:48:46.694720458+02:00","level":"INFO","msg":"filestream: request sent","status":"200 OK"}
{"time":"2026-08-30T05:49:01.354302279+02:00","level":"INFO","msg":"filestream: sending request","total_files":1,"events_offset":258,"events_lines":2}
{"time":"2026-08-30T05:49:01.696448949+02:00","level":"INFO","msg":"filestream: request sent","status":"200 OK"}
{"time":"2026-08-30T05:49:16.354292252+02:00","level":"INFO","msg":"filestream: sending request","total_files":1,"events_offset":260,"events_lines":2}
{"time":"2026-08-30T05:49:16.698567556+02:00","level":"INFO","msg":"filestream: request sent","status":"200 OK"}
{"time":"2026-08-30T05:49:31.354933367+02:00","level":"INFO","msg":"filestream: sending request","total_files":1,"events_offset":262,"events_lines":2}
{"time":"2026-08-30T05:49:31.734099013+02:00","level":"INFO","msg":"filestream: request sent","status":"200 OK"}
{"time":"2026-08-30T05:49:46.354047259+02:00","level":"INFO","msg":"filestream: sending request","total_files":4,"history_offset":134,"history_lines":1,"events_offset":264,"events_lines":2,"console_offset":35,"console_lines":1}
{"time":"2026-08-30T05:49:46.704677877+02:00","level":"INFO","msg":"filestream: request sent","status":"200 OK"}
{"time":"2026-08-30T05:50:01.354194923+02:00","level":"INFO","msg":"filestream: sending request","total_files":1,"events_offset":266,"events_lines":2}
{"time":"2026-08-30T05:50:01.709870819+02:00","level":"INFO","msg":"filestream: request sent","status":"200 OK"}
{"time":"2026-08-30T05:50:16.354284457+02:00","level":"INFO","msg":"filestream: sending request","total_files":1,"events_offset":268,"events_lines":2}
{"time":"2026-08-30T05:50:16.703526299+02:00","level":"INFO","msg":"filestream: request sent","status":"200 OK"}
{"time":"2026-08-30T05:50:31.354494673+02:00","level":"INFO","msg":"filestream: sending request","total_files":4,"history_offset":135,"history_lines":14,"events_offset":270,"events_lines":2,"console_offset":36,"console_lines":1}
{"time":"2026-08-30T05:50:31.700897116+02:00","level":"INFO","msg":"filestream: request sent","status":"200 OK"}
{"time":"2026-08-30T05:50:46.354015615+02:00","level":"INFO","msg":"filestream: sending request","total_files":1,"events_offset":272,"events_lines":2}
{"time":"2026-08-30T05:50:46.701577678+02:00","level":"INFO","msg":"filestream: request sent","status":"200 OK"}
{"time":"2026-08-30T05:51:01.354808096+02:00","level":"INFO","msg":"filestream: sending request","total_files":1,"events_offset":274,"events_lines":2}
{"time":"2026-08-30T05:51:01.702335836+02:00","level":"INFO","msg":"filestream: request sent","status":"200 OK"}
{"time":"2026-08-30T05:51:16.354964602+02:00","level":"INFO","msg":"filestream: sending request","total_files":1,"events_offset":276,"events_lines":2}
{"time":"2026-08-30T05:51:16.711258292+02:00","level":"INFO","msg":"filestream: request sent","status":"200 OK"}
{"time":"2026-08-30T05:51:31.354284642+02:00","level":"INFO","msg":"filestream: sending request","total_files":1,"events_offset":278,"events_lines":2}
{"time":"2026-08-30T05:51:31.705470667+02:00","level":"INFO","msg":"filestream: request sent","status":"200 OK"}
{"time":"2026-08-30T05:51:46.354440817+02:00","level":"INFO","msg":"filestream: sending request","total_files":4,"history_offset":149,"history_lines":5,"events_offset":280,"events_lines":2,"console_offset":37,"console_lines":1}
{"time":"2026-08-30T05:51:46.698196586+02:00","level":"INFO","msg":"filestream: request sent","status":"200 OK"}
{"time":"2026-08-30T05:52:01.354688296+02:00","level":"INFO","msg":"filestream: sending request","total_files":1,"events_offset":282,"events_lines":2}
{"time":"2026-08-30T05:52:01.705837425+02:00","level":"INFO","msg":"filestream: request sent","status":"200 OK"}
{"time":"2026-08-30T05:52:16.354765516+02:00","level":"INFO","msg":"filestream: sending request","total_files":1,"events_offset":284,"events_lines":2}
{"time":"2026-08-30T05:52:16.693047351+02:00","level":"INFO","msg":"filestream: request sent","status":"200 OK"}
{"time":"2026-08-30T05:52:31.354320136+02:00","level":"INFO","msg":"filestream: sending request","total_files":1,"events_offset":286,"events_lines":2}
{"time":"2026-08-30T05:52:31.685185245+02:00","level":"INFO","msg":"filestream: request sent","status":"200 OK"}
{"time":"2026-08-30T05:52:46.354988939+02:00","level":"INFO","msg":"filestream: sending request","total_files":1,"events_offset":288,"events_lines":2}
{"time":"2026-08-30T05:52:46.682775873+02:00","level":"INFO","msg":"filestream: request sent","status":"200 OK"}
{"time":"2026-08-30T05:53:01.354343728+02:00","level":"INFO","msg":"filestream: sending request","total_files":1,"events_offset":290,"events_lines":2}
{"time":"2026-08-30T05:53:01.707743588+02:00","level":"INFO","msg":"filestream: request sent","status":"200 OK"}
{"time":"2026-08-30T05:53:16.354149731+02:00","level":"INFO","msg":"filestream: sending request","total_files":4,"history_offset":154,"history_lines":9,"events_offset":292,"events_lines":2,"console_offset":38,"console_lines":1}
{"time":"2026-08-30T05:53:16.751426266+02:00","level":"INFO","msg":"filestream: request sent","status":"200 OK"}
{"time":"2026-08-30T05:53:31.354442216+02:00","level":"INFO","msg":"filestream: sending request","total_files":1,"events_offset":294,"events_lines":2}
{"time":"2026-08-30T05:53:31.709676956+02:00","level":"INFO","msg":"filestream: request sent","status":"200 OK"}
{"time":"2026-08-30T05:53:46.354380578+02:00","level":"INFO","msg":"filestream: sending request","total_files":1,"events_offset":296,"events_lines":2}
{"time":"2026-08-30T05:53:46.729735664+02:00","level":"INFO","msg":"filestream: request sent","status":"200 OK"}
{"time":"2026-08-30T05:54:01.354123115+02:00","level":"INFO","msg":"filestream: sending request","total_files":1,"events_offset":298,"events_lines":2}
{"time":"2026-08-30T05:54:01.683247746+02:00","level":"INFO","msg":"filestream: request sent","status":"200 OK"}
{"time":"2026-08-30T05:54:16.354028694+02:00","level":"INFO","msg":"filestream: sending request","total_files":4,"history_offset":163,"history_lines":7,"events_offset":300,"events_lines":2,"console_offset":39,"console_lines":1}
{"time":"2026-08-30T05:54:16.706784239+02:00","level":"INFO","msg":"filestream: request sent","status":"200 OK"}
{"time":"2026-08-30T05:54:31.354899501+02:00","level":"INFO","msg":"filestream: sending request","total_files":1,"events_offset":302,"events_lines":2}
{"time":"2026-08-30T05:54:31.718257106+02:00","level":"INFO","msg":"filestream: request sent","status":"200 OK"}
{"time":"2026-08-30T05:54:46.354958826+02:00","level":"INFO","msg":"filestream: sending request","total_files":1,"events_offset":304,"events_lines":2}
{"time":"2026-08-30T05:54:46.706106784+02:00","level":"INFO","msg":"filestream: request sent","status":"200 OK"}
{"time":"2026-08-30T05:55:01.354630792+02:00","level":"INFO","msg":"filestream: sending request","total_files":3,"history_offset":170,"history_lines":7,"events_offset":306,"events_lines":2}
{"time":"2026-08-30T05:55:01.724173533+02:00","level":"INFO","msg":"filestream: request sent","status":"200 OK"}
{"time":"2026-08-30T05:55:16.354771454+02:00","level":"INFO","msg":"filestream: sending request","total_files":4,"history_offset":177,"history_lines":2,"events_offset":308,"events_lines":2,"console_offset":40,"console_lines":1}
{"time":"2026-08-30T05:55:16.692175804+02:00","level":"INFO","msg":"filestream: request sent","status":"200 OK"}
{"time":"2026-08-30T05:55:31.353989625+02:00","level":"INFO","msg":"filestream: sending request","total_files":1,"events_offset":310,"events_lines":2}
{"time":"2026-08-30T05:55:31.706410347+02:00","level":"INFO","msg":"filestream: request sent","status":"200 OK"}
{"time":"2026-08-30T05:55:46.354284849+02:00","level":"INFO","msg":"filestream: sending request","total_files":1,"events_offset":312,"events_lines":2}
{"time":"2026-08-30T05:55:46.698757432+02:00","level":"INFO","msg":"filestream: request sent","status":"200 OK"}
{"time":"2026-08-30T05:56:01.354765006+02:00","level":"INFO","msg":"filestream: sending request","total_files":3,"history_offset":179,"history_lines":9,"events_offset":314,"events_lines":2}
{"time":"2026-08-30T05:56:01.707867705+02:00","level":"INFO","msg":"filestream: request sent","status":"200 OK"}
{"time":"2026-08-30T05:56:16.354400339+02:00","level":"INFO","msg":"filestream: sending request","total_files":4,"history_offset":188,"history_lines":2,"events_offset":316,"events_lines":2,"console_offset":41,"console_lines":1}
{"time":"2026-08-30T05:56:16.711831191+02:00","level":"INFO","msg":"filestream: request sent","status":"200 OK"}
{"time":"2026-08-30T05:56:31.354633472+02:00","level":"INFO","msg":"filestream: sending request","total_files":1,"events_offset":318,"events_lines":2}
{"time":"2026-08-30T05:56:31.697269806+02:00","level":"INFO","msg":"filestream: request sent","status":"200 OK"}
{"time":"2026-08-30T05:56:46.354354063+02:00","level":"INFO","msg":"filestream: sending request","total_files":1,"events_offset":320,"events_lines":2}
{"time":"2026-08-30T05:56:46.695725277+02:00","level":"INFO","msg":"filestream: request sent","status":"200 OK"}
{"time":"2026-08-30T05:57:01.354365195+02:00","level":"INFO","msg":"filestream: sending request","total_files":1,"events_offset":322,"events_lines":2}
{"time":"2026-08-30T05:57:01.68800665+02:00","level":"INFO","msg":"filestream: request sent","status":"200 OK"}
{"time":"2026-08-30T05:57:16.354408991+02:00","level":"INFO","msg":"filestream: sending request","total_files":4,"history_offset":190,"history_lines":8,"events_offset":324,"events_lines":2,"console_offset":42,"console_lines":1}
{"time":"2026-08-30T05:57:16.700950631+02:00","level":"INFO","msg":"filestream: request sent","status":"200 OK"}
{"time":"2026-08-30T05:57:31.354772825+02:00","level":"INFO","msg":"filestream: sending request","total_files":1,"events_offset":326,"events_lines":2}
{"time":"2026-08-30T05:57:31.705770891+02:00","level":"INFO","msg":"filestream: request sent","status":"200 OK"}
{"time":"2026-08-30T05:57:46.354627203+02:00","level":"INFO","msg":"filestream: sending request","total_files":1,"events_offset":328,"events_lines":2}
{"time":"2026-08-30T05:57:46.687239713+02:00","level":"INFO","msg":"filestream: request sent","status":"200 OK"}
{"time":"2026-08-30T05:58:01.354525206+02:00","level":"INFO","msg":"filestream: sending request","total_files":3,"history_offset":198,"history_lines":7,"events_offset":330,"events_lines":2}
{"time":"2026-08-30T05:58:01.718129116+02:00","level":"INFO","msg":"filestream: request sent","status":"200 OK"}
{"time":"2026-08-30T05:58:16.354928433+02:00","level":"INFO","msg":"filestream: sending request","total_files":4,"history_offset":205,"history_lines":2,"events_offset":332,"events_lines":2,"console_offset":43,"console_lines":1}
{"time":"2026-08-30T05:58:16.722527645+02:00","level":"INFO","msg":"filestream: request sent","status":"200 OK"}
{"time":"2026-08-30T05:58:31.354286108+02:00","level":"INFO","msg":"filestream: sending request","total_files":1,"events_offset":334,"events_lines":2}
{"time":"2026-08-30T05:58:31.692002919+02:00","level":"INFO","msg":"filestream: request sent","status":"200 OK"}
{"time":"2026-08-30T05:58:46.35445503+02:00","level":"INFO","msg":"filestream: sending request","total_files":1,"events_offset":336,"events_lines":2}
{"time":"2026-08-30T05:58:46.709102511+02:00","level":"INFO","msg":"filestream: request sent","status":"200 OK"}
{"time":"2026-08-30T05:59:01.354406636+02:00","level":"INFO","msg":"filestream: sending request","total_files":1,"events_offset":338,"events_lines":2}
{"time":"2026-08-30T05:59:01.725329151+02:00","level":"INFO","msg":"filestream: request sent","status":"200 OK"}
{"time":"2026-08-30T05:59:16.354531031+02:00","level":"INFO","msg":"filestream: sending request","total_files":4,"history_offset":207,"history_lines":10,"events_offset":340,"events_lines":2,"console_offset":44,"console_lines":1}
{"time":"2026-08-30T05:59:16.694058216+02:00","level":"INFO","msg":"filestream: request sent","status":"200 OK"}
{"time":"2026-08-30T05:59:31.354678131+02:00","level":"INFO","msg":"filestream: sending request","total_files":1,"events_offset":342,"events_lines":2}
{"time":"2026-08-30T05:59:31.711021927+02:00","level":"INFO","msg":"filestream: request sent","status":"200 OK"}
{"time":"2026-08-30T05:59:46.354957251+02:00","level":"INFO","msg":"filestream: sending request","total_files":1,"events_offset":344,"events_lines":2}
{"time":"2026-08-30T05:59:46.708731187+02:00","level":"INFO","msg":"filestream: request sent","status":"200 OK"}
{"time":"2026-08-30T06:00:01.354829823+02:00","level":"INFO","msg":"filestream: sending request","total_files":1,"events_offset":346,"events_lines":2}
{"time":"2026-08-30T06:00:01.712355866+02:00","level":"INFO","msg":"filestream: request sent","status":"200 OK"}
{"time":"2026-08-30T06:00:16.35475058+02:00","level":"INFO","msg":"filestream: sending request","total_files":1,"events_offset":348,"events_lines":2}
{"time":"2026-08-30T06:00:16.699530263+02:00","level":"INFO","msg":"filestream: request sent","status":"200 OK"}
{"time":"2026-08-30T06:00:31.354349234+02:00","level":"INFO","msg":"filestream: sending request","total_files":1,"events_offset":350,"events_lines":2}
{"time":"2026-08-30T06:00:31.71721571+02:00","level":"INFO","msg":"filestream: request sent","status":"200 OK"}
{"time":"2026-08-30T06:00:46.354293402+02:00","level":"INFO","msg":"filestream: sending request","total_files":3,"history_offset":217,"history_lines":6,"events_offset":352,"events_lines":2}
{"time":"2026-08-30T06:00:46.712662483+02:00","level":"INFO","msg":"filestream: request sent","status":"200 OK"}
{"time":"2026-08-30T06:01:01.35414232+02:00","level":"INFO","msg":"filestream: sending request","total_files":4,"history_offset":223,"history_lines":2,"events_offset":354,"events_lines":2,"console_offset":45,"console_lines":1}
{"time":"2026-08-30T06:01:01.699686715+02:00","level":"INFO","msg":"filestream: request sent","status":"200 OK"}
{"time":"2026-08-30T06:01:16.354899985+02:00","level":"INFO","msg":"filestream: sending request","total_files":1,"events_offset":356,"events_lines":2}
{"time":"2026-08-30T06:01:16.715163587+02:00","level":"INFO","msg":"filestream: request sent","status":"200 OK"}
{"time":"2026-08-30T06:01:31.353976368+02:00","level":"INFO","msg":"filestream: sending request","total_files":1,"events_offset":358,"events_lines":2}
{"time":"2026-08-30T06:01:31.721333711+02:00","level":"INFO","msg":"filestream: request sent","status":"200 OK"}
{"time":"2026-08-30T06:01:46.354736088+02:00","level":"INFO","msg":"filestream: sending request","total_files":3,"history_offset":225,"history_lines":7,"events_offset":360,"events_lines":2}
{"time":"2026-08-30T06:01:46.716910959+02:00","level":"INFO","msg":"filestream: request sent","status":"200 OK"}
{"time":"2026-08-30T06:02:01.354443386+02:00","level":"INFO","msg":"filestream: sending request","total_files":4,"history_offset":232,"history_lines":2,"events_offset":362,"events_lines":2,"console_offset":46,"console_lines":1}
{"time":"2026-08-30T06:02:01.71447532+02:00","level":"INFO","msg":"filestream: request sent","status":"200 OK"}
{"time":"2026-08-30T06:02:16.354432665+02:00","level":"INFO","msg":"filestream: sending request","total_files":1,"events_offset":364,"events_lines":2}
{"time":"2026-08-30T06:02:16.695295141+02:00","level":"INFO","msg":"filestream: request sent","status":"200 OK"}
{"time":"2026-08-30T06:02:31.35450835+02:00","level":"INFO","msg":"filestream: sending request","total_files":1,"events_offset":366,"events_lines":2}
{"time":"2026-08-30T06:02:31.689397515+02:00","level":"INFO","msg":"filestream: request sent","status":"200 OK"}
{"time":"2026-08-30T06:02:46.354675942+02:00","level":"INFO","msg":"filestream: sending request","total_files":3,"history_offset":234,"history_lines":7,"events_offset":368,"events_lines":2}
{"time":"2026-08-30T06:02:46.718319071+02:00","level":"INFO","msg":"filestream: request sent","status":"200 OK"}
{"time":"2026-08-30T06:03:01.354135044+02:00","level":"INFO","msg":"filestream: sending request","total_files":4,"history_offset":241,"history_lines":2,"events_offset":370,"events_lines":2,"console_offset":47,"console_lines":1}
{"time":"2026-08-30T06:03:01.725673925+02:00","level":"INFO","msg":"filestream: request sent","status":"200 OK"}
{"time":"2026-08-30T06:03:16.354991646+02:00","level":"INFO","msg":"filestream: sending request","total_files":1,"events_offset":372,"events_lines":2}
{"time":"2026-08-30T06:03:16.694135552+02:00","level":"INFO","msg":"filestream: request sent","status":"200 OK"}
{"time":"2026-08-30T06:03:31.355019283+02:00","level":"INFO","msg":"filestream: sending request","total_files":4,"history_offset":243,"history_lines":7,"events_offset":374,"events_lines":2,"console_offset":48,"console_lines":1}
{"time":"2026-08-30T06:03:31.72076902+02:00","level":"INFO","msg":"filestream: request sent","status":"200 OK"}
{"time":"2026-08-30T06:03:46.354632791+02:00","level":"INFO","msg":"filestream: sending request","total_files":1,"events_offset":376,"events_lines":2}
{"time":"2026-08-30T06:03:46.694894397+02:00","level":"INFO","msg":"filestream: request sent","status":"200 OK"}
{"time":"2026-08-30T06:04:01.354947954+02:00","level":"INFO","msg":"filestream: sending request","total_files":1,"events_offset":378,"events_lines":2}
{"time":"2026-08-30T06:04:01.698522709+02:00","level":"INFO","msg":"filestream: request sent","status":"200 OK"}
{"time":"2026-08-30T06:04:16.353996199+02:00","level":"INFO","msg":"filestream: sending request","total_files":4,"history_offset":250,"history_lines":9,"events_offset":380,"events_lines":2,"console_offset":49,"console_lines":1}
{"time":"2026-08-30T06:04:16.704108858+02:00","level":"INFO","msg":"filestream: request sent","status":"200 OK"}
{"time":"2026-08-30T06:04:31.35501941+02:00","level":"INFO","msg":"filestream: sending request","total_files":1,"events_offset":382,"events_lines":2}
{"time":"2026-08-30T06:04:31.716288327+02:00","level":"INFO","msg":"filestream: request sent","status":"200 OK"}
{"time":"2026-08-30T06:04:46.354734794+02:00","level":"INFO","msg":"filestream: sending request","total_files":3,"history_offset":259,"history_lines":5,"events_offset":384,"events_lines":2}
{"time":"2026-08-30T06:04:46.72748957+02:00","level":"INFO","msg":"filestream: request sent","status":"200 OK"}
{"time":"2026-08-30T06:05:01.354077755+02:00","level":"INFO","msg":"filestream: sending request","total_files":4,"history_offset":264,"history_lines":2,"events_offset":386,"events_lines":2,"console_offset":50,"console_lines":1}
{"time":"2026-08-30T06:05:01.702137466+02:00","level":"INFO","msg":"filestream: request sent","status":"200 OK"}
{"time":"2026-08-30T06:05:16.354681235+02:00","level":"INFO","msg":"filestream: sending request","total_files":1,"events_offset":388,"events_lines":2}
{"time":"2026-08-30T06:05:16.710237444+02:00","level":"INFO","msg":"filestream: request sent","status":"200 OK"}
{"time":"2026-08-30T06:05:31.355840767+02:00","level":"INFO","msg":"filestream: sending request","total_files":4,"history_offset":266,"history_lines":8,"events_offset":390,"events_lines":2,"console_offset":51,"console_lines":4}
{"time":"2026-08-30T06:05:31.709620175+02:00","level":"INFO","msg":"filestream: request sent","status":"200 OK"}
{"time":"2026-08-30T06:05:46.354452099+02:00","level":"INFO","msg":"filestream: sending request","total_files":1,"events_offset":392,"events_lines":2,"uploaded_len":1}
{"time":"2026-08-30T06:05:46.67827744+02:00","level":"INFO","msg":"filestream: request sent","status":"200 OK"}
{"time":"2026-08-30T06:06:01.354741991+02:00","level":"INFO","msg":"filestream: sending request","total_files":1,"events_offset":394,"events_lines":2}
{"time":"2026-08-30T06:06:01.697282765+02:00","level":"INFO","msg":"filestream: request sent","status":"200 OK"}
{"time":"2026-08-30T06:06:16.354795763+02:00","level":"INFO","msg":"filestream: sending request","total_files":1,"events_offset":396,"events_lines":2}
{"time":"2026-08-30T06:06:16.736322315+02:00","level":"INFO","msg":"filestream: request sent","status":"200 OK"}
{"time":"2026-08-30T06:06:31.354414539+02:00","level":"INFO","msg":"filestream: sending request","total_files":1,"events_offset":398,"events_lines":2}
{"time":"2026-08-30T06:06:31.689669659+02:00","level":"INFO","msg":"filestream: request sent","status":"200 OK"}
{"time":"2026-08-30T06:06:46.3543417+02:00","level":"INFO","msg":"filestream: sending request","total_files":1,"events_offset":400,"events_lines":2}
{"time":"2026-08-30T06:06:46.70077434+02:00","level":"INFO","msg":"filestream: request sent","status":"200 OK"}
{"time":"2026-08-30T06:07:01.354723185+02:00","level":"INFO","msg":"filestream: sending request","total_files":1,"events_offset":402,"events_lines":2}
{"time":"2026-08-30T06:07:01.699846922+02:00","level":"INFO","msg":"filestream: request sent","status":"200 OK"}
{"time":"2026-08-30T06:07:16.35491482+02:00","level":"INFO","msg":"filestream: sending request","total_files":1,"events_offset":404,"events_lines":2}
{"time":"2026-08-30T06:07:16.687762893+02:00","level":"INFO","msg":"filestream: request sent","status":"200 OK"}
{"time":"2026-08-30T06:07:31.354290687+02:00","level":"INFO","msg":"filestream: sending request","total_files":1,"events_offset":406,"events_lines":2}
{"time":"2026-08-30T06:07:31.688799588+02:00","level":"INFO","msg":"filestream: request sent","status":"200 OK"}
{"time":"2026-08-30T06:07:46.354498182+02:00","level":"INFO","msg":"filestream: sending request","total_files":1,"events_offset":408,"events_lines":2}
{"time":"2026-08-30T06:07:46.674320046+02:00","level":"INFO","msg":"filestream: request sent","status":"200 OK"}
{"time":"2026-08-30T06:08:01.354769787+02:00","level":"INFO","msg":"filestream: sending request","total_files":1,"events_offset":410,"events_lines":2}
{"time":"2026-08-30T06:08:01.736889116+02:00","level":"INFO","msg":"filestream: request sent","status":"200 OK"}
{"time":"2026-08-30T06:08:16.354969574+02:00","level":"INFO","msg":"filestream: sending request","total_files":1,"events_offset":412,"events_lines":2}
{"time":"2026-08-30T06:08:16.715948495+02:00","level":"INFO","msg":"filestream: request sent","status":"200 OK"}
{"time":"2026-08-30T06:08:31.35463172+02:00","level":"INFO","msg":"filestream: sending request","total_files":1,"events_offset":414,"events_lines":2}
{"time":"2026-08-30T06:08:31.68795422+02:00","level":"INFO","msg":"filestream: request sent","status":"200 OK"}
{"time":"2026-08-30T06:08:46.354173109+02:00","level":"INFO","msg":"filestream: sending request","total_files":1,"events_offset":416,"events_lines":2}
{"time":"2026-08-30T06:08:46.718051063+02:00","level":"INFO","msg":"filestream: request sent","status":"200 OK"}
{"time":"2026-08-30T06:09:01.354081943+02:00","level":"INFO","msg":"filestream: sending request","total_files":1,"events_offset":418,"events_lines":2}
{"time":"2026-08-30T06:09:01.683536698+02:00","level":"INFO","msg":"filestream: request sent","status":"200 OK"}
{"time":"2026-08-30T06:09:16.35434848+02:00","level":"INFO","msg":"filestream: sending request","total_files":1,"events_offset":420,"events_lines":2}
{"time":"2026-08-30T06:09:16.72749655+02:00","level":"INFO","msg":"filestream: request sent","status":"200 OK"}
{"time":"2026-08-30T06:09:31.35439765+02:00","level":"INFO","msg":"filestream: sending request","total_files":1,"events_offset":422,"events_lines":2}
{"time":"2026-08-30T06:09:31.706721672+02:00","level":"INFO","msg":"filestream: request sent","status":"200 OK"}
{"time":"2026-08-30T06:09:46.354981195+02:00","level":"INFO","msg":"filestream: sending request","total_files":1,"events_offset":424,"events_lines":2}
{"time":"2026-08-30T06:09:46.696986524+02:00","level":"INFO","msg":"filestream: request sent","status":"200 OK"}
{"time":"2026-08-30T06:10:01.355006127+02:00","level":"INFO","msg":"filestream: sending request","total_files":1,"events_offset":426,"events_lines":2}
{"time":"2026-08-30T06:10:01.726025863+02:00","level":"INFO","msg":"filestream: request sent","status":"200 OK"}
{"time":"2026-08-30T06:10:16.3545021+02:00","level":"INFO","msg":"filestream: sending request","total_files":1,"events_offset":428,"events_lines":2}
{"time":"2026-08-30T06:10:16.714149039+02:00","level":"INFO","msg":"filestream: request sent","status":"200 OK"}
{"time":"2026-08-30T06:10:31.354632028+02:00","level":"INFO","msg":"filestream: sending request","total_files":1,"events_offset":430,"events_lines":2}
{"time":"2026-08-30T06:10:31.689234477+02:00","level":"INFO","msg":"filestream: request sent","status":"200 OK"}
{"time":"2026-08-30T06:10:46.354661984+02:00","level":"INFO","msg":"filestream: sending request","total_files":1,"events_offset":432,"events_lines":2}
{"time":"2026-08-30T06:10:46.692685732+02:00","level":"INFO","msg":"filestream: request sent","status":"200 OK"}
{"time":"2026-08-30T06:11:01.353988947+02:00","level":"INFO","msg":"filestream: sending request","total_files":1,"events_offset":434,"events_lines":2}
{"time":"2026-08-30T06:11:01.703667879+02:00","level":"INFO","msg":"filestream: request sent","status":"200 OK"}
{"time":"2026-08-30T06:11:16.354809088+02:00","level":"INFO","msg":"filestream: sending request","total_files":1,"events_offset":436,"events_lines":2}
{"time":"2026-08-30T06:11:16.716059255+02:00","level":"INFO","msg":"filestream: request sent","status":"200 OK"}
{"time":"2026-08-30T06:11:31.354518003+02:00","level":"INFO","msg":"filestream: sending request","total_files":1,"events_offset":438,"events_lines":2}
{"time":"2026-08-30T06:11:31.703064979+02:00","level":"INFO","msg":"filestream: request sent","status":"200 OK"}
{"time":"2026-08-30T06:11:46.354881229+02:00","level":"INFO","msg":"filestream: sending request","total_files":1,"events_offset":440,"events_lines":2}
{"time":"2026-08-30T06:11:46.716441954+02:00","level":"INFO","msg":"filestream: request sent","status":"200 OK"}
{"time":"2026-08-30T06:12:01.354879125+02:00","level":"INFO","msg":"filestream: sending request","total_files":1,"events_offset":442,"events_lines":2}
{"time":"2026-08-30T06:12:01.700191346+02:00","level":"INFO","msg":"filestream: request sent","status":"200 OK"}
{"time":"2026-08-30T06:12:16.354052732+02:00","level":"INFO","msg":"filestream: sending request","total_files":1,"events_offset":444,"events_lines":2}
{"time":"2026-08-30T06:12:16.740491737+02:00","level":"INFO","msg":"filestream: request sent","status":"200 OK"}
{"time":"2026-08-30T06:12:31.354862046+02:00","level":"INFO","msg":"filestream: sending request","total_files":1,"events_offset":446,"events_lines":2}
{"time":"2026-08-30T06:12:31.704428501+02:00","level":"INFO","msg":"filestream: request sent","status":"200 OK"}
{"time":"2026-08-30T06:12:46.354409859+02:00","level":"INFO","msg":"filestream: sending request","total_files":1,"events_offset":448,"events_lines":2}
{"time":"2026-08-30T06:12:46.688852535+02:00","level":"INFO","msg":"filestream: request sent","status":"200 OK"}
{"time":"2026-08-30T06:13:01.354529747+02:00","level":"INFO","msg":"filestream: sending request","total_files":1,"events_offset":450,"events_lines":2}
{"time":"2026-08-30T06:13:01.7212471+02:00","level":"INFO","msg":"filestream: request sent","status":"200 OK"}
{"time":"2026-08-30T06:13:16.354685982+02:00","level":"INFO","msg":"filestream: sending request","total_files":1,"events_offset":452,"events_lines":2}
{"time":"2026-08-30T06:13:16.691066443+02:00","level":"INFO","msg":"filestream: request sent","status":"200 OK"}
{"time":"2026-08-30T06:13:31.354968278+02:00","level":"INFO","msg":"filestream: sending request","total_files":1,"events_offset":454,"events_lines":2}
{"time":"2026-08-30T06:13:31.68363959+02:00","level":"INFO","msg":"filestream: request sent","status":"200 OK"}
{"time":"2026-08-30T06:13:46.354606351+02:00","level":"INFO","msg":"filestream: sending request","total_files":4,"history_offset":274,"history_lines":1,"events_offset":456,"events_lines":2,"console_offset":55,"console_lines":1}
{"time":"2026-08-30T06:13:46.672690808+02:00","level":"INFO","msg":"filestream: request sent","status":"200 OK"}
{"time":"2026-08-30T06:14:01.354371631+02:00","level":"INFO","msg":"filestream: sending request","total_files":1,"events_offset":458,"events_lines":2}
{"time":"2026-08-30T06:14:01.698262424+02:00","level":"INFO","msg":"filestream: request sent","status":"200 OK"}
{"time":"2026-08-30T06:14:16.354629998+02:00","level":"INFO","msg":"filestream: sending request","total_files":3,"history_offset":275,"history_lines":8,"events_offset":460,"events_lines":2}
{"time":"2026-08-30T06:14:16.717907053+02:00","level":"INFO","msg":"filestream: request sent","status":"200 OK"}
{"time":"2026-08-30T06:14:31.354735119+02:00","level":"INFO","msg":"filestream: sending request","total_files":4,"history_offset":283,"history_lines":2,"events_offset":462,"events_lines":2,"console_offset":56,"console_lines":1}
{"time":"2026-08-30T06:14:31.717751048+02:00","level":"INFO","msg":"filestream: request sent","status":"200 OK"}
{"time":"2026-08-30T06:14:46.354845875+02:00","level":"INFO","msg":"filestream: sending request","total_files":1,"events_offset":464,"events_lines":2}
{"time":"2026-08-30T06:14:46.691354855+02:00","level":"INFO","msg":"filestream: request sent","status":"200 OK"}
{"time":"2026-08-30T06:15:01.354815886+02:00","level":"INFO","msg":"filestream: sending request","total_files":4,"history_offset":285,"history_lines":5,"events_offset":466,"events_lines":2,"console_offset":57,"console_lines":1}
{"time":"2026-08-30T06:15:01.70884661+02:00","level":"INFO","msg":"filestream: request sent","status":"200 OK"}
{"time":"2026-08-30T06:15:16.35483498+02:00","level":"INFO","msg":"filestream: sending request","total_files":1,"events_offset":468,"events_lines":2}
{"time":"2026-08-30T06:15:16.740031893+02:00","level":"INFO","msg":"filestream: request sent","status":"200 OK"}
{"time":"2026-08-30T06:15:31.354299667+02:00","level":"INFO","msg":"filestream: sending request","total_files":3,"history_offset":290,"history_lines":5,"events_offset":470,"events_lines":2}
{"time":"2026-08-30T06:15:31.720332307+02:00","level":"INFO","msg":"filestream: request sent","status":"200 OK"}
{"time":"2026-08-30T06:15:46.3540186+02:00","level":"INFO","msg":"filestream: sending request","total_files":4,"history_offset":295,"history_lines":2,"events_offset":472,"events_lines":2,"console_offset":58,"console_lines":1}
{"time":"2026-08-30T06:15:46.704302562+02:00","level":"INFO","msg":"filestream: request sent","status":"200 OK"}
{"time":"2026-08-30T06:16:01.35451678+02:00","level":"INFO","msg":"filestream: sending request","total_files":1,"events_offset":474,"events_lines":2}
{"time":"2026-08-30T06:16:01.71095575+02:00","level":"INFO","msg":"filestream: request sent","status":"200 OK"}
{"time":"2026-08-30T06:16:16.353987325+02:00","level":"INFO","msg":"filestream: sending request","total_files":4,"history_offset":297,"history_lines":7,"events_offset":476,"events_lines":2,"console_offset":59,"console_lines":1}
{"time":"2026-08-30T06:16:16.719577836+02:00","level":"INFO","msg":"filestream: request sent","status":"200 OK"}
{"time":"2026-08-30T06:16:31.354291746+02:00","level":"INFO","msg":"filestream: sending request","total_files":1,"events_offset":478,"events_lines":2}
{"time":"2026-08-30T06:16:31.700222097+02:00","level":"INFO","msg":"filestream: request sent","status":"200 OK"}
{"time":"2026-08-30T06:16:46.355087189+02:00","level":"INFO","msg":"filestream: sending request","total_files":3,"history_offset":304,"history_lines":9,"events_offset":480,"events_lines":2}
{"time":"2026-08-30T06:16:47.332208155+02:00","level":"INFO","msg":"filestream: request sent","status":"200 OK"}
{"time":"2026-08-30T06:17:01.354988238+02:00","level":"INFO","msg":"filestream: sending request","total_files":4,"history_offset":313,"history_lines":2,"events_offset":482,"events_lines":2,"console_offset":60,"console_lines":1}
{"time":"2026-08-30T06:17:01.711332701+02:00","level":"INFO","msg":"filestream: request sent","status":"200 OK"}
{"time":"2026-08-30T06:17:16.354104627+02:00","level":"INFO","msg":"filestream: sending request","total_files":1,"events_offset":484,"events_lines":2}
{"time":"2026-08-30T06:17:17.5060255+02:00","level":"INFO","msg":"filestream: request sent","status":"200 OK"}
{"time":"2026-08-30T06:17:31.354661294+02:00","level":"INFO","msg":"filestream: sending request","total_files":3,"history_offset":315,"history_lines":6,"events_offset":486,"events_lines":2}
{"time":"2026-08-30T06:17:31.715616475+02:00","level":"INFO","msg":"filestream: request sent","status":"200 OK"}
{"time":"2026-08-30T06:17:46.354724758+02:00","level":"INFO","msg":"filestream: sending request","total_files":4,"history_offset":321,"history_lines":2,"events_offset":488,"events_lines":2,"console_offset":61,"console_lines":1}
{"time":"2026-08-30T06:17:46.714469806+02:00","level":"INFO","msg":"filestream: request sent","status":"200 OK"}
{"time":"2026-08-30T06:18:01.354705815+02:00","level":"INFO","msg":"filestream: sending request","total_files":1,"events_offset":490,"events_lines":2}
{"time":"2026-08-30T06:18:01.716244569+02:00","level":"INFO","msg":"filestream: request sent","status":"200 OK"}
{"time":"2026-08-30T06:18:16.354486713+02:00","level":"INFO","msg":"filestream: sending request","total_files":4,"history_offset":323,"history_lines":10,"events_offset":492,"events_lines":2,"console_offset":62,"console_lines":1}
{"time":"2026-08-30T06:18:16.715023257+02:00","level":"INFO","msg":"filestream: request sent","status":"200 OK"}
{"time":"2026-08-30T06:18:31.354144133+02:00","level":"INFO","msg":"filestream: sending request","total_files":1,"events_offset":494,"events_lines":2}
{"time":"2026-08-30T06:18:31.736287439+02:00","level":"INFO","msg":"filestream: request sent","status":"200 OK"}
{"time":"2026-08-30T06:18:46.354282588+02:00","level":"INFO","msg":"filestream: sending request","total_files":3,"history_offset":333,"history_lines":7,"events_offset":496,"events_lines":2}
{"time":"2026-08-30T06:18:46.700318207+02:00","level":"INFO","msg":"filestream: request sent","status":"200 OK"}
{"time":"2026-08-30T06:19:01.354897391+02:00","level":"INFO","msg":"filestream: sending request","total_files":4,"history_offset":340,"history_lines":2,"events_offset":498,"events_lines":2,"console_offset":63,"console_lines":1}
{"time":"2026-08-30T06:19:01.713181665+02:00","level":"INFO","msg":"filestream: request sent","status":"200 OK"}
{"time":"2026-08-30T06:19:16.354157899+02:00","level":"INFO","msg":"filestream: sending request","total_files":1,"events_offset":500,"events_lines":2}
{"time":"2026-08-30T06:19:16.7005323+02:00","level":"INFO","msg":"filestream: request sent","status":"200 OK"}
{"time":"2026-08-30T06:19:31.354009169+02:00","level":"INFO","msg":"filestream: sending request","total_files":4,"history_offset":342,"history_lines":7,"events_offset":502,"events_lines":2,"console_offset":64,"console_lines":1}
{"time":"2026-08-30T06:19:31.731366449+02:00","level":"INFO","msg":"filestream: request sent","status":"200 OK"}
{"time":"2026-08-30T06:19:46.35439036+02:00","level":"INFO","msg":"filestream: sending request","total_files":1,"events_offset":504,"events_lines":2}
{"time":"2026-08-30T06:19:46.73304924+02:00","level":"INFO","msg":"filestream: request sent","status":"200 OK"}
{"time":"2026-08-30T06:20:01.353964614+02:00","level":"INFO","msg":"filestream: sending request","total_files":1,"events_offset":506,"events_lines":2}
{"time":"2026-08-30T06:20:01.709739183+02:00","level":"INFO","msg":"filestream: request sent","status":"200 OK"}
{"time":"2026-08-30T06:20:16.354881361+02:00","level":"INFO","msg":"filestream: sending request","total_files":4,"history_offset":349,"history_lines":9,"events_offset":508,"events_lines":2,"console_offset":65,"console_lines":1}
{"time":"2026-08-30T06:20:16.737939142+02:00","level":"INFO","msg":"filestream: request sent","status":"200 OK"}
{"time":"2026-08-30T06:20:31.354802107+02:00","level":"INFO","msg":"filestream: sending request","total_files":1,"events_offset":510,"events_lines":2}
{"time":"2026-08-30T06:20:31.738293559+02:00","level":"INFO","msg":"filestream: request sent","status":"200 OK"}
{"time":"2026-08-30T06:20:46.354933192+02:00","level":"INFO","msg":"filestream: sending request","total_files":3,"history_offset":358,"history_lines":6,"events_offset":512,"events_lines":2}
{"time":"2026-08-30T06:20:47.463743294+02:00","level":"INFO","msg":"filestream: request sent","status":"200 OK"}
{"time":"2026-08-30T06:21:01.354725947+02:00","level":"INFO","msg":"filestream: sending request","total_files":4,"history_offset":364,"history_lines":2,"events_offset":514,"events_lines":2,"console_offset":66,"console_lines":1}
{"time":"2026-08-30T06:21:01.713324292+02:00","level":"INFO","msg":"filestream: request sent","status":"200 OK"}
{"time":"2026-08-30T06:21:16.354073766+02:00","level":"INFO","msg":"filestream: sending request","total_files":1,"events_offset":516,"events_lines":2}
{"time":"2026-08-30T06:21:16.715115155+02:00","level":"INFO","msg":"filestream: request sent","status":"200 OK"}
{"time":"2026-08-30T06:21:31.354330153+02:00","level":"INFO","msg":"filestream: sending request","total_files":4,"history_offset":366,"history_lines":11,"events_offset":518,"events_lines":2,"console_offset":67,"console_lines":1}
{"time":"2026-08-30T06:21:31.708189047+02:00","level":"INFO","msg":"filestream: request sent","status":"200 OK"}
{"time":"2026-08-30T06:21:46.354235594+02:00","level":"INFO","msg":"filestream: sending request","total_files":1,"events_offset":520,"events_lines":2}
{"time":"2026-08-30T06:21:46.724946889+02:00","level":"INFO","msg":"filestream: request sent","status":"200 OK"}
{"time":"2026-08-30T06:22:01.354419461+02:00","level":"INFO","msg":"filestream: sending request","total_files":3,"history_offset":377,"history_lines":8,"events_offset":522,"events_lines":2}
{"time":"2026-08-30T06:22:01.703741447+02:00","level":"INFO","msg":"filestream: request sent","status":"200 OK"}
{"time":"2026-08-30T06:22:16.354529732+02:00","level":"INFO","msg":"filestream: sending request","total_files":4,"history_offset":385,"history_lines":2,"events_offset":524,"events_lines":2,"console_offset":68,"console_lines":1}
{"time":"2026-08-30T06:22:16.723012218+02:00","level":"INFO","msg":"filestream: request sent","status":"200 OK"}
{"time":"2026-08-30T06:22:31.354801847+02:00","level":"INFO","msg":"filestream: sending request","total_files":1,"events_offset":526,"events_lines":2}
{"time":"2026-08-30T06:22:31.702727389+02:00","level":"INFO","msg":"filestream: request sent","status":"200 OK"}
{"time":"2026-08-30T06:22:46.355015907+02:00","level":"INFO","msg":"filestream: sending request","total_files":4,"history_offset":387,"history_lines":7,"events_offset":528,"events_lines":2,"console_offset":69,"console_lines":1}
{"time":"2026-08-30T06:22:46.731561011+02:00","level":"INFO","msg":"filestream: request sent","status":"200 OK"}
{"time":"2026-08-30T06:23:01.353940716+02:00","level":"INFO","msg":"filestream: sending request","total_files":1,"events_offset":530,"events_lines":2}
{"time":"2026-08-30T06:23:01.709921638+02:00","level":"INFO","msg":"filestream: request sent","status":"200 OK"}
{"time":"2026-08-30T06:23:16.354088808+02:00","level":"INFO","msg":"filestream: sending request","total_files":1,"events_offset":532,"events_lines":2}
{"time":"2026-08-30T06:23:16.719092964+02:00","level":"INFO","msg":"filestream: request sent","status":"200 OK"}
{"time":"2026-08-30T06:23:31.354987774+02:00","level":"INFO","msg":"filestream: sending request","total_files":4,"history_offset":394,"history_lines":7,"events_offset":534,"events_lines":2,"console_offset":70,"console_lines":1}
{"time":"2026-08-30T06:23:31.719705763+02:00","level":"INFO","msg":"filestream: request sent","status":"200 OK"}
{"time":"2026-08-30T06:23:46.354883931+02:00","level":"INFO","msg":"filestream: sending request","total_files":1,"events_offset":536,"events_lines":2}
{"time":"2026-08-30T06:23:46.700521086+02:00","level":"INFO","msg":"filestream: request sent","status":"200 OK"}
{"time":"2026-08-30T06:24:01.354846159+02:00","level":"INFO","msg":"filestream: sending request","total_files":3,"history_offset":401,"history_lines":5,"events_offset":538,"events_lines":2}
{"time":"2026-08-30T06:24:01.743736043+02:00","level":"INFO","msg":"filestream: request sent","status":"200 OK"}
{"time":"2026-08-30T06:24:16.354991611+02:00","level":"INFO","msg":"filestream: sending request","total_files":4,"history_offset":406,"history_lines":2,"events_offset":540,"events_lines":2,"console_offset":71,"console_lines":4,"uploaded_len":1}
{"time":"2026-08-30T06:24:16.698735969+02:00","level":"INFO","msg":"filestream: request sent","status":"200 OK"}
{"time":"2026-08-30T06:24:31.354733157+02:00","level":"INFO","msg":"filestream: sending request","total_files":1,"events_offset":542,"events_lines":2}
{"time":"2026-08-30T06:24:31.750320217+02:00","level":"INFO","msg":"filestream: request sent","status":"200 OK"}
{"time":"2026-08-30T06:24:46.353947848+02:00","level":"INFO","msg":"filestream: sending request","total_files":1,"events_offset":544,"events_lines":2}
{"time":"2026-08-30T06:24:46.690947469+02:00","level":"INFO","msg":"filestream: request sent","status":"200 OK"}
{"time":"2026-08-30T06:25:01.354406161+02:00","level":"INFO","msg":"filestream: sending request","total_files":1,"events_offset":546,"events_lines":2}
{"time":"2026-08-30T06:25:01.763375844+02:00","level":"INFO","msg":"filestream: request sent","status":"200 OK"}
{"time":"2026-08-30T06:25:16.354114882+02:00","level":"INFO","msg":"filestream: sending request","total_files":1,"events_offset":548,"events_lines":2}
{"time":"2026-08-30T06:25:16.713518625+02:00","level":"INFO","msg":"filestream: request sent","status":"200 OK"}
{"time":"2026-08-30T06:25:31.354000887+02:00","level":"INFO","msg":"filestream: sending request","total_files":1,"events_offset":550,"events_lines":2}
{"time":"2026-08-30T06:25:31.696579212+02:00","level":"INFO","msg":"filestream: request sent","status":"200 OK"}
{"time":"2026-08-30T06:25:46.353973852+02:00","level":"INFO","msg":"filestream: sending request","total_files":1,"events_offset":552,"events_lines":2}
{"time":"2026-08-30T06:25:46.772399083+02:00","level":"INFO","msg":"filestream: request sent","status":"200 OK"}
{"time":"2026-08-30T06:26:01.35460998+02:00","level":"INFO","msg":"filestream: sending request","total_files":1,"events_offset":554,"events_lines":2}
{"time":"2026-08-30T06:26:01.699242238+02:00","level":"INFO","msg":"filestream: request sent","status":"200 OK"}
{"time":"2026-08-30T06:26:16.354103352+02:00","level":"INFO","msg":"filestream: sending request","total_files":1,"events_offset":556,"events_lines":2}
{"time":"2026-08-30T06:26:16.69778182+02:00","level":"INFO","msg":"filestream: request sent","status":"200 OK"}
{"time":"2026-08-30T06:26:31.354740164+02:00","level":"INFO","msg":"filestream: sending request","total_files":1,"events_offset":558,"events_lines":2}
{"time":"2026-08-30T06:26:31.742741447+02:00","level":"INFO","msg":"filestream: request sent","status":"200 OK"}
{"time":"2026-08-30T06:26:46.354030201+02:00","level":"INFO","msg":"filestream: sending request","total_files":1,"events_offset":560,"events_lines":2}
{"time":"2026-08-30T06:26:46.683830909+02:00","level":"INFO","msg":"filestream: request sent","status":"200 OK"}
{"time":"2026-08-30T06:27:01.354017509+02:00","level":"INFO","msg":"filestream: sending request","total_files":1,"events_offset":562,"events_lines":2}
{"time":"2026-08-30T06:27:01.69974594+02:00","level":"INFO","msg":"filestream: request sent","status":"200 OK"}
{"time":"2026-08-30T06:27:16.35485446+02:00","level":"INFO","msg":"filestream: sending request","total_files":1,"events_offset":564,"events_lines":2}
{"time":"2026-08-30T06:27:16.704478428+02:00","level":"INFO","msg":"filestream: request sent","status":"200 OK"}
{"time":"2026-08-30T06:27:31.354753199+02:00","level":"INFO","msg":"filestream: sending request","total_files":1,"events_offset":566,"events_lines":2}
{"time":"2026-08-30T06:27:31.700218963+02:00","level":"INFO","msg":"filestream: request sent","status":"200 OK"}
{"time":"2026-08-30T06:27:46.354744507+02:00","level":"INFO","msg":"filestream: sending request","total_files":1,"events_offset":568,"events_lines":2}
{"time":"2026-08-30T06:27:46.712482868+02:00","level":"INFO","msg":"filestream: request sent","status":"200 OK"}
{"time":"2026-08-30T06:28:01.354716947+02:00","level":"INFO","msg":"filestream: sending request","total_files":1,"events_offset":570,"events_lines":2}
{"time":"2026-08-30T06:28:01.736269804+02:00","level":"INFO","msg":"filestream: request sent","status":"200 OK"}
{"time":"2026-08-30T06:28:16.354031086+02:00","level":"INFO","msg":"filestream: sending request","total_files":1,"events_offset":572,"events_lines":2}
{"time":"2026-08-30T06:28:16.712891693+02:00","level":"INFO","msg":"filestream: request sent","status":"200 OK"}
{"time":"2026-08-30T06:28:31.354826476+02:00","level":"INFO","msg":"filestream: sending request","total_files":1,"events_offset":574,"events_lines":2}
{"time":"2026-08-30T06:28:31.688787911+02:00","level":"INFO","msg":"filestream: request sent","status":"200 OK"}
{"time":"2026-08-30T06:28:46.354104906+02:00","level":"INFO","msg":"filestream: sending request","total_files":1,"events_offset":576,"events_lines":2}
{"time":"2026-08-30T06:28:46.719343766+02:00","level":"INFO","msg":"filestream: request sent","status":"200 OK"}
{"time":"2026-08-30T06:29:01.354904922+02:00","level":"INFO","msg":"filestream: sending request","total_files":1,"events_offset":578,"events_lines":2}
{"time":"2026-08-30T06:29:01.735152627+02:00","level":"INFO","msg":"filestream: request sent","status":"200 OK"}
{"time":"2026-08-30T06:29:16.354915761+02:00","level":"INFO","msg":"filestream: sending request","total_files":1,"events_offset":580,"events_lines":2}
{"time":"2026-08-30T06:29:16.706087553+02:00","level":"INFO","msg":"filestream: request sent","status":"200 OK"}
{"time":"2026-08-30T06:29:31.354805163+02:00","level":"INFO","msg":"filestream: sending request","total_files":1,"events_offset":582,"events_lines":2}
{"time":"2026-08-30T06:29:31.721354627+02:00","level":"INFO","msg":"filestream: request sent","status":"200 OK"}
{"time":"2026-08-30T06:29:46.354778942+02:00","level":"INFO","msg":"filestream: sending request","total_files":1,"events_offset":584,"events_lines":2}
{"time":"2026-08-30T06:29:46.724433652+02:00","level":"INFO","msg":"filestream: request sent","status":"200 OK"}
{"time":"2026-08-30T06:30:01.354641088+02:00","level":"INFO","msg":"filestream: sending request","total_files":1,"events_offset":586,"events_lines":2}
{"time":"2026-08-30T06:30:01.728376231+02:00","level":"INFO","msg":"filestream: request sent","status":"200 OK"}
{"time":"2026-08-30T06:30:16.35471089+02:00","level":"INFO","msg":"filestream: sending request","total_files":1,"events_offset":588,"events_lines":2}
{"time":"2026-08-30T06:30:16.706706516+02:00","level":"INFO","msg":"filestream: request sent","status":"200 OK"}
{"time":"2026-08-30T06:30:31.354510704+02:00","level":"INFO","msg":"filestream: sending request","total_files":1,"events_offset":590,"events_lines":2}
{"time":"2026-08-30T06:30:31.722784398+02:00","level":"INFO","msg":"filestream: request sent","status":"200 OK"}
{"time":"2026-08-30T06:30:46.354360112+02:00","level":"INFO","msg":"filestream: sending request","total_files":4,"history_offset":408,"history_lines":1,"events_offset":592,"events_lines":2,"console_offset":75,"console_lines":1}
{"time":"2026-08-30T06:30:46.695763889+02:00","level":"INFO","msg":"filestream: request sent","status":"200 OK"}
{"time":"2026-08-30T06:31:01.354264055+02:00","level":"INFO","msg":"filestream: sending request","total_files":1,"events_offset":594,"events_lines":2}
{"time":"2026-08-30T06:31:01.75430346+02:00","level":"INFO","msg":"filestream: request sent","status":"200 OK"}
{"time":"2026-08-30T06:31:16.35465566+02:00","level":"INFO","msg":"filestream: sending request","total_files":4,"history_offset":409,"history_lines":5,"events_offset":596,"events_lines":2,"console_offset":76,"console_lines":1}
{"time":"2026-08-30T06:31:16.735315347+02:00","level":"INFO","msg":"filestream: request sent","status":"200 OK"}
{"time":"2026-08-30T06:31:31.354370567+02:00","level":"INFO","msg":"filestream: sending request","total_files":1,"events_offset":598,"events_lines":2}
{"time":"2026-08-30T06:31:31.708311226+02:00","level":"INFO","msg":"filestream: request sent","status":"200 OK"}
{"time":"2026-08-30T06:31:46.354935056+02:00","level":"INFO","msg":"filestream: sending request","total_files":1,"events_offset":600,"events_lines":2}
{"time":"2026-08-30T06:31:47.570946081+02:00","level":"INFO","msg":"filestream: request sent","status":"200 OK"}
{"time":"2026-08-30T06:32:01.355151087+02:00","level":"INFO","msg":"filestream: sending request","total_files":4,"history_offset":414,"history_lines":6,"events_offset":602,"events_lines":2,"console_offset":77,"console_lines":1}
{"time":"2026-08-30T06:32:01.724781843+02:00","level":"INFO","msg":"filestream: request sent","status":"200 OK"}
{"time":"2026-08-30T06:32:16.354457709+02:00","level":"INFO","msg":"filestream: sending request","total_files":1,"events_offset":604,"events_lines":2}
{"time":"2026-08-30T06:32:16.696534213+02:00","level":"INFO","msg":"filestream: request sent","status":"200 OK"}
{"time":"2026-08-30T06:32:31.354030255+02:00","level":"INFO","msg":"filestream: sending request","total_files":3,"history_offset":420,"history_lines":8,"events_offset":606,"events_lines":2}
{"time":"2026-08-30T06:32:31.709253231+02:00","level":"INFO","msg":"filestream: request sent","status":"200 OK"}
{"time":"2026-08-30T06:32:46.353988007+02:00","level":"INFO","msg":"filestream: sending request","total_files":4,"history_offset":428,"history_lines":2,"events_offset":608,"events_lines":2,"console_offset":78,"console_lines":1}
{"time":"2026-08-30T06:32:46.703454918+02:00","level":"INFO","msg":"filestream: request sent","status":"200 OK"}
{"time":"2026-08-30T06:33:01.354991131+02:00","level":"INFO","msg":"filestream: sending request","total_files":1,"events_offset":610,"events_lines":2}
{"time":"2026-08-30T06:33:01.70246518+02:00","level":"INFO","msg":"filestream: request sent","status":"200 OK"}
{"time":"2026-08-30T06:33:16.355036134+02:00","level":"INFO","msg":"filestream: sending request","total_files":4,"history_offset":430,"history_lines":9,"events_offset":612,"events_lines":2,"console_offset":79,"console_lines":1}
{"time":"2026-08-30T06:33:16.748205619+02:00","level":"INFO","msg":"filestream: request sent","status":"200 OK"}
{"time":"2026-08-30T06:33:31.355096267+02:00","level":"INFO","msg":"filestream: sending request","total_files":1,"events_offset":614,"events_lines":2}
{"time":"2026-08-30T06:33:31.702786802+02:00","level":"INFO","msg":"filestream: request sent","status":"200 OK"}
{"time":"2026-08-30T06:33:46.354652905+02:00","level":"INFO","msg":"filestream: sending request","total_files":1,"events_offset":616,"events_lines":2}
{"time":"2026-08-30T06:33:46.715843032+02:00","level":"INFO","msg":"filestream: request sent","status":"200 OK"}
{"time":"2026-08-30T06:34:01.354025976+02:00","level":"INFO","msg":"filestream: sending request","total_files":4,"history_offset":439,"history_lines":9,"events_offset":618,"events_lines":2,"console_offset":80,"console_lines":1}
{"time":"2026-08-30T06:34:01.712697884+02:00","level":"INFO","msg":"filestream: request sent","status":"200 OK"}
{"time":"2026-08-30T06:34:16.354317791+02:00","level":"INFO","msg":"filestream: sending request","total_files":1,"events_offset":620,"events_lines":2}
{"time":"2026-08-30T06:34:16.698535969+02:00","level":"INFO","msg":"filestream: request sent","status":"200 OK"}
{"time":"2026-08-30T06:34:31.355038292+02:00","level":"INFO","msg":"filestream: sending request","total_files":3,"history_offset":448,"history_lines":6,"events_offset":622,"events_lines":2}
{"time":"2026-08-30T06:34:31.709512602+02:00","level":"INFO","msg":"filestream: request sent","status":"200 OK"}
{"time":"2026-08-30T06:34:46.354681832+02:00","level":"INFO","msg":"filestream: sending request","total_files":4,"history_offset":454,"history_lines":2,"events_offset":624,"events_lines":2,"console_offset":81,"console_lines":1}
{"time":"2026-08-30T06:34:46.727703068+02:00","level":"INFO","msg":"filestream: request sent","status":"200 OK"}
{"time":"2026-08-30T06:35:01.354092988+02:00","level":"INFO","msg":"filestream: sending request","total_files":1,"events_offset":626,"events_lines":2}
{"time":"2026-08-30T06:35:01.719243307+02:00","level":"INFO","msg":"filestream: request sent","status":"200 OK"}
{"time":"2026-08-30T06:35:16.355037022+02:00","level":"INFO","msg":"filestream: sending request","total_files":4,"history_offset":456,"history_lines":8,"events_offset":628,"events_lines":2,"console_offset":82,"console_lines":1}
{"time":"2026-08-30T06:35:16.733560864+02:00","level":"INFO","msg":"filestream: request sent","status":"200 OK"}
{"time":"2026-08-30T06:35:31.354888351+02:00","level":"INFO","msg":"filestream: sending request","total_files":1,"events_offset":630,"events_lines":2}
{"time":"2026-08-30T06:35:31.714831638+02:00","level":"INFO","msg":"filestream: request sent","status":"200 OK"}
{"time":"2026-08-30T06:35:46.354996252+02:00","level":"INFO","msg":"filestream: sending request","total_files":1,"events_offset":632,"events_lines":2}
{"time":"2026-08-30T06:35:46.700141168+02:00","level":"INFO","msg":"filestream: request sent","status":"200 OK"}
{"time":"2026-08-30T06:36:01.354224922+02:00","level":"INFO","msg":"filestream: sending request","total_files":4,"history_offset":464,"history_lines":10,"events_offset":634,"events_lines":2,"console_offset":83,"console_lines":1}
{"time":"2026-08-30T06:36:01.756820789+02:00","level":"INFO","msg":"filestream: request sent","status":"200 OK"}
{"time":"2026-08-30T06:36:16.354944138+02:00","level":"INFO","msg":"filestream: sending request","total_files":1,"events_offset":636,"events_lines":2}
{"time":"2026-08-30T06:36:16.702659227+02:00","level":"INFO","msg":"filestream: request sent","status":"200 OK"}
{"time":"2026-08-30T06:36:31.354408181+02:00","level":"INFO","msg":"filestream: sending request","total_files":3,"history_offset":474,"history_lines":2,"events_offset":638,"events_lines":2}
{"time":"2026-08-30T06:36:31.742335954+02:00","level":"INFO","msg":"filestream: request sent","status":"200 OK"}
{"time":"2026-08-30T06:36:46.355194118+02:00","level":"INFO","msg":"filestream: sending request","total_files":4,"history_offset":476,"history_lines":2,"events_offset":640,"events_lines":2,"console_offset":84,"console_lines":1}
{"time":"2026-08-30T06:36:46.699281884+02:00","level":"INFO","msg":"filestream: request sent","status":"200 OK"}
{"time":"2026-08-30T06:37:01.354192039+02:00","level":"INFO","msg":"filestream: sending request","total_files":1,"events_offset":642,"events_lines":2}
{"time":"2026-08-30T06:37:01.69586701+02:00","level":"INFO","msg":"filestream: request sent","status":"200 OK"}
{"time":"2026-08-30T06:37:16.35460033+02:00","level":"INFO","msg":"filestream: sending request","total_files":4,"history_offset":478,"history_lines":12,"events_offset":644,"events_lines":2,"console_offset":85,"console_lines":1}
{"time":"2026-08-30T06:37:16.70905932+02:00","level":"INFO","msg":"filestream: request sent","status":"200 OK"}
{"time":"2026-08-30T06:37:31.354677863+02:00","level":"INFO","msg":"filestream: sending request","total_files":1,"events_offset":646,"events_lines":2}
{"time":"2026-08-30T06:37:31.72383062+02:00","level":"INFO","msg":"filestream: request sent","status":"200 OK"}
{"time":"2026-08-30T06:37:46.354239258+02:00","level":"INFO","msg":"filestream: sending request","total_files":3,"history_offset":490,"history_lines":6,"events_offset":648,"events_lines":2}
{"time":"2026-08-30T06:37:46.717069374+02:00","level":"INFO","msg":"filestream: request sent","status":"200 OK"}
{"time":"2026-08-30T06:38:01.354629641+02:00","level":"INFO","msg":"filestream: sending request","total_files":4,"history_offset":496,"history_lines":2,"events_offset":650,"events_lines":2,"console_offset":86,"console_lines":1}
{"time":"2026-08-30T06:38:01.769095031+02:00","level":"INFO","msg":"filestream: request sent","status":"200 OK"}
{"time":"2026-08-30T06:38:16.354859788+02:00","level":"INFO","msg":"filestream: sending request","total_files":1,"events_offset":652,"events_lines":2}
{"time":"2026-08-30T06:38:16.697308048+02:00","level":"INFO","msg":"filestream: request sent","status":"200 OK"}
{"time":"2026-08-30T06:38:31.354912577+02:00","level":"INFO","msg":"filestream: sending request","total_files":4,"history_offset":498,"history_lines":11,"events_offset":654,"events_lines":2,"console_offset":87,"console_lines":1}
{"time":"2026-08-30T06:38:31.69415445+02:00","level":"INFO","msg":"filestream: request sent","status":"200 OK"}
{"time":"2026-08-30T06:38:46.354368303+02:00","level":"INFO","msg":"filestream: sending request","total_files":1,"events_offset":656,"events_lines":2}
{"time":"2026-08-30T06:38:46.721129193+02:00","level":"INFO","msg":"filestream: request sent","status":"200 OK"}
{"time":"2026-08-30T06:39:01.354048133+02:00","level":"INFO","msg":"filestream: sending request","total_files":3,"history_offset":509,"history_lines":9,"events_offset":658,"events_lines":2}
{"time":"2026-08-30T06:39:01.712242987+02:00","level":"INFO","msg":"filestream: request sent","status":"200 OK"}
{"time":"2026-08-30T06:39:16.354662997+02:00","level":"INFO","msg":"filestream: sending request","total_files":4,"history_offset":518,"history_lines":2,"events_offset":660,"events_lines":2,"console_offset":88,"console_lines":1}
{"time":"2026-08-30T06:39:16.747612485+02:00","level":"INFO","msg":"filestream: request sent","status":"200 OK"}
{"time":"2026-08-30T06:39:31.35463756+02:00","level":"INFO","msg":"filestream: sending request","total_files":1,"events_offset":662,"events_lines":2}
{"time":"2026-08-30T06:39:31.733392276+02:00","level":"INFO","msg":"filestream: request sent","status":"200 OK"}
{"time":"2026-08-30T06:39:46.354103396+02:00","level":"INFO","msg":"filestream: sending request","total_files":4,"history_offset":520,"history_lines":6,"events_offset":664,"events_lines":2,"console_offset":89,"console_lines":1}
{"time":"2026-08-30T06:39:46.704717809+02:00","level":"INFO","msg":"filestream: request sent","status":"200 OK"}
{"time":"2026-08-30T06:40:01.35451765+02:00","level":"INFO","msg":"filestream: sending request","total_files":1,"events_offset":666,"events_lines":2}
{"time":"2026-08-30T06:40:01.72382402+02:00","level":"INFO","msg":"filestream: request sent","status":"200 OK"}
{"time":"2026-08-30T06:40:16.35511964+02:00","level":"INFO","msg":"filestream: sending request","total_files":3,"history_offset":526,"history_lines":8,"events_offset":668,"events_lines":2}
{"time":"2026-08-30T06:40:16.726354985+02:00","level":"INFO","msg":"filestream: request sent","status":"200 OK"}
{"time":"2026-08-30T06:40:31.354823573+02:00","level":"INFO","msg":"filestream: sending request","total_files":4,"history_offset":534,"history_lines":2,"events_offset":670,"events_lines":2,"console_offset":90,"console_lines":1}
{"time":"2026-08-30T06:40:31.701965296+02:00","level":"INFO","msg":"filestream: request sent","status":"200 OK"}
{"time":"2026-08-30T06:40:46.355044263+02:00","level":"INFO","msg":"filestream: sending request","total_files":1,"events_offset":672,"events_lines":2}
{"time":"2026-08-30T06:40:46.715878546+02:00","level":"INFO","msg":"filestream: request sent","status":"200 OK"}
{"time":"2026-08-30T06:41:01.354410489+02:00","level":"INFO","msg":"filestream: sending request","total_files":4,"history_offset":536,"history_lines":7,"events_offset":674,"events_lines":2,"console_offset":91,"console_lines":1}
{"time":"2026-08-30T06:41:01.695610008+02:00","level":"INFO","msg":"filestream: request sent","status":"200 OK"}
{"time":"2026-08-30T06:41:16.354283355+02:00","level":"INFO","msg":"filestream: sending request","total_files":1,"events_offset":676,"events_lines":2}
{"time":"2026-08-30T06:41:16.776797797+02:00","level":"INFO","msg":"filestream: request sent","status":"200 OK"}
{"time":"2026-08-30T06:41:31.354402645+02:00","level":"INFO","msg":"filestream: sending request","total_files":1,"events_offset":678,"events_lines":2}
{"time":"2026-08-30T06:41:31.7308042+02:00","level":"INFO","msg":"filestream: request sent","status":"200 OK"}
{"time":"2026-08-30T06:41:46.354707607+02:00","level":"INFO","msg":"filestream: sending request","total_files":4,"history_offset":543,"history_lines":8,"events_offset":680,"events_lines":2,"console_offset":92,"console_lines":4}
{"time":"2026-08-30T06:41:46.734192715+02:00","level":"INFO","msg":"filestream: request sent","status":"200 OK"}
{"time":"2026-08-30T06:42:01.3540748+02:00","level":"INFO","msg":"filestream: sending request","total_files":1,"events_offset":682,"events_lines":2,"uploaded_len":1}
{"time":"2026-08-30T06:42:01.726680632+02:00","level":"INFO","msg":"filestream: request sent","status":"200 OK"}
{"time":"2026-08-30T06:42:16.354388803+02:00","level":"INFO","msg":"filestream: sending request","total_files":1,"events_offset":684,"events_lines":2}
{"time":"2026-08-30T06:42:16.70221281+02:00","level":"INFO","msg":"filestream: request sent","status":"200 OK"}
{"time":"2026-08-30T06:42:31.354528161+02:00","level":"INFO","msg":"filestream: sending request","total_files":1,"events_offset":686,"events_lines":2}
{"time":"2026-08-30T06:42:31.750260715+02:00","level":"INFO","msg":"filestream: request sent","status":"200 OK"}
{"time":"2026-08-30T06:42:46.354714363+02:00","level":"INFO","msg":"filestream: sending request","total_files":1,"events_offset":688,"events_lines":2}
{"time":"2026-08-30T06:42:46.70195079+02:00","level":"INFO","msg":"filestream: request sent","status":"200 OK"}
{"time":"2026-08-30T06:43:01.354497821+02:00","level":"INFO","msg":"filestream: sending request","total_files":1,"events_offset":690,"events_lines":2}
{"time":"2026-08-30T06:43:01.713909324+02:00","level":"INFO","msg":"filestream: request sent","status":"200 OK"}
{"time":"2026-08-30T06:43:16.353951971+02:00","level":"INFO","msg":"filestream: sending request","total_files":1,"events_offset":692,"events_lines":2}
{"time":"2026-08-30T06:43:16.698790548+02:00","level":"INFO","msg":"filestream: request sent","status":"200 OK"}
{"time":"2026-08-30T06:43:31.354609659+02:00","level":"INFO","msg":"filestream: sending request","total_files":1,"events_offset":694,"events_lines":2}
{"time":"2026-08-30T06:43:31.720916917+02:00","level":"INFO","msg":"filestream: request sent","status":"200 OK"}
{"time":"2026-08-30T06:43:46.354568844+02:00","level":"INFO","msg":"filestream: sending request","total_files":1,"events_offset":696,"events_lines":2}
{"time":"2026-08-30T06:43:46.709511993+02:00","level":"INFO","msg":"filestream: request sent","status":"200 OK"}
{"time":"2026-08-30T06:44:01.354190567+02:00","level":"INFO","msg":"filestream: sending request","total_files":1,"events_offset":698,"events_lines":2}
{"time":"2026-08-30T06:44:01.76467761+02:00","level":"INFO","msg":"filestream: request sent","status":"200 OK"}
{"time":"2026-08-30T06:44:16.354483706+02:00","level":"INFO","msg":"filestream: sending request","total_files":1,"events_offset":700,"events_lines":2}
{"time":"2026-08-30T06:44:16.688744455+02:00","level":"INFO","msg":"filestream: request sent","status":"200 OK"}
{"time":"2026-08-30T06:44:31.354890101+02:00","level":"INFO","msg":"filestream: sending request","total_files":1,"events_offset":702,"events_lines":2}
{"time":"2026-08-30T06:44:31.734509533+02:00","level":"INFO","msg":"filestream: request sent","status":"200 OK"}
{"time":"2026-08-30T06:44:46.354186782+02:00","level":"INFO","msg":"filestream: sending request","total_files":1,"events_offset":704,"events_lines":2}
{"time":"2026-08-30T06:44:46.685363379+02:00","level":"INFO","msg":"filestream: request sent","status":"200 OK"}
{"time":"2026-08-30T06:45:01.354706167+02:00","level":"INFO","msg":"filestream: sending request","total_files":1,"events_offset":706,"events_lines":2}
{"time":"2026-08-30T06:45:01.721390926+02:00","level":"INFO","msg":"filestream: request sent","status":"200 OK"}
{"time":"2026-08-30T06:45:16.354542819+02:00","level":"INFO","msg":"filestream: sending request","total_files":1,"events_offset":708,"events_lines":2}
{"time":"2026-08-30T06:45:16.729701974+02:00","level":"INFO","msg":"filestream: request sent","status":"200 OK"}
{"time":"2026-08-30T06:45:31.354988161+02:00","level":"INFO","msg":"filestream: sending request","total_files":1,"events_offset":710,"events_lines":2}
{"time":"2026-08-30T06:45:31.719504522+02:00","level":"INFO","msg":"filestream: request sent","status":"200 OK"}
{"time":"2026-08-30T06:45:46.354798844+02:00","level":"INFO","msg":"filestream: sending request","total_files":1,"events_offset":712,"events_lines":2}
{"time":"2026-08-30T06:45:46.72500543+02:00","level":"INFO","msg":"filestream: request sent","status":"200 OK"}
{"time":"2026-08-30T06:46:01.354423467+02:00","level":"INFO","msg":"filestream: sending request","total_files":1,"events_offset":714,"events_lines":2}
{"time":"2026-08-30T06:46:01.719527834+02:00","level":"INFO","msg":"filestream: request sent","status":"200 OK"}
{"time":"2026-08-30T06:46:16.354891172+02:00","level":"INFO","msg":"filestream: sending request","total_files":1,"events_offset":716,"events_lines":2}
{"time":"2026-08-30T06:46:16.71613541+02:00","level":"INFO","msg":"filestream: request sent","status":"200 OK"}
{"time":"2026-08-30T06:46:31.354712454+02:00","level":"INFO","msg":"filestream: sending request","total_files":1,"events_offset":718,"events_lines":2}
{"time":"2026-08-30T06:46:31.783090273+02:00","level":"INFO","msg":"filestream: request sent","status":"200 OK"}
{"time":"2026-08-30T06:46:46.354870559+02:00","level":"INFO","msg":"filestream: sending request","total_files":1,"events_offset":720,"events_lines":2}
{"time":"2026-08-30T06:46:46.732100877+02:00","level":"INFO","msg":"filestream: request sent","status":"200 OK"}
{"time":"2026-08-30T06:47:01.355041389+02:00","level":"INFO","msg":"filestream: sending request","total_files":1,"events_offset":722,"events_lines":2}
{"time":"2026-08-30T06:47:01.739411506+02:00","level":"INFO","msg":"filestream: request sent","status":"200 OK"}
{"time":"2026-08-30T06:47:16.353992391+02:00","level":"INFO","msg":"filestream: sending request","total_files":4,"history_offset":551,"history_lines":1,"events_offset":724,"events_lines":2,"console_offset":96,"console_lines":1}
{"time":"2026-08-30T06:47:16.735737618+02:00","level":"INFO","msg":"filestream: request sent","status":"200 OK"}
{"time":"2026-08-30T06:47:31.353960265+02:00","level":"INFO","msg":"filestream: sending request","total_files":1,"events_offset":726,"events_lines":2}
{"time":"2026-08-30T06:47:31.718320015+02:00","level":"INFO","msg":"filestream: request sent","status":"200 OK"}
{"time":"2026-08-30T06:47:46.354953856+02:00","level":"INFO","msg":"filestream: sending request","total_files":4,"history_offset":552,"history_lines":4,"events_offset":728,"events_lines":2,"console_offset":97,"console_lines":1}
{"time":"2026-08-30T06:47:46.72169972+02:00","level":"INFO","msg":"filestream: request sent","status":"200 OK"}
{"time":"2026-08-30T06:48:01.354192868+02:00","level":"INFO","msg":"filestream: sending request","total_files":1,"events_offset":730,"events_lines":2}
{"time":"2026-08-30T06:48:01.747385216+02:00","level":"INFO","msg":"filestream: request sent","status":"200 OK"}
{"time":"2026-08-30T06:48:16.354085349+02:00","level":"INFO","msg":"filestream: sending request","total_files":1,"events_offset":732,"events_lines":2}
{"time":"2026-08-30T06:48:16.720520015+02:00","level":"INFO","msg":"filestream: request sent","status":"200 OK"}
{"time":"2026-08-30T06:48:31.354431909+02:00","level":"INFO","msg":"filestream: sending request","total_files":4,"history_offset":556,"history_lines":11,"events_offset":734,"events_lines":2,"console_offset":98,"console_lines":1}
{"time":"2026-08-30T06:48:31.949041551+02:00","level":"INFO","msg":"filestream: request sent","status":"200 OK"}
{"time":"2026-08-30T06:48:46.354171782+02:00","level":"INFO","msg":"filestream: sending request","total_files":1,"events_offset":736,"events_lines":2}
{"time":"2026-08-30T06:48:46.741370864+02:00","level":"INFO","msg":"filestream: request sent","status":"200 OK"}
{"time":"2026-08-30T06:49:01.354507493+02:00","level":"INFO","msg":"filestream: sending request","total_files":3,"history_offset":567,"history_lines":7,"events_offset":738,"events_lines":2}
{"time":"2026-08-30T06:49:01.723377618+02:00","level":"INFO","msg":"filestream: request sent","status":"200 OK"}
{"time":"2026-08-30T06:49:16.354799916+02:00","level":"INFO","msg":"filestream: sending request","total_files":4,"history_offset":574,"history_lines":2,"events_offset":740,"events_lines":2,"console_offset":99,"console_lines":1}
{"time":"2026-08-30T06:49:16.717619331+02:00","level":"INFO","msg":"filestream: request sent","status":"200 OK"}
{"time":"2026-08-30T06:49:31.354575953+02:00","level":"INFO","msg":"filestream: sending request","total_files":1,"events_offset":742,"events_lines":2}
{"time":"2026-08-30T06:49:31.708499863+02:00","level":"INFO","msg":"filestream: request sent","status":"200 OK"}
{"time":"2026-08-30T06:49:46.354461597+02:00","level":"INFO","msg":"filestream: sending request","total_files":4,"history_offset":576,"history_lines":9,"events_offset":744,"events_lines":2,"console_offset":100,"console_lines":1}
{"time":"2026-08-30T06:49:46.724852263+02:00","level":"INFO","msg":"filestream: request sent","status":"200 OK"}
{"time":"2026-08-30T06:50:01.354426853+02:00","level":"INFO","msg":"filestream: sending request","total_files":1,"events_offset":746,"events_lines":2}
{"time":"2026-08-30T06:50:01.710560792+02:00","level":"INFO","msg":"filestream: request sent","status":"200 OK"}
{"time":"2026-08-30T06:50:16.354713639+02:00","level":"INFO","msg":"filestream: sending request","total_files":3,"history_offset":585,"history_lines":6,"events_offset":748,"events_lines":2}
{"time":"2026-08-30T06:50:16.750491035+02:00","level":"INFO","msg":"filestream: request sent","status":"200 OK"}
{"time":"2026-08-30T06:50:31.354487586+02:00","level":"INFO","msg":"filestream: sending request","total_files":4,"history_offset":591,"history_lines":2,"events_offset":750,"events_lines":2,"console_offset":101,"console_lines":1}
{"time":"2026-08-30T06:50:31.705119526+02:00","level":"INFO","msg":"filestream: request sent","status":"200 OK"}
{"time":"2026-08-30T06:50:46.354507365+02:00","level":"INFO","msg":"filestream: sending request","total_files":1,"events_offset":752,"events_lines":2}
{"time":"2026-08-30T06:50:46.687441277+02:00","level":"INFO","msg":"filestream: request sent","status":"200 OK"}
{"time":"2026-08-30T06:51:01.354434424+02:00","level":"INFO","msg":"filestream: sending request","total_files":4,"history_offset":593,"history_lines":10,"events_offset":754,"events_lines":2,"console_offset":102,"console_lines":1}
{"time":"2026-08-30T06:51:01.736255766+02:00","level":"INFO","msg":"filestream: request sent","status":"200 OK"}
{"time":"2026-08-30T06:51:16.354285835+02:00","level":"INFO","msg":"filestream: sending request","total_files":1,"events_offset":756,"events_lines":2}
{"time":"2026-08-30T06:51:16.72840196+02:00","level":"INFO","msg":"filestream: request sent","status":"200 OK"}
{"time":"2026-08-30T06:51:31.354715122+02:00","level":"INFO","msg":"filestream: sending request","total_files":1,"events_offset":758,"events_lines":2}
{"time":"2026-08-30T06:51:31.720942095+02:00","level":"INFO","msg":"filestream: request sent","status":"200 OK"}
{"time":"2026-08-30T06:51:46.354340963+02:00","level":"INFO","msg":"filestream: sending request","total_files":4,"history_offset":603,"history_lines":6,"events_offset":760,"events_lines":2,"console_offset":103,"console_lines":1}
{"time":"2026-08-30T06:51:46.737279818+02:00","level":"INFO","msg":"filestream: request sent","status":"200 OK"}
{"time":"2026-08-30T06:52:01.354445702+02:00","level":"INFO","msg":"filestream: sending request","total_files":1,"events_offset":762,"events_lines":2}
{"time":"2026-08-30T06:52:01.737217125+02:00","level":"INFO","msg":"filestream: request sent","status":"200 OK"}
{"time":"2026-08-30T06:52:16.354996539+02:00","level":"INFO","msg":"filestream: sending request","total_files":3,"history_offset":609,"history_lines":5,"events_offset":764,"events_lines":2}
{"time":"2026-08-30T06:52:16.737291669+02:00","level":"INFO","msg":"filestream: request sent","status":"200 OK"}
{"time":"2026-08-30T06:52:31.354738136+02:00","level":"INFO","msg":"filestream: sending request","total_files":4,"history_offset":614,"history_lines":2,"events_offset":766,"events_lines":2,"console_offset":104,"console_lines":1}
{"time":"2026-08-30T06:52:31.710592977+02:00","level":"INFO","msg":"filestream: request sent","status":"200 OK"}
{"time":"2026-08-30T06:52:46.354314347+02:00","level":"INFO","msg":"filestream: sending request","total_files":1,"events_offset":768,"events_lines":2}
{"time":"2026-08-30T06:52:46.719311953+02:00","level":"INFO","msg":"filestream: request sent","status":"200 OK"}
{"time":"2026-08-30T06:53:01.354455929+02:00","level":"INFO","msg":"filestream: sending request","total_files":4,"history_offset":616,"history_lines":7,"events_offset":770,"events_lines":2,"console_offset":105,"console_lines":1}
{"time":"2026-08-30T06:53:01.725942305+02:00","level":"INFO","msg":"filestream: request sent","status":"200 OK"}
{"time":"2026-08-30T06:53:16.354575591+02:00","level":"INFO","msg":"filestream: sending request","total_files":1,"events_offset":772,"events_lines":2}
{"time":"2026-08-30T06:53:16.744322102+02:00","level":"INFO","msg":"filestream: request sent","status":"200 OK"}
{"time":"2026-08-30T06:53:31.354908811+02:00","level":"INFO","msg":"filestream: sending request","total_files":1,"events_offset":774,"events_lines":2}
{"time":"2026-08-30T06:53:31.719787627+02:00","level":"INFO","msg":"filestream: request sent","status":"200 OK"}
{"time":"2026-08-30T06:53:46.354362633+02:00","level":"INFO","msg":"filestream: sending request","total_files":4,"history_offset":623,"history_lines":10,"events_offset":776,"events_lines":2,"console_offset":106,"console_lines":1}
{"time":"2026-08-30T06:53:46.759301602+02:00","level":"INFO","msg":"filestream: request sent","status":"200 OK"}
{"time":"2026-08-30T06:54:01.354456305+02:00","level":"INFO","msg":"filestream: sending request","total_files":1,"events_offset":778,"events_lines":2}
{"time":"2026-08-30T06:54:01.726058852+02:00","level":"INFO","msg":"filestream: request sent","status":"200 OK"}
{"time":"2026-08-30T06:54:16.354464763+02:00","level":"INFO","msg":"filestream: sending request","total_files":3,"history_offset":633,"history_lines":5,"events_offset":780,"events_lines":2}
{"time":"2026-08-30T06:54:16.708415645+02:00","level":"INFO","msg":"filestream: request sent","status":"200 OK"}
{"time":"2026-08-30T06:54:31.354513899+02:00","level":"INFO","msg":"filestream: sending request","total_files":4,"history_offset":638,"history_lines":2,"events_offset":782,"events_lines":2,"console_offset":107,"console_lines":1}
{"time":"2026-08-30T06:54:31.720808361+02:00","level":"INFO","msg":"filestream: request sent","status":"200 OK"}
{"time":"2026-08-30T06:54:46.354278783+02:00","level":"INFO","msg":"filestream: sending request","total_files":1,"events_offset":784,"events_lines":2}
{"time":"2026-08-30T06:54:46.734560684+02:00","level":"INFO","msg":"filestream: request sent","status":"200 OK"}
{"time":"2026-08-30T06:55:01.35501577+02:00","level":"INFO","msg":"filestream: sending request","total_files":4,"history_offset":640,"history_lines":8,"events_offset":786,"events_lines":2,"console_offset":108,"console_lines":1}
{"time":"2026-08-30T06:55:01.769749114+02:00","level":"INFO","msg":"filestream: request sent","status":"200 OK"}
{"time":"2026-08-30T06:55:16.354300698+02:00","level":"INFO","msg":"filestream: sending request","total_files":1,"events_offset":788,"events_lines":2}
{"time":"2026-08-30T06:55:16.715499768+02:00","level":"INFO","msg":"filestream: request sent","status":"200 OK"}
{"time":"2026-08-30T06:55:31.354765934+02:00","level":"INFO","msg":"filestream: sending request","total_files":3,"history_offset":648,"history_lines":5,"events_offset":790,"events_lines":2}
{"time":"2026-08-30T06:55:31.754433709+02:00","level":"INFO","msg":"filestream: request sent","status":"200 OK"}
{"time":"2026-08-30T06:55:46.3545345+02:00","level":"INFO","msg":"filestream: sending request","total_files":4,"history_offset":653,"history_lines":2,"events_offset":792,"events_lines":2,"console_offset":109,"console_lines":1}
{"time":"2026-08-30T06:55:46.73270008+02:00","level":"INFO","msg":"filestream: request sent","status":"200 OK"}
{"time":"2026-08-30T06:56:01.354445128+02:00","level":"INFO","msg":"filestream: sending request","total_files":1,"events_offset":794,"events_lines":2}
{"time":"2026-08-30T06:56:01.702609734+02:00","level":"INFO","msg":"filestream: request sent","status":"200 OK"}
{"time":"2026-08-30T06:56:16.354596683+02:00","level":"INFO","msg":"filestream: sending request","total_files":4,"history_offset":655,"history_lines":9,"events_offset":796,"events_lines":2,"console_offset":110,"console_lines":1}
{"time":"2026-08-30T06:56:16.720534554+02:00","level":"INFO","msg":"filestream: request sent","status":"200 OK"}
{"time":"2026-08-30T06:56:31.354269848+02:00","level":"INFO","msg":"filestream: sending request","total_files":1,"events_offset":798,"events_lines":2}
{"time":"2026-08-30T06:56:31.714664354+02:00","level":"INFO","msg":"filestream: request sent","status":"200 OK"}
{"time":"2026-08-30T06:56:46.354889985+02:00","level":"INFO","msg":"filestream: sending request","total_files":1,"events_offset":800,"events_lines":2}
{"time":"2026-08-30T06:56:46.690793404+02:00","level":"INFO","msg":"filestream: request sent","status":"200 OK"}
{"time":"2026-08-30T06:57:01.355009881+02:00","level":"INFO","msg":"filestream: sending request","total_files":4,"history_offset":664,"history_lines":9,"events_offset":802,"events_lines":2,"console_offset":111,"console_lines":1}
{"time":"2026-08-30T06:57:01.758267607+02:00","level":"INFO","msg":"filestream: request sent","status":"200 OK"}
{"time":"2026-08-30T06:57:16.354356887+02:00","level":"INFO","msg":"filestream: sending request","total_files":1,"events_offset":804,"events_lines":2}
{"time":"2026-08-30T06:57:16.73318558+02:00","level":"INFO","msg":"filestream: request sent","status":"200 OK"}
{"time":"2026-08-30T06:57:31.3548298+02:00","level":"INFO","msg":"filestream: sending request","total_files":3,"history_offset":673,"history_lines":8,"events_offset":806,"events_lines":2}
{"time":"2026-08-30T06:57:31.762024632+02:00","level":"INFO","msg":"filestream: request sent","status":"200 OK"}
{"time":"2026-08-30T06:57:46.354169906+02:00","level":"INFO","msg":"filestream: sending request","total_files":4,"history_offset":681,"history_lines":2,"events_offset":808,"events_lines":2,"console_offset":112,"console_lines":4,"uploaded_len":1}
{"time":"2026-08-30T06:57:46.74880441+02:00","level":"INFO","msg":"filestream: request sent","status":"200 OK"}
{"time":"2026-08-30T06:58:01.354950616+02:00","level":"INFO","msg":"filestream: sending request","total_files":1,"events_offset":810,"events_lines":2}
{"time":"2026-08-30T06:58:01.769482559+02:00","level":"INFO","msg":"filestream: request sent","status":"200 OK"}
{"time":"2026-08-30T06:58:16.354485299+02:00","level":"INFO","msg":"filestream: sending request","total_files":1,"events_offset":812,"events_lines":2}
{"time":"2026-08-30T06:58:16.769717381+02:00","level":"INFO","msg":"filestream: request sent","status":"200 OK"}
{"time":"2026-08-30T06:58:31.354687987+02:00","level":"INFO","msg":"filestream: sending request","total_files":1,"events_offset":814,"events_lines":2}
{"time":"2026-08-30T06:58:31.723925164+02:00","level":"INFO","msg":"filestream: request sent","status":"200 OK"}
{"time":"2026-08-30T06:58:46.35446925+02:00","level":"INFO","msg":"filestream: sending request","total_files":1,"events_offset":816,"events_lines":2}
{"time":"2026-08-30T06:58:46.736170393+02:00","level":"INFO","msg":"filestream: request sent","status":"200 OK"}
{"time":"2026-08-30T06:59:01.354528191+02:00","level":"INFO","msg":"filestream: sending request","total_files":1,"events_offset":818,"events_lines":2}
{"time":"2026-08-30T06:59:01.745599014+02:00","level":"INFO","msg":"filestream: request sent","status":"200 OK"}
{"time":"2026-08-30T06:59:16.354407021+02:00","level":"INFO","msg":"filestream: sending request","total_files":1,"events_offset":820,"events_lines":2}
{"time":"2026-08-30T06:59:16.797369501+02:00","level":"INFO","msg":"filestream: request sent","status":"200 OK"}
{"time":"2026-08-30T06:59:31.354121518+02:00","level":"INFO","msg":"filestream: sending request","total_files":1,"events_offset":822,"events_lines":2}
{"time":"2026-08-30T06:59:31.718959875+02:00","level":"INFO","msg":"filestream: request sent","status":"200 OK"}
{"time":"2026-08-30T06:59:46.354450084+02:00","level":"INFO","msg":"filestream: sending request","total_files":1,"events_offset":824,"events_lines":2}
{"time":"2026-08-30T06:59:46.791121164+02:00","level":"INFO","msg":"filestream: request sent","status":"200 OK"}
{"time":"2026-08-30T07:00:01.354056489+02:00","level":"INFO","msg":"filestream: sending request","total_files":1,"events_offset":826,"events_lines":2}
{"time":"2026-08-30T07:00:01.746169283+02:00","level":"INFO","msg":"filestream: request sent","status":"200 OK"}
{"time":"2026-08-30T07:00:16.354304027+02:00","level":"INFO","msg":"filestream: sending request","total_files":1,"events_offset":828,"events_lines":2}
{"time":"2026-08-30T07:00:16.734519311+02:00","level":"INFO","msg":"filestream: request sent","status":"200 OK"}
{"time":"2026-08-30T07:00:31.354270554+02:00","level":"INFO","msg":"filestream: sending request","total_files":1,"events_offset":830,"events_lines":2}
{"time":"2026-08-30T07:00:31.714026541+02:00","level":"INFO","msg":"filestream: request sent","status":"200 OK"}
{"time":"2026-08-30T07:00:46.354265017+02:00","level":"INFO","msg":"filestream: sending request","total_files":1,"events_offset":832,"events_lines":2}
{"time":"2026-08-30T07:00:46.73065115+02:00","level":"INFO","msg":"filestream: request sent","status":"200 OK"}
{"time":"2026-08-30T07:01:01.354384923+02:00","level":"INFO","msg":"filestream: sending request","total_files":1,"events_offset":834,"events_lines":2}
{"time":"2026-08-30T07:01:01.699806713+02:00","level":"INFO","msg":"filestream: request sent","status":"200 OK"}
{"time":"2026-08-30T07:01:16.354710649+02:00","level":"INFO","msg":"filestream: sending request","total_files":1,"events_offset":836,"events_lines":2}
{"time":"2026-08-30T07:01:16.766581024+02:00","level":"INFO","msg":"filestream: request sent","status":"200 OK"}
{"time":"2026-08-30T07:01:31.354733125+02:00","level":"INFO","msg":"filestream: sending request","total_files":1,"events_offset":838,"events_lines":2}
{"time":"2026-08-30T07:01:31.742059981+02:00","level":"INFO","msg":"filestream: request sent","status":"200 OK"}
{"time":"2026-08-30T07:01:46.354198424+02:00","level":"INFO","msg":"filestream: sending request","total_files":1,"events_offset":840,"events_lines":2}
{"time":"2026-08-30T07:01:46.726658333+02:00","level":"INFO","msg":"filestream: request sent","status":"200 OK"}
{"time":"2026-08-30T07:02:01.3540377+02:00","level":"INFO","msg":"filestream: sending request","total_files":1,"events_offset":842,"events_lines":2}
{"time":"2026-08-30T07:02:01.739138003+02:00","level":"INFO","msg":"filestream: request sent","status":"200 OK"}
{"time":"2026-08-30T07:02:16.354971502+02:00","level":"INFO","msg":"filestream: sending request","total_files":1,"events_offset":844,"events_lines":2}
{"time":"2026-08-30T07:02:16.875069202+02:00","level":"INFO","msg":"filestream: request sent","status":"200 OK"}
{"time":"2026-08-30T07:02:31.354336999+02:00","level":"INFO","msg":"filestream: sending request","total_files":1,"events_offset":846,"events_lines":2}
{"time":"2026-08-30T07:02:31.733963145+02:00","level":"INFO","msg":"filestream: request sent","status":"200 OK"}
{"time":"2026-08-30T07:02:46.354176205+02:00","level":"INFO","msg":"filestream: sending request","total_files":1,"events_offset":848,"events_lines":2}
{"time":"2026-08-30T07:02:46.718691426+02:00","level":"INFO","msg":"filestream: request sent","status":"200 OK"}
{"time":"2026-08-30T07:03:01.354277993+02:00","level":"INFO","msg":"filestream: sending request","total_files":1,"events_offset":850,"events_lines":2}
{"time":"2026-08-30T07:03:01.748038905+02:00","level":"INFO","msg":"filestream: request sent","status":"200 OK"}
{"time":"2026-08-30T07:03:16.355078035+02:00","level":"INFO","msg":"filestream: sending request","total_files":1,"events_offset":852,"events_lines":2}
{"time":"2026-08-30T07:03:16.755044333+02:00","level":"INFO","msg":"filestream: request sent","status":"200 OK"}
{"time":"2026-08-30T07:03:31.354286515+02:00","level":"INFO","msg":"filestream: sending request","total_files":1,"events_offset":854,"events_lines":2}
{"time":"2026-08-30T07:03:31.730316255+02:00","level":"INFO","msg":"filestream: request sent","status":"200 OK"}
{"time":"2026-08-30T07:03:46.354668755+02:00","level":"INFO","msg":"filestream: sending request","total_files":4,"history_offset":683,"history_lines":1,"events_offset":856,"events_lines":2,"console_offset":116,"console_lines":1}
{"time":"2026-08-30T07:03:46.745549696+02:00","level":"INFO","msg":"filestream: request sent","status":"200 OK"}
{"time":"2026-08-30T07:04:01.354779027+02:00","level":"INFO","msg":"filestream: sending request","total_files":1,"events_offset":858,"events_lines":2}
{"time":"2026-08-30T07:04:01.79418287+02:00","level":"INFO","msg":"filestream: request sent","status":"200 OK"}
{"time":"2026-08-30T07:04:16.354926819+02:00","level":"INFO","msg":"filestream: sending request","total_files":1,"events_offset":860,"events_lines":2}
{"time":"2026-08-30T07:04:16.741914434+02:00","level":"INFO","msg":"filestream: request sent","status":"200 OK"}
{"time":"2026-08-30T07:04:31.354210865+02:00","level":"INFO","msg":"filestream: sending request","total_files":4,"history_offset":684,"history_lines":7,"events_offset":862,"events_lines":2,"console_offset":117,"console_lines":1}
{"time":"2026-08-30T07:04:31.752546476+02:00","level":"INFO","msg":"filestream: request sent","status":"200 OK"}
{"time":"2026-08-30T07:04:46.354077262+02:00","level":"INFO","msg":"filestream: sending request","total_files":1,"events_offset":864,"events_lines":2}
{"time":"2026-08-30T07:04:46.713051275+02:00","level":"INFO","msg":"filestream: request sent","status":"200 OK"}
{"time":"2026-08-30T07:05:01.355030912+02:00","level":"INFO","msg":"filestream: sending request","total_files":3,"history_offset":691,"history_lines":6,"events_offset":866,"events_lines":2}
{"time":"2026-08-30T07:05:01.770914234+02:00","level":"INFO","msg":"filestream: request sent","status":"200 OK"}
{"time":"2026-08-30T07:05:16.355035432+02:00","level":"INFO","msg":"filestream: sending request","total_files":4,"history_offset":697,"history_lines":2,"events_offset":868,"events_lines":2,"console_offset":118,"console_lines":1}
{"time":"2026-08-30T07:05:16.754408406+02:00","level":"INFO","msg":"filestream: request sent","status":"200 OK"}
{"time":"2026-08-30T07:05:31.35482337+02:00","level":"INFO","msg":"filestream: sending request","total_files":1,"events_offset":870,"events_lines":2}
{"time":"2026-08-30T07:05:31.783318716+02:00","level":"INFO","msg":"filestream: request sent","status":"200 OK"}
{"time":"2026-08-30T07:05:46.35427492+02:00","level":"INFO","msg":"filestream: sending request","total_files":4,"history_offset":699,"history_lines":6,"events_offset":872,"events_lines":2,"console_offset":119,"console_lines":1}
{"time":"2026-08-30T07:05:46.773883917+02:00","level":"INFO","msg":"filestream: request sent","status":"200 OK"}
{"time":"2026-08-30T07:06:01.354596743+02:00","level":"INFO","msg":"filestream: sending request","total_files":1,"events_offset":874,"events_lines":2}
{"time":"2026-08-30T07:06:01.791830858+02:00","level":"INFO","msg":"filestream: request sent","status":"200 OK"}
{"time":"2026-08-30T07:06:16.354361991+02:00","level":"INFO","msg":"filestream: sending request","total_files":3,"history_offset":705,"history_lines":5,"events_offset":876,"events_lines":2}
{"time":"2026-08-30T07:06:16.762222345+02:00","level":"INFO","msg":"filestream: request sent","status":"200 OK"}
{"time":"2026-08-30T07:06:31.354825142+02:00","level":"INFO","msg":"filestream: sending request","total_files":4,"history_offset":710,"history_lines":2,"events_offset":878,"events_lines":2,"console_offset":120,"console_lines":1}
{"time":"2026-08-30T07:06:31.782203645+02:00","level":"INFO","msg":"filestream: request sent","status":"200 OK"}
{"time":"2026-08-30T07:06:46.354027158+02:00","level":"INFO","msg":"filestream: sending request","total_files":1,"events_offset":880,"events_lines":2}
{"time":"2026-08-30T07:06:46.747579579+02:00","level":"INFO","msg":"filestream: request sent","status":"200 OK"}
{"time":"2026-08-30T07:07:01.354495959+02:00","level":"INFO","msg":"filestream: sending request","total_files":4,"history_offset":712,"history_lines":10,"events_offset":882,"events_lines":2,"console_offset":121,"console_lines":1}
{"time":"2026-08-30T07:07:01.741007105+02:00","level":"INFO","msg":"filestream: request sent","status":"200 OK"}
{"time":"2026-08-30T07:07:16.354125651+02:00","level":"INFO","msg":"filestream: sending request","total_files":1,"events_offset":884,"events_lines":2}
{"time":"2026-08-30T07:07:16.767156377+02:00","level":"INFO","msg":"filestream: request sent","status":"200 OK"}
{"time":"2026-08-30T07:07:31.354516596+02:00","level":"INFO","msg":"filestream: sending request","total_files":1,"events_offset":886,"events_lines":2}
{"time":"2026-08-30T07:07:31.773523096+02:00","level":"INFO","msg":"filestream: request sent","status":"200 OK"}
{"time":"2026-08-30T07:07:46.355043967+02:00","level":"INFO","msg":"filestream: sending request","total_files":4,"history_offset":722,"history_lines":10,"events_offset":888,"events_lines":2,"console_offset":122,"console_lines":1}
{"time":"2026-08-30T07:07:46.722361799+02:00","level":"INFO","msg":"filestream: request sent","status":"200 OK"}
{"time":"2026-08-30T07:08:01.355016736+02:00","level":"INFO","msg":"filestream: sending request","total_files":1,"events_offset":890,"events_lines":2}
{"time":"2026-08-30T07:08:01.755797773+02:00","level":"INFO","msg":"filestream: request sent","status":"200 OK"}
{"time":"2026-08-30T07:08:16.354227965+02:00","level":"INFO","msg":"filestream: sending request","total_files":4,"history_offset":732,"history_lines":7,"events_offset":892,"events_lines":2,"console_offset":123,"console_lines":1}
{"time":"2026-08-30T07:08:16.918686273+02:00","level":"INFO","msg":"filestream: request sent","status":"200 OK"}
{"time":"2026-08-30T07:08:31.35489984+02:00","level":"INFO","msg":"filestream: sending request","total_files":1,"events_offset":894,"events_lines":2}
{"time":"2026-08-30T07:08:31.79385477+02:00","level":"INFO","msg":"filestream: request sent","status":"200 OK"}
{"time":"2026-08-30T07:08:46.354713728+02:00","level":"INFO","msg":"filestream: sending request","total_files":1,"events_offset":896,"events_lines":2}
{"time":"2026-08-30T07:08:46.727546085+02:00","level":"INFO","msg":"filestream: request sent","status":"200 OK"}
{"time":"2026-08-30T07:09:01.354982023+02:00","level":"INFO","msg":"filestream: sending request","total_files":4,"history_offset":739,"history_lines":5,"events_offset":898,"events_lines":2,"console_offset":124,"console_lines":1}
{"time":"2026-08-30T07:09:01.746744143+02:00","level":"INFO","msg":"filestream: request sent","status":"200 OK"}
{"time":"2026-08-30T07:09:16.354408142+02:00","level":"INFO","msg":"filestream: sending request","total_files":1,"events_offset":900,"events_lines":2}
{"time":"2026-08-30T07:09:16.818239394+02:00","level":"INFO","msg":"filestream: request sent","status":"200 OK"}
{"time":"2026-08-30T07:09:31.35506507+02:00","level":"INFO","msg":"filestream: sending request","total_files":3,"history_offset":744,"history_lines":5,"events_offset":902,"events_lines":2}
{"time":"2026-08-30T07:09:31.76119647+02:00","level":"INFO","msg":"filestream: request sent","status":"200 OK"}
{"time":"2026-08-30T07:09:46.354523678+02:00","level":"INFO","msg":"filestream: sending request","total_files":4,"history_offset":749,"history_lines":2,"events_offset":904,"events_lines":2,"console_offset":125,"console_lines":1}
{"time":"2026-08-30T07:09:46.792705654+02:00","level":"INFO","msg":"filestream: request sent","status":"200 OK"}
{"time":"2026-08-30T07:10:01.354495572+02:00","level":"INFO","msg":"filestream: sending request","total_files":1,"events_offset":906,"events_lines":2}
{"time":"2026-08-30T07:10:01.749489557+02:00","level":"INFO","msg":"filestream: request sent","status":"200 OK"}
{"time":"2026-08-30T07:10:16.354885512+02:00","level":"INFO","msg":"filestream: sending request","total_files":4,"history_offset":751,"history_lines":8,"events_offset":908,"events_lines":2,"console_offset":126,"console_lines":1}
{"time":"2026-08-30T07:10:16.80102585+02:00","level":"INFO","msg":"filestream: request sent","status":"200 OK"}
{"time":"2026-08-30T07:10:31.354214464+02:00","level":"INFO","msg":"filestream: sending request","total_files":1,"events_offset":910,"events_lines":2}
{"time":"2026-08-30T07:10:31.760030583+02:00","level":"INFO","msg":"filestream: request sent","status":"200 OK"}
{"time":"2026-08-30T07:10:46.354272008+02:00","level":"INFO","msg":"filestream: sending request","total_files":3,"history_offset":759,"history_lines":8,"events_offset":912,"events_lines":2}
{"time":"2026-08-30T07:10:46.801834889+02:00","level":"INFO","msg":"filestream: request sent","status":"200 OK"}
{"time":"2026-08-30T07:11:01.354959912+02:00","level":"INFO","msg":"filestream: sending request","total_files":4,"history_offset":767,"history_lines":2,"events_offset":914,"events_lines":2,"console_offset":127,"console_lines":1}
{"time":"2026-08-30T07:11:01.78581672+02:00","level":"INFO","msg":"filestream: request sent","status":"200 OK"}
{"time":"2026-08-30T07:11:16.354637519+02:00","level":"INFO","msg":"filestream: sending request","total_files":1,"events_offset":916,"events_lines":2}
{"time":"2026-08-30T07:11:16.736073192+02:00","level":"INFO","msg":"filestream: request sent","status":"200 OK"}
{"time":"2026-08-30T07:11:31.354170349+02:00","level":"INFO","msg":"filestream: sending request","total_files":4,"history_offset":769,"history_lines":7,"events_offset":918,"events_lines":2,"console_offset":128,"console_lines":1}
{"time":"2026-08-30T07:11:31.754137655+02:00","level":"INFO","msg":"filestream: request sent","status":"200 OK"}
{"time":"2026-08-30T07:11:46.354574118+02:00","level":"INFO","msg":"filestream: sending request","total_files":1,"events_offset":920,"events_lines":2}
{"time":"2026-08-30T07:11:46.784707606+02:00","level":"INFO","msg":"filestream: request sent","status":"200 OK"}
{"time":"2026-08-30T07:12:01.354679267+02:00","level":"INFO","msg":"filestream: sending request","total_files":1,"events_offset":922,"events_lines":2}
{"time":"2026-08-30T07:12:01.77346601+02:00","level":"INFO","msg":"filestream: request sent","status":"200 OK"}
{"time":"2026-08-30T07:12:16.354646463+02:00","level":"INFO","msg":"filestream: sending request","total_files":4,"history_offset":776,"history_lines":10,"events_offset":924,"events_lines":2,"console_offset":129,"console_lines":1}
{"time":"2026-08-30T07:12:16.75481959+02:00","level":"INFO","msg":"filestream: request sent","status":"200 OK"}
{"time":"2026-08-30T07:12:31.354584788+02:00","level":"INFO","msg":"filestream: sending request","total_files":1,"events_offset":926,"events_lines":2}
{"time":"2026-08-30T07:12:31.752395234+02:00","level":"INFO","msg":"filestream: request sent","status":"200 OK"}
{"time":"2026-08-30T07:12:46.354269749+02:00","level":"INFO","msg":"filestream: sending request","total_files":4,"history_offset":786,"history_lines":7,"events_offset":928,"events_lines":2,"console_offset":130,"console_lines":1}
{"time":"2026-08-30T07:12:47.057310084+02:00","level":"INFO","msg":"filestream: request sent","status":"200 OK"}
{"time":"2026-08-30T07:13:01.354325916+02:00","level":"INFO","msg":"filestream: sending request","total_files":1,"events_offset":930,"events_lines":2}
{"time":"2026-08-30T07:13:01.781872553+02:00","level":"INFO","msg":"filestream: request sent","status":"200 OK"}
{"time":"2026-08-30T07:13:16.354453209+02:00","level":"INFO","msg":"filestream: sending request","total_files":1,"events_offset":932,"events_lines":2}
{"time":"2026-08-30T07:13:16.734077075+02:00","level":"INFO","msg":"filestream: request sent","status":"200 OK"}
{"time":"2026-08-30T07:13:31.354188193+02:00","level":"INFO","msg":"filestream: sending request","total_files":4,"history_offset":793,"history_lines":12,"events_offset":934,"events_lines":2,"console_offset":131,"console_lines":1}
{"time":"2026-08-30T07:13:31.769927098+02:00","level":"INFO","msg":"filestream: request sent","status":"200 OK"}
{"time":"2026-08-30T07:13:46.354232619+02:00","level":"INFO","msg":"filestream: sending request","total_files":1,"events_offset":936,"events_lines":2}
{"time":"2026-08-30T07:13:46.765634008+02:00","level":"INFO","msg":"filestream: request sent","status":"200 OK"}
{"time":"2026-08-30T07:14:01.355035072+02:00","level":"INFO","msg":"filestream: sending request","total_files":3,"history_offset":805,"history_lines":2,"events_offset":938,"events_lines":2}
{"time":"2026-08-30T07:14:01.798248828+02:00","level":"INFO","msg":"filestream: request sent","status":"200 OK"}
{"time":"2026-08-30T07:14:16.354945383+02:00","level":"INFO","msg":"filestream: sending request","total_files":4,"history_offset":807,"history_lines":2,"events_offset":940,"events_lines":2,"console_offset":132,"console_lines":4,"uploaded_len":1}
{"time":"2026-08-30T07:14:16.811051831+02:00","level":"INFO","msg":"filestream: request sent","status":"200 OK"}
{"time":"2026-08-30T07:14:31.354641583+02:00","level":"INFO","msg":"filestream: sending request","total_files":1,"events_offset":942,"events_lines":2}
{"time":"2026-08-30T07:14:31.799198373+02:00","level":"INFO","msg":"filestream: request sent","status":"200 OK"}
{"time":"2026-08-30T07:14:46.354679688+02:00","level":"INFO","msg":"filestream: sending request","total_files":1,"events_offset":944,"events_lines":2}
{"time":"2026-08-30T07:14:46.823597475+02:00","level":"INFO","msg":"filestream: request sent","status":"200 OK"}
{"time":"2026-08-30T07:15:01.35430303+02:00","level":"INFO","msg":"filestream: sending request","total_files":1,"events_offset":946,"events_lines":2}
{"time":"2026-08-30T07:15:01.740147226+02:00","level":"INFO","msg":"filestream: request sent","status":"200 OK"}
{"time":"2026-08-30T07:15:16.354191377+02:00","level":"INFO","msg":"filestream: sending request","total_files":1,"events_offset":948,"events_lines":2}
{"time":"2026-08-30T07:15:16.752565582+02:00","level":"INFO","msg":"filestream: request sent","status":"200 OK"}
{"time":"2026-08-30T07:15:31.35443616+02:00","level":"INFO","msg":"filestream: sending request","total_files":1,"events_offset":950,"events_lines":2}
{"time":"2026-08-30T07:15:31.722587909+02:00","level":"INFO","msg":"filestream: request sent","status":"200 OK"}
{"time":"2026-08-30T07:15:46.354595165+02:00","level":"INFO","msg":"filestream: sending request","total_files":1,"events_offset":952,"events_lines":2}
{"time":"2026-08-30T07:15:46.703622538+02:00","level":"INFO","msg":"filestream: request sent","status":"200 OK"}
{"time":"2026-08-30T07:16:01.354872199+02:00","level":"INFO","msg":"filestream: sending request","total_files":1,"events_offset":954,"events_lines":2}
{"time":"2026-08-30T07:16:01.858500377+02:00","level":"INFO","msg":"filestream: request sent","status":"200 OK"}
{"time":"2026-08-30T07:16:16.35427473+02:00","level":"INFO","msg":"filestream: sending request","total_files":1,"events_offset":956,"events_lines":2}
{"time":"2026-08-30T07:16:16.760524188+02:00","level":"INFO","msg":"filestream: request sent","status":"200 OK"}
{"time":"2026-08-30T07:16:31.354617884+02:00","level":"INFO","msg":"filestream: sending request","total_files":1,"events_offset":958,"events_lines":2}
{"time":"2026-08-30T07:16:31.73103121+02:00","level":"INFO","msg":"filestream: request sent","status":"200 OK"}
{"time":"2026-08-30T07:16:46.354036772+02:00","level":"INFO","msg":"filestream: sending request","total_files":1,"events_offset":960,"events_lines":2}
{"time":"2026-08-30T07:16:46.737359817+02:00","level":"INFO","msg":"filestream: request sent","status":"200 OK"}
{"time":"2026-08-30T07:17:01.355061126+02:00","level":"INFO","msg":"filestream: sending request","total_files":1,"events_offset":962,"events_lines":2}
{"time":"2026-08-30T07:17:01.792524567+02:00","level":"INFO","msg":"filestream: request sent","status":"200 OK"}
{"time":"2026-08-30T07:17:16.354728295+02:00","level":"INFO","msg":"filestream: sending request","total_files":1,"events_offset":964,"events_lines":2}
{"time":"2026-08-30T07:17:17.526772388+02:00","level":"INFO","msg":"filestream: request sent","status":"200 OK"}
{"time":"2026-08-30T07:17:31.354115993+02:00","level":"INFO","msg":"filestream: sending request","total_files":1,"events_offset":966,"events_lines":2}
{"time":"2026-08-30T07:17:31.758974036+02:00","level":"INFO","msg":"filestream: request sent","status":"200 OK"}
{"time":"2026-08-30T07:17:46.354615151+02:00","level":"INFO","msg":"filestream: sending request","total_files":1,"events_offset":968,"events_lines":2}
{"time":"2026-08-30T07:17:46.796673047+02:00","level":"INFO","msg":"filestream: request sent","status":"200 OK"}
{"time":"2026-08-30T07:18:01.353969926+02:00","level":"INFO","msg":"filestream: sending request","total_files":1,"events_offset":970,"events_lines":2}
{"time":"2026-08-30T07:18:01.767032578+02:00","level":"INFO","msg":"filestream: request sent","status":"200 OK"}
{"time":"2026-08-30T07:18:16.354608852+02:00","level":"INFO","msg":"filestream: sending request","total_files":1,"events_offset":972,"events_lines":2}
{"time":"2026-08-30T07:18:16.778745588+02:00","level":"INFO","msg":"filestream: request sent","status":"200 OK"}
{"time":"2026-08-30T07:18:31.354698101+02:00","level":"INFO","msg":"filestream: sending request","total_files":1,"events_offset":974,"events_lines":2}
{"time":"2026-08-30T07:18:31.802490064+02:00","level":"INFO","msg":"filestream: request sent","status":"200 OK"}
{"time":"2026-08-30T07:18:46.354625156+02:00","level":"INFO","msg":"filestream: sending request","total_files":1,"events_offset":976,"events_lines":2}
{"time":"2026-08-30T07:18:46.72282076+02:00","level":"INFO","msg":"filestream: request sent","status":"200 OK"}
{"time":"2026-08-30T07:19:01.354522167+02:00","level":"INFO","msg":"filestream: sending request","total_files":1,"events_offset":978,"events_lines":2}
{"time":"2026-08-30T07:19:01.745583761+02:00","level":"INFO","msg":"filestream: request sent","status":"200 OK"}
{"time":"2026-08-30T07:19:16.354025189+02:00","level":"INFO","msg":"filestream: sending request","total_files":1,"events_offset":980,"events_lines":2}
{"time":"2026-08-30T07:19:16.81594748+02:00","level":"INFO","msg":"filestream: request sent","status":"200 OK"}
{"time":"2026-08-30T07:19:31.354075527+02:00","level":"INFO","msg":"filestream: sending request","total_files":1,"events_offset":982,"events_lines":2}
{"time":"2026-08-30T07:19:31.737450578+02:00","level":"INFO","msg":"filestream: request sent","status":"200 OK"}
{"time":"2026-08-30T07:19:46.354805507+02:00","level":"INFO","msg":"filestream: sending request","total_files":1,"events_offset":984,"events_lines":2}
{"time":"2026-08-30T07:19:46.830106224+02:00","level":"INFO","msg":"filestream: request sent","status":"200 OK"}
{"time":"2026-08-30T07:20:01.354988677+02:00","level":"INFO","msg":"filestream: sending request","total_files":4,"history_offset":809,"history_lines":1,"events_offset":986,"events_lines":2,"console_offset":136,"console_lines":1}
{"time":"2026-08-30T07:20:01.729942971+02:00","level":"INFO","msg":"filestream: request sent","status":"200 OK"}
{"time":"2026-08-30T07:20:16.354117033+02:00","level":"INFO","msg":"filestream: sending request","total_files":1,"events_offset":988,"events_lines":2}
{"time":"2026-08-30T07:20:16.792836764+02:00","level":"INFO","msg":"filestream: request sent","status":"200 OK"}
{"time":"2026-08-30T07:20:31.354074424+02:00","level":"INFO","msg":"filestream: sending request","total_files":1,"events_offset":990,"events_lines":2}
{"time":"2026-08-30T07:20:31.802261974+02:00","level":"INFO","msg":"filestream: request sent","status":"200 OK"}
{"time":"2026-08-30T07:20:46.354529687+02:00","level":"INFO","msg":"filestream: sending request","total_files":4,"history_offset":810,"history_lines":12,"events_offset":992,"events_lines":2,"console_offset":137,"console_lines":1}
{"time":"2026-08-30T07:20:46.822525323+02:00","level":"INFO","msg":"filestream: request sent","status":"200 OK"}
{"time":"2026-08-30T07:21:01.354902439+02:00","level":"INFO","msg":"filestream: sending request","total_files":1,"events_offset":994,"events_lines":2}
{"time":"2026-08-30T07:21:01.829512183+02:00","level":"INFO","msg":"filestream: request sent","status":"200 OK"}
{"time":"2026-08-30T07:21:16.354745689+02:00","level":"INFO","msg":"filestream: sending request","total_files":4,"history_offset":822,"history_lines":6,"events_offset":996,"events_lines":2,"console_offset":138,"console_lines":1}
{"time":"2026-08-30T07:21:16.750046392+02:00","level":"INFO","msg":"filestream: request sent","status":"200 OK"}
{"time":"2026-08-30T07:21:31.354460365+02:00","level":"INFO","msg":"filestream: sending request","total_files":1,"events_offset":998,"events_lines":2}
{"time":"2026-08-30T07:21:31.734390721+02:00","level":"INFO","msg":"filestream: request sent","status":"200 OK"}
{"time":"2026-08-30T07:21:46.354903579+02:00","level":"INFO","msg":"filestream: sending request","total_files":1,"events_offset":1000,"events_lines":2}
{"time":"2026-08-30T07:21:46.865485345+02:00","level":"INFO","msg":"filestream: request sent","status":"200 OK"}
{"time":"2026-08-30T07:22:01.354453104+02:00","level":"INFO","msg":"filestream: sending request","total_files":4,"history_offset":828,"history_lines":6,"events_offset":1002,"events_lines":2,"console_offset":139,"console_lines":1}
{"time":"2026-08-30T07:22:01.890579096+02:00","level":"INFO","msg":"filestream: request sent","status":"200 OK"}
{"time":"2026-08-30T07:22:16.354310388+02:00","level":"INFO","msg":"filestream: sending request","total_files":1,"events_offset":1004,"events_lines":2}
{"time":"2026-08-30T07:22:16.850144409+02:00","level":"INFO","msg":"filestream: request sent","status":"200 OK"}
{"time":"2026-08-30T07:22:31.354785445+02:00","level":"INFO","msg":"filestream: sending request","total_files":3,"history_offset":834,"history_lines":7,"events_offset":1006,"events_lines":2}
{"time":"2026-08-30T07:22:31.752066833+02:00","level":"INFO","msg":"filestream: request sent","status":"200 OK"}
{"time":"2026-08-30T07:22:46.354950302+02:00","level":"INFO","msg":"filestream: sending request","total_files":4,"history_offset":841,"history_lines":2,"events_offset":1008,"events_lines":2,"console_offset":140,"console_lines":1}
{"time":"2026-08-30T07:22:46.914197642+02:00","level":"INFO","msg":"filestream: request sent","status":"200 OK"}
{"time":"2026-08-30T07:23:01.354279541+02:00","level":"INFO","msg":"filestream: sending request","total_files":1,"events_offset":1010,"events_lines":2}
{"time":"2026-08-30T07:23:01.756376186+02:00","level":"INFO","msg":"filestream: request sent","status":"200 OK"}
{"time":"2026-08-30T07:23:16.354781475+02:00","level":"INFO","msg":"filestream: sending request","total_files":4,"history_offset":843,"history_lines":9,"events_offset":1012,"events_lines":2,"console_offset":141,"console_lines":1}
{"time":"2026-08-30T07:23:16.775623977+02:00","level":"INFO","msg":"filestream: request sent","status":"200 OK"}
{"time":"2026-08-30T07:23:31.354868557+02:00","level":"INFO","msg":"filestream: sending request","total_files":1,"events_offset":1014,"events_lines":2}
{"time":"2026-08-30T07:23:31.810982188+02:00","level":"INFO","msg":"filestream: request sent","status":"200 OK"}
{"time":"2026-08-30T07:23:46.355106358+02:00","level":"INFO","msg":"filestream: sending request","total_files":3,"history_offset":852,"history_lines":8,"events_offset":1016,"events_lines":2}
{"time":"2026-08-30T07:23:46.734280951+02:00","level":"INFO","msg":"filestream: request sent","status":"200 OK"}
{"time":"2026-08-30T07:24:01.35432991+02:00","level":"INFO","msg":"filestream: sending request","total_files":4,"history_offset":860,"history_lines":2,"events_offset":1018,"events_lines":2,"console_offset":142,"console_lines":1}
{"time":"2026-08-30T07:24:01.747809103+02:00","level":"INFO","msg":"filestream: request sent","status":"200 OK"}
{"time":"2026-08-30T07:24:16.354327437+02:00","level":"INFO","msg":"filestream: sending request","total_files":1,"events_offset":1020,"events_lines":2}
{"time":"2026-08-30T07:24:16.704157229+02:00","level":"INFO","msg":"filestream: request sent","status":"200 OK"}
{"time":"2026-08-30T07:24:31.354545457+02:00","level":"INFO","msg":"filestream: sending request","total_files":4,"history_offset":862,"history_lines":12,"events_offset":1022,"events_lines":2,"console_offset":143,"console_lines":1}
{"time":"2026-08-30T07:24:31.754574327+02:00","level":"INFO","msg":"filestream: request sent","status":"200 OK"}
{"time":"2026-08-30T07:24:46.354667421+02:00","level":"INFO","msg":"filestream: sending request","total_files":1,"events_offset":1024,"events_lines":2}
{"time":"2026-08-30T07:24:46.729712522+02:00","level":"INFO","msg":"filestream: request sent","status":"200 OK"}
{"time":"2026-08-30T07:25:01.354073612+02:00","level":"INFO","msg":"filestream: sending request","total_files":3,"history_offset":874,"history_lines":3,"events_offset":1026,"events_lines":2}
{"time":"2026-08-30T07:25:01.74887594+02:00","level":"INFO","msg":"filestream: request sent","status":"200 OK"}
{"time":"2026-08-30T07:25:16.354939534+02:00","level":"INFO","msg":"filestream: sending request","total_files":4,"history_offset":877,"history_lines":2,"events_offset":1028,"events_lines":2,"console_offset":144,"console_lines":1}
{"time":"2026-08-30T07:25:16.746321738+02:00","level":"INFO","msg":"filestream: request sent","status":"200 OK"}
{"time":"2026-08-30T07:25:31.354078736+02:00","level":"INFO","msg":"filestream: sending request","total_files":1,"events_offset":1030,"events_lines":2}
{"time":"2026-08-30T07:25:31.763925463+02:00","level":"INFO","msg":"filestream: request sent","status":"200 OK"}
{"time":"2026-08-30T07:25:46.355102299+02:00","level":"INFO","msg":"filestream: sending request","total_files":4,"history_offset":879,"history_lines":14,"events_offset":1032,"events_lines":2,"console_offset":145,"console_lines":1}
{"time":"2026-08-30T07:25:46.718175761+02:00","level":"INFO","msg":"filestream: request sent","status":"200 OK"}
{"time":"2026-08-30T07:26:01.354295871+02:00","level":"INFO","msg":"filestream: sending request","total_files":1,"events_offset":1034,"events_lines":2}
{"time":"2026-08-30T07:26:01.764065393+02:00","level":"INFO","msg":"filestream: request sent","status":"200 OK"}
{"time":"2026-08-30T07:26:16.354949397+02:00","level":"INFO","msg":"filestream: sending request","total_files":3,"history_offset":893,"history_lines":3,"events_offset":1036,"events_lines":2}
{"time":"2026-08-30T07:26:16.769183718+02:00","level":"INFO","msg":"filestream: request sent","status":"200 OK"}
{"time":"2026-08-30T07:26:31.354965895+02:00","level":"INFO","msg":"filestream: sending request","total_files":4,"history_offset":896,"history_lines":2,"events_offset":1038,"events_lines":2,"console_offset":146,"console_lines":1}
{"time":"2026-08-30T07:26:31.747363954+02:00","level":"INFO","msg":"filestream: request sent","status":"200 OK"}
{"time":"2026-08-30T07:26:46.354942904+02:00","level":"INFO","msg":"filestream: sending request","total_files":1,"events_offset":1040,"events_lines":2}
{"time":"2026-08-30T07:26:46.686039811+02:00","level":"INFO","msg":"filestream: request sent","status":"200 OK"}
{"time":"2026-08-30T07:27:01.354933276+02:00","level":"INFO","msg":"filestream: sending request","total_files":4,"history_offset":898,"history_lines":11,"events_offset":1042,"events_lines":2,"console_offset":147,"console_lines":1}
{"time":"2026-08-30T07:27:01.761256367+02:00","level":"INFO","msg":"filestream: request sent","status":"200 OK"}
{"time":"2026-08-30T07:27:16.354365503+02:00","level":"INFO","msg":"filestream: sending request","total_files":1,"events_offset":1044,"events_lines":2}
{"time":"2026-08-30T07:27:16.700956791+02:00","level":"INFO","msg":"filestream: request sent","status":"200 OK"}
{"time":"2026-08-30T07:27:31.354979237+02:00","level":"INFO","msg":"filestream: sending request","total_files":1,"events_offset":1046,"events_lines":2}
{"time":"2026-08-30T07:27:31.742114332+02:00","level":"INFO","msg":"filestream: request sent","status":"200 OK"}
{"time":"2026-08-30T07:27:46.354196395+02:00","level":"INFO","msg":"filestream: sending request","total_files":4,"history_offset":909,"history_lines":4,"events_offset":1048,"events_lines":2,"console_offset":148,"console_lines":1}
{"time":"2026-08-30T07:27:46.69609315+02:00","level":"INFO","msg":"filestream: request sent","status":"200 OK"}
{"time":"2026-08-30T07:28:01.354840502+02:00","level":"INFO","msg":"filestream: sending request","total_files":1,"events_offset":1050,"events_lines":2}
{"time":"2026-08-30T07:28:01.763317463+02:00","level":"INFO","msg":"filestream: request sent","status":"200 OK"}
{"time":"2026-08-30T07:28:16.354648776+02:00","level":"INFO","msg":"filestream: sending request","total_files":4,"history_offset":913,"history_lines":11,"events_offset":1052,"events_lines":2,"console_offset":149,"console_lines":1}
{"time":"2026-08-30T07:28:16.721152405+02:00","level":"INFO","msg":"filestream: request sent","status":"200 OK"}
{"time":"2026-08-30T07:28:31.354078293+02:00","level":"INFO","msg":"filestream: sending request","total_files":1,"events_offset":1054,"events_lines":2}
{"time":"2026-08-30T07:28:31.701234519+02:00","level":"INFO","msg":"filestream: request sent","status":"200 OK"}
{"time":"2026-08-30T07:28:46.354722241+02:00","level":"INFO","msg":"filestream: sending request","total_files":1,"events_offset":1056,"events_lines":2}
{"time":"2026-08-30T07:28:46.709476971+02:00","level":"INFO","msg":"filestream: request sent","status":"200 OK"}
{"time":"2026-08-30T07:29:01.354417843+02:00","level":"INFO","msg":"filestream: sending request","total_files":4,"history_offset":924,"history_lines":7,"events_offset":1058,"events_lines":2,"console_offset":150,"console_lines":1}
{"time":"2026-08-30T07:29:01.778077226+02:00","level":"INFO","msg":"filestream: request sent","status":"200 OK"}
{"time":"2026-08-30T07:29:16.354752966+02:00","level":"INFO","msg":"filestream: sending request","total_files":1,"events_offset":1060,"events_lines":2}
{"time":"2026-08-30T07:29:16.721078237+02:00","level":"INFO","msg":"filestream: request sent","status":"200 OK"}
{"time":"2026-08-30T07:29:31.35443175+02:00","level":"INFO","msg":"filestream: sending request","total_files":4,"history_offset":931,"history_lines":9,"events_offset":1062,"events_lines":2,"console_offset":151,"console_lines":1}
{"time":"2026-08-30T07:29:31.805132022+02:00","level":"INFO","msg":"filestream: request sent","status":"200 OK"}
{"time":"2026-08-30T07:29:46.354731648+02:00","level":"INFO","msg":"filestream: sending request","total_files":1,"events_offset":1064,"events_lines":2}
{"time":"2026-08-30T07:29:46.738135656+02:00","level":"INFO","msg":"filestream: request sent","status":"200 OK"}
{"time":"2026-08-30T07:30:01.354699026+02:00","level":"INFO","msg":"filestream: sending request","total_files":1,"events_offset":1066,"events_lines":2}
{"time":"2026-08-30T07:30:01.749014878+02:00","level":"INFO","msg":"filestream: request sent","status":"200 OK"}
{"time":"2026-08-30T07:30:16.354575943+02:00","level":"INFO","msg":"filestream: sending request","total_files":4,"history_offset":940,"history_lines":6,"events_offset":1068,"events_lines":2,"console_offset":152,"console_lines":4,"uploaded_len":1}
{"time":"2026-08-30T07:30:16.700637187+02:00","level":"INFO","msg":"filestream: request sent","status":"200 OK"}
{"time":"2026-08-30T07:30:31.354274139+02:00","level":"INFO","msg":"filestream: sending request","total_files":1,"events_offset":1070,"events_lines":2}
{"time":"2026-08-30T07:30:31.71116633+02:00","level":"INFO","msg":"filestream: request sent","status":"200 OK"}
{"time":"2026-08-30T07:30:46.354313923+02:00","level":"INFO","msg":"filestream: sending request","total_files":1,"events_offset":1072,"events_lines":2}
{"time":"2026-08-30T07:30:46.750449411+02:00","level":"INFO","msg":"filestream: request sent","status":"200 OK"}
{"time":"2026-08-30T07:31:01.354139594+02:00","level":"INFO","msg":"filestream: sending request","total_files":1,"events_offset":1074,"events_lines":2}
{"time":"2026-08-30T07:31:01.695869894+02:00","level":"INFO","msg":"filestream: request sent","status":"200 OK"}
{"time":"2026-08-30T07:31:16.353979262+02:00","level":"INFO","msg":"filestream: sending request","total_files":1,"events_offset":1076,"events_lines":2}
{"time":"2026-08-30T07:31:16.695916787+02:00","level":"INFO","msg":"filestream: request sent","status":"200 OK"}
{"time":"2026-08-30T07:31:31.354233587+02:00","level":"INFO","msg":"filestream: sending request","total_files":1,"events_offset":1078,"events_lines":2}
{"time":"2026-08-30T07:31:31.688271678+02:00","level":"INFO","msg":"filestream: request sent","status":"200 OK"}
{"time":"2026-08-30T07:31:46.354038651+02:00","level":"INFO","msg":"filestream: sending request","total_files":1,"events_offset":1080,"events_lines":2}
{"time":"2026-08-30T07:31:46.731574338+02:00","level":"INFO","msg":"filestream: request sent","status":"200 OK"}
{"time":"2026-08-30T07:32:01.354232662+02:00","level":"INFO","msg":"filestream: sending request","total_files":1,"events_offset":1082,"events_lines":2}
{"time":"2026-08-30T07:32:01.773033257+02:00","level":"INFO","msg":"filestream: request sent","status":"200 OK"}
{"time":"2026-08-30T07:32:16.354278706+02:00","level":"INFO","msg":"filestream: sending request","total_files":1,"events_offset":1084,"events_lines":2}
{"time":"2026-08-30T07:32:16.706493959+02:00","level":"INFO","msg":"filestream: request sent","status":"200 OK"}
{"time":"2026-08-30T07:32:31.354152843+02:00","level":"INFO","msg":"filestream: sending request","total_files":1,"events_offset":1086,"events_lines":2}
{"time":"2026-08-30T07:32:31.696377981+02:00","level":"INFO","msg":"filestream: request sent","status":"200 OK"}
{"time":"2026-08-30T07:32:46.354706636+02:00","level":"INFO","msg":"filestream: sending request","total_files":1,"events_offset":1088,"events_lines":2}
{"time":"2026-08-30T07:32:46.75378037+02:00","level":"INFO","msg":"filestream: request sent","status":"200 OK"}
{"time":"2026-08-30T07:33:01.354298232+02:00","level":"INFO","msg":"filestream: sending request","total_files":1,"events_offset":1090,"events_lines":2}
{"time":"2026-08-30T07:33:01.780699323+02:00","level":"INFO","msg":"filestream: request sent","status":"200 OK"}
{"time":"2026-08-30T07:33:16.354044089+02:00","level":"INFO","msg":"filestream: sending request","total_files":1,"events_offset":1092,"events_lines":2}
{"time":"2026-08-30T07:33:16.732798877+02:00","level":"INFO","msg":"filestream: request sent","status":"200 OK"}
{"time":"2026-08-30T07:33:31.354734476+02:00","level":"INFO","msg":"filestream: sending request","total_files":1,"events_offset":1094,"events_lines":2}
{"time":"2026-08-30T07:33:31.712589857+02:00","level":"INFO","msg":"filestream: request sent","status":"200 OK"}
{"time":"2026-08-30T07:33:46.35440562+02:00","level":"INFO","msg":"filestream: sending request","total_files":1,"events_offset":1096,"events_lines":2}
{"time":"2026-08-30T07:33:46.761064599+02:00","level":"INFO","msg":"filestream: request sent","status":"200 OK"}
{"time":"2026-08-30T07:34:01.354223667+02:00","level":"INFO","msg":"filestream: sending request","total_files":1,"events_offset":1098,"events_lines":2}
{"time":"2026-08-30T07:34:01.693039697+02:00","level":"INFO","msg":"filestream: request sent","status":"200 OK"}
{"time":"2026-08-30T07:34:16.354480685+02:00","level":"INFO","msg":"filestream: sending request","total_files":1,"events_offset":1100,"events_lines":2}
{"time":"2026-08-30T07:34:16.704433332+02:00","level":"INFO","msg":"filestream: request sent","status":"200 OK"}
{"time":"2026-08-30T07:34:31.354070713+02:00","level":"INFO","msg":"filestream: sending request","total_files":1,"events_offset":1102,"events_lines":2}
{"time":"2026-08-30T07:34:31.709180791+02:00","level":"INFO","msg":"filestream: request sent","status":"200 OK"}
{"time":"2026-08-30T07:34:46.35442418+02:00","level":"INFO","msg":"filestream: sending request","total_files":1,"events_offset":1104,"events_lines":2}
{"time":"2026-08-30T07:34:46.723144418+02:00","level":"INFO","msg":"filestream: request sent","status":"200 OK"}
{"time":"2026-08-30T07:35:01.354071977+02:00","level":"INFO","msg":"filestream: sending request","total_files":1,"events_offset":1106,"events_lines":2}
{"time":"2026-08-30T07:35:01.720140839+02:00","level":"INFO","msg":"filestream: request sent","status":"200 OK"}
{"time":"2026-08-30T07:35:16.354135733+02:00","level":"INFO","msg":"filestream: sending request","total_files":1,"events_offset":1108,"events_lines":2}
{"time":"2026-08-30T07:35:16.710063767+02:00","level":"INFO","msg":"filestream: request sent","status":"200 OK"}
{"time":"2026-08-30T07:35:31.354912719+02:00","level":"INFO","msg":"filestream: sending request","total_files":1,"events_offset":1110,"events_lines":2}
{"time":"2026-08-30T07:35:31.697382261+02:00","level":"INFO","msg":"filestream: request sent","status":"200 OK"}
{"time":"2026-08-30T07:35:46.354320062+02:00","level":"INFO","msg":"filestream: sending request","total_files":1,"events_offset":1112,"events_lines":2}
{"time":"2026-08-30T07:35:46.68121093+02:00","level":"INFO","msg":"filestream: request sent","status":"200 OK"}
{"time":"2026-08-30T07:36:01.354546187+02:00","level":"INFO","msg":"filestream: sending request","total_files":1,"events_offset":1114,"events_lines":2}
{"time":"2026-08-30T07:36:01.725647126+02:00","level":"INFO","msg":"filestream: request sent","status":"200 OK"}
{"time":"2026-08-30T07:36:16.354083843+02:00","level":"INFO","msg":"filestream: sending request","total_files":1,"events_offset":1116,"events_lines":2}
{"time":"2026-08-30T07:36:16.7259306+02:00","level":"INFO","msg":"filestream: request sent","status":"200 OK"}
{"time":"2026-08-30T07:36:31.354751872+02:00","level":"INFO","msg":"filestream: sending request","total_files":1,"events_offset":1118,"events_lines":2}
{"time":"2026-08-30T07:36:31.713655017+02:00","level":"INFO","msg":"filestream: request sent","status":"200 OK"}
{"time":"2026-08-30T07:36:46.354465205+02:00","level":"INFO","msg":"filestream: sending request","total_files":1,"events_offset":1120,"events_lines":2}
{"time":"2026-08-30T07:36:46.692873296+02:00","level":"INFO","msg":"filestream: request sent","status":"200 OK"}
{"time":"2026-08-30T07:37:01.35395697+02:00","level":"INFO","msg":"filestream: sending request","total_files":1,"events_offset":1122,"events_lines":2}
{"time":"2026-08-30T07:37:01.715211107+02:00","level":"INFO","msg":"filestream: request sent","status":"200 OK"}
{"time":"2026-08-30T07:37:16.35435878+02:00","level":"INFO","msg":"filestream: sending request","total_files":1,"events_offset":1124,"events_lines":2}
{"time":"2026-08-30T07:37:16.71101732+02:00","level":"INFO","msg":"filestream: request sent","status":"200 OK"}
{"time":"2026-08-30T07:37:31.353963648+02:00","level":"INFO","msg":"filestream: sending request","total_files":1,"events_offset":1126,"events_lines":2}
{"time":"2026-08-30T07:37:31.691303592+02:00","level":"INFO","msg":"filestream: request sent","status":"200 OK"}
{"time":"2026-08-30T07:37:46.354155114+02:00","level":"INFO","msg":"filestream: sending request","total_files":1,"events_offset":1128,"events_lines":2}
{"time":"2026-08-30T07:37:46.693604012+02:00","level":"INFO","msg":"filestream: request sent","status":"200 OK"}
{"time":"2026-08-30T07:38:01.354145908+02:00","level":"INFO","msg":"filestream: sending request","total_files":1,"events_offset":1130,"events_lines":2}
{"time":"2026-08-30T07:38:01.706256699+02:00","level":"INFO","msg":"filestream: request sent","status":"200 OK"}
{"time":"2026-08-30T07:38:16.354874812+02:00","level":"INFO","msg":"filestream: sending request","total_files":1,"events_offset":1132,"events_lines":2}
{"time":"2026-08-30T07:38:16.692894794+02:00","level":"INFO","msg":"filestream: request sent","status":"200 OK"}
{"time":"2026-08-30T07:38:31.35432241+02:00","level":"INFO","msg":"filestream: sending request","total_files":1,"events_offset":1134,"events_lines":2}
{"time":"2026-08-30T07:38:31.718173812+02:00","level":"INFO","msg":"filestream: request sent","status":"200 OK"}
{"time":"2026-08-30T07:38:46.354390046+02:00","level":"INFO","msg":"filestream: sending request","total_files":1,"events_offset":1136,"events_lines":2}
{"time":"2026-08-30T07:38:46.719066339+02:00","level":"INFO","msg":"filestream: request sent","status":"200 OK"}
{"time":"2026-08-30T07:39:01.354253061+02:00","level":"INFO","msg":"filestream: sending request","total_files":1,"events_offset":1138,"events_lines":2}
{"time":"2026-08-30T07:39:01.686486111+02:00","level":"INFO","msg":"filestream: request sent","status":"200 OK"}
{"time":"2026-08-30T07:39:16.35456744+02:00","level":"INFO","msg":"filestream: sending request","total_files":1,"events_offset":1140,"events_lines":2}
{"time":"2026-08-30T07:39:16.685659318+02:00","level":"INFO","msg":"filestream: request sent","status":"200 OK"}
{"time":"2026-08-30T07:39:31.354539713+02:00","level":"INFO","msg":"filestream: sending request","total_files":1,"events_offset":1142,"events_lines":2}
{"time":"2026-08-30T07:39:31.723137987+02:00","level":"INFO","msg":"filestream: request sent","status":"200 OK"}
{"time":"2026-08-30T07:39:46.354181384+02:00","level":"INFO","msg":"filestream: sending request","total_files":1,"events_offset":1144,"events_lines":2}
{"time":"2026-08-30T07:39:46.697551483+02:00","level":"INFO","msg":"filestream: request sent","status":"200 OK"}
{"time":"2026-08-30T07:40:01.354409963+02:00","level":"INFO","msg":"filestream: sending request","total_files":1,"events_offset":1146,"events_lines":2}
{"time":"2026-08-30T07:40:01.681538479+02:00","level":"INFO","msg":"filestream: request sent","status":"200 OK"}
{"time":"2026-08-30T07:40:16.354635613+02:00","level":"INFO","msg":"filestream: sending request","total_files":1,"events_offset":1148,"events_lines":2}
{"time":"2026-08-30T07:40:16.704298333+02:00","level":"INFO","msg":"filestream: request sent","status":"200 OK"}
{"time":"2026-08-30T07:40:31.354489204+02:00","level":"INFO","msg":"filestream: sending request","total_files":1,"events_offset":1150,"events_lines":2}
{"time":"2026-08-30T07:40:31.70232068+02:00","level":"INFO","msg":"filestream: request sent","status":"200 OK"}
{"time":"2026-08-30T07:40:46.354559513+02:00","level":"INFO","msg":"filestream: sending request","total_files":1,"events_offset":1152,"events_lines":2}
{"time":"2026-08-30T07:40:46.701845411+02:00","level":"INFO","msg":"filestream: request sent","status":"200 OK"}
{"time":"2026-08-30T07:41:01.35408388+02:00","level":"INFO","msg":"filestream: sending request","total_files":1,"events_offset":1154,"events_lines":2}
{"time":"2026-08-30T07:41:01.705875383+02:00","level":"INFO","msg":"filestream: request sent","status":"200 OK"}
{"time":"2026-08-30T07:41:16.354083785+02:00","level":"INFO","msg":"filestream: sending request","total_files":1,"events_offset":1156,"events_lines":2}
{"time":"2026-08-30T07:41:16.732021751+02:00","level":"INFO","msg":"filestream: request sent","status":"200 OK"}
{"time":"2026-08-30T07:41:31.354964036+02:00","level":"INFO","msg":"filestream: sending request","total_files":1,"events_offset":1158,"events_lines":2}
{"time":"2026-08-30T07:41:31.69777031+02:00","level":"INFO","msg":"filestream: request sent","status":"200 OK"}
{"time":"2026-08-30T07:41:46.35438659+02:00","level":"INFO","msg":"filestream: sending request","total_files":1,"events_offset":1160,"events_lines":2}
{"time":"2026-08-30T07:41:46.809853782+02:00","level":"INFO","msg":"filestream: request sent","status":"200 OK"}
{"time":"2026-08-30T07:42:01.35416383+02:00","level":"INFO","msg":"filestream: sending request","total_files":1,"events_offset":1162,"events_lines":2}
{"time":"2026-08-30T07:42:01.697031605+02:00","level":"INFO","msg":"filestream: request sent","status":"200 OK"}
{"time":"2026-08-30T07:42:16.354570588+02:00","level":"INFO","msg":"filestream: sending request","total_files":1,"events_offset":1164,"events_lines":2}
{"time":"2026-08-30T07:42:16.688931988+02:00","level":"INFO","msg":"filestream: request sent","status":"200 OK"}
{"time":"2026-08-30T07:42:31.354171275+02:00","level":"INFO","msg":"filestream: sending request","total_files":1,"events_offset":1166,"events_lines":2}
{"time":"2026-08-30T07:42:31.711623049+02:00","level":"INFO","msg":"filestream: request sent","status":"200 OK"}
{"time":"2026-08-30T07:42:46.354913296+02:00","level":"INFO","msg":"filestream: sending request","total_files":1,"events_offset":1168,"events_lines":2}
{"time":"2026-08-30T07:42:46.707581859+02:00","level":"INFO","msg":"filestream: request sent","status":"200 OK"}
{"time":"2026-08-30T07:43:01.354255437+02:00","level":"INFO","msg":"filestream: sending request","total_files":1,"events_offset":1170,"events_lines":2}
{"time":"2026-08-30T07:43:01.681469118+02:00","level":"INFO","msg":"filestream: request sent","status":"200 OK"}
{"time":"2026-08-30T07:43:16.354089894+02:00","level":"INFO","msg":"filestream: sending request","total_files":1,"events_offset":1172,"events_lines":2}
{"time":"2026-08-30T07:43:16.718716162+02:00","level":"INFO","msg":"filestream: request sent","status":"200 OK"}
{"time":"2026-08-30T07:43:31.354617951+02:00","level":"INFO","msg":"filestream: sending request","total_files":1,"events_offset":1174,"events_lines":2}
{"time":"2026-08-30T07:43:31.712667388+02:00","level":"INFO","msg":"filestream: request sent","status":"200 OK"}
{"time":"2026-08-30T07:43:46.354730641+02:00","level":"INFO","msg":"filestream: sending request","total_files":1,"events_offset":1176,"events_lines":2}
{"time":"2026-08-30T07:43:46.707865729+02:00","level":"INFO","msg":"filestream: request sent","status":"200 OK"}
{"time":"2026-08-30T07:44:01.354397005+02:00","level":"INFO","msg":"filestream: sending request","total_files":1,"events_offset":1178,"events_lines":2}
{"time":"2026-08-30T07:44:01.711204249+02:00","level":"INFO","msg":"filestream: request sent","status":"200 OK"}
{"time":"2026-08-30T07:44:16.354461286+02:00","level":"INFO","msg":"filestream: sending request","total_files":1,"events_offset":1180,"events_lines":2}
{"time":"2026-08-30T07:44:16.703263735+02:00","level":"INFO","msg":"filestream: request sent","status":"200 OK"}
{"time":"2026-08-30T07:44:31.354890495+02:00","level":"INFO","msg":"filestream: sending request","total_files":1,"events_offset":1182,"events_lines":2}
{"time":"2026-08-30T07:44:31.710980143+02:00","level":"INFO","msg":"filestream: request sent","status":"200 OK"}
{"time":"2026-08-30T07:44:46.354863746+02:00","level":"INFO","msg":"filestream: sending request","total_files":1,"events_offset":1184,"events_lines":2}
{"time":"2026-08-30T07:44:46.725621365+02:00","level":"INFO","msg":"filestream: request sent","status":"200 OK"}
{"time":"2026-08-30T07:45:01.354352791+02:00","level":"INFO","msg":"filestream: sending request","total_files":1,"events_offset":1186,"events_lines":2}
{"time":"2026-08-30T07:45:01.718137462+02:00","level":"INFO","msg":"filestream: request sent","status":"200 OK"}
{"time":"2026-08-30T07:45:16.35484334+02:00","level":"INFO","msg":"filestream: sending request","total_files":1,"events_offset":1188,"events_lines":2}
{"time":"2026-08-30T07:45:16.706812261+02:00","level":"INFO","msg":"filestream: request sent","status":"200 OK"}
{"time":"2026-08-30T07:45:31.35443796+02:00","level":"INFO","msg":"filestream: sending request","total_files":1,"events_offset":1190,"events_lines":2}
{"time":"2026-08-30T07:45:31.71530023+02:00","level":"INFO","msg":"filestream: request sent","status":"200 OK"}
{"time":"2026-08-30T07:45:46.354393453+02:00","level":"INFO","msg":"filestream: sending request","total_files":1,"events_offset":1192,"events_lines":2}
{"time":"2026-08-30T07:45:46.756942768+02:00","level":"INFO","msg":"filestream: request sent","status":"200 OK"}
{"time":"2026-08-30T07:46:01.354964036+02:00","level":"INFO","msg":"filestream: sending request","total_files":1,"events_offset":1194,"events_lines":2}
{"time":"2026-08-30T07:46:01.72584032+02:00","level":"INFO","msg":"filestream: request sent","status":"200 OK"}
{"time":"2026-08-30T07:46:16.354547418+02:00","level":"INFO","msg":"filestream: sending request","total_files":1,"events_offset":1196,"events_lines":2}
{"time":"2026-08-30T07:46:16.700905503+02:00","level":"INFO","msg":"filestream: request sent","status":"200 OK"}
{"time":"2026-08-30T07:46:31.35411597+02:00","level":"INFO","msg":"filestream: sending request","total_files":1,"events_offset":1198,"events_lines":2}
{"time":"2026-08-30T07:46:31.708286846+02:00","level":"INFO","msg":"filestream: request sent","status":"200 OK"}
{"time":"2026-08-30T07:46:46.354856873+02:00","level":"INFO","msg":"filestream: sending request","total_files":1,"events_offset":1200,"events_lines":2}
{"time":"2026-08-30T07:46:46.690664166+02:00","level":"INFO","msg":"filestream: request sent","status":"200 OK"}
{"time":"2026-08-30T07:47:01.354580467+02:00","level":"INFO","msg":"filestream: sending request","total_files":1,"events_offset":1202,"events_lines":2}
{"time":"2026-08-30T07:47:01.690383045+02:00","level":"INFO","msg":"filestream: request sent","status":"200 OK"}
{"time":"2026-08-30T07:47:16.35449275+02:00","level":"INFO","msg":"filestream: sending request","total_files":1,"events_offset":1204,"events_lines":2}
{"time":"2026-08-30T07:47:16.737215845+02:00","level":"INFO","msg":"filestream: request sent","status":"200 OK"}
{"time":"2026-08-30T07:47:31.354756899+02:00","level":"INFO","msg":"filestream: sending request","total_files":1,"events_offset":1206,"events_lines":2}
{"time":"2026-08-30T07:47:31.761951756+02:00","level":"INFO","msg":"filestream: request sent","status":"200 OK"}
{"time":"2026-08-30T07:47:46.354203242+02:00","level":"INFO","msg":"filestream: sending request","total_files":1,"events_offset":1208,"events_lines":2}
{"time":"2026-08-30T07:47:46.726801137+02:00","level":"INFO","msg":"filestream: request sent","status":"200 OK"}
{"time":"2026-08-30T07:48:01.354765278+02:00","level":"INFO","msg":"filestream: sending request","total_files":1,"events_offset":1210,"events_lines":2}
{"time":"2026-08-30T07:48:01.715869708+02:00","level":"INFO","msg":"filestream: request sent","status":"200 OK"}
{"time":"2026-08-30T07:48:16.354677365+02:00","level":"INFO","msg":"filestream: sending request","total_files":1,"events_offset":1212,"events_lines":2}
{"time":"2026-08-30T07:48:16.695384545+02:00","level":"INFO","msg":"filestream: request sent","status":"200 OK"}
{"time":"2026-08-30T07:48:31.354304736+02:00","level":"INFO","msg":"filestream: sending request","total_files":1,"events_offset":1214,"events_lines":2}
{"time":"2026-08-30T07:48:31.701320339+02:00","level":"INFO","msg":"filestream: request sent","status":"200 OK"}
{"time":"2026-08-30T07:48:46.354308063+02:00","level":"INFO","msg":"filestream: sending request","total_files":1,"events_offset":1216,"events_lines":2}
{"time":"2026-08-30T07:48:46.68182246+02:00","level":"INFO","msg":"filestream: request sent","status":"200 OK"}
{"time":"2026-08-30T07:49:01.354672618+02:00","level":"INFO","msg":"filestream: sending request","total_files":1,"events_offset":1218,"events_lines":2}
{"time":"2026-08-30T07:49:01.749656925+02:00","level":"INFO","msg":"filestream: request sent","status":"200 OK"}
{"time":"2026-08-30T07:49:16.354273816+02:00","level":"INFO","msg":"filestream: sending request","total_files":1,"events_offset":1220,"events_lines":2}
{"time":"2026-08-30T07:49:16.759633941+02:00","level":"INFO","msg":"filestream: request sent","status":"200 OK"}
{"time":"2026-08-30T07:49:31.354916739+02:00","level":"INFO","msg":"filestream: sending request","total_files":1,"events_offset":1222,"events_lines":2}
{"time":"2026-08-30T07:49:31.684436598+02:00","level":"INFO","msg":"filestream: request sent","status":"200 OK"}
{"time":"2026-08-30T07:49:46.354397832+02:00","level":"INFO","msg":"filestream: sending request","total_files":1,"events_offset":1224,"events_lines":2}
{"time":"2026-08-30T07:49:46.737261675+02:00","level":"INFO","msg":"filestream: request sent","status":"200 OK"}
{"time":"2026-08-30T07:50:01.354191452+02:00","level":"INFO","msg":"filestream: sending request","total_files":1,"events_offset":1226,"events_lines":2}
{"time":"2026-08-30T07:50:01.704036596+02:00","level":"INFO","msg":"filestream: request sent","status":"200 OK"}
{"time":"2026-08-30T07:50:16.354383724+02:00","level":"INFO","msg":"filestream: sending request","total_files":1,"events_offset":1228,"events_lines":2}
{"time":"2026-08-30T07:50:16.70997419+02:00","level":"INFO","msg":"filestream: request sent","status":"200 OK"}
{"time":"2026-08-30T07:50:31.354532606+02:00","level":"INFO","msg":"filestream: sending request","total_files":1,"events_offset":1230,"events_lines":2}
{"time":"2026-08-30T07:50:31.724126842+02:00","level":"INFO","msg":"filestream: request sent","status":"200 OK"}
{"time":"2026-08-30T07:50:46.354344333+02:00","level":"INFO","msg":"filestream: sending request","total_files":1,"events_offset":1232,"events_lines":2}
{"time":"2026-08-30T07:50:46.727562242+02:00","level":"INFO","msg":"filestream: request sent","status":"200 OK"}
{"time":"2026-08-30T07:51:01.354486279+02:00","level":"INFO","msg":"filestream: sending request","total_files":1,"events_offset":1234,"events_lines":2}
{"time":"2026-08-30T07:51:01.708796765+02:00","level":"INFO","msg":"filestream: request sent","status":"200 OK"}
{"time":"2026-08-30T07:51:16.353982993+02:00","level":"INFO","msg":"filestream: sending request","total_files":1,"events_offset":1236,"events_lines":2}
{"time":"2026-08-30T07:51:16.689350535+02:00","level":"INFO","msg":"filestream: request sent","status":"200 OK"}
{"time":"2026-08-30T07:51:31.35465102+02:00","level":"INFO","msg":"filestream: sending request","total_files":1,"events_offset":1238,"events_lines":2}
{"time":"2026-08-30T07:51:31.712453516+02:00","level":"INFO","msg":"filestream: request sent","status":"200 OK"}
{"time":"2026-08-30T07:51:46.35496018+02:00","level":"INFO","msg":"filestream: sending request","total_files":1,"events_offset":1240,"events_lines":2}
{"time":"2026-08-30T07:51:46.727654499+02:00","level":"INFO","msg":"filestream: request sent","status":"200 OK"}
{"time":"2026-08-30T07:52:01.354903198+02:00","level":"INFO","msg":"filestream: sending request","total_files":1,"events_offset":1242,"events_lines":2}
{"time":"2026-08-30T07:52:01.703731688+02:00","level":"INFO","msg":"filestream: request sent","status":"200 OK"}
{"time":"2026-08-30T07:52:16.354858216+02:00","level":"INFO","msg":"filestream: sending request","total_files":1,"events_offset":1244,"events_lines":2}
{"time":"2026-08-30T07:52:16.680735647+02:00","level":"INFO","msg":"filestream: request sent","status":"200 OK"}
{"time":"2026-08-30T07:52:31.353993176+02:00","level":"INFO","msg":"filestream: sending request","total_files":1,"events_offset":1246,"events_lines":2}
{"time":"2026-08-30T07:52:31.715563244+02:00","level":"INFO","msg":"filestream: request sent","status":"200 OK"}
{"time":"2026-08-30T07:52:46.354228522+02:00","level":"INFO","msg":"filestream: sending request","total_files":1,"events_offset":1248,"events_lines":2}
{"time":"2026-08-30T07:52:46.729103381+02:00","level":"INFO","msg":"filestream: request sent","status":"200 OK"}
{"time":"2026-08-30T07:53:01.354281196+02:00","level":"INFO","msg":"filestream: sending request","total_files":1,"events_offset":1250,"events_lines":2}
{"time":"2026-08-30T07:53:01.712716384+02:00","level":"INFO","msg":"filestream: request sent","status":"200 OK"}
{"time":"2026-08-30T07:53:16.354267869+02:00","level":"INFO","msg":"filestream: sending request","total_files":1,"events_offset":1252,"events_lines":2}
{"time":"2026-08-30T07:53:16.698890965+02:00","level":"INFO","msg":"filestream: request sent","status":"200 OK"}
{"time":"2026-08-30T07:53:31.354529321+02:00","level":"INFO","msg":"filestream: sending request","total_files":1,"events_offset":1254,"events_lines":2}
{"time":"2026-08-30T07:53:31.704113274+02:00","level":"INFO","msg":"filestream: request sent","status":"200 OK"}
{"time":"2026-08-30T07:53:46.354745528+02:00","level":"INFO","msg":"filestream: sending request","total_files":4,"history_offset":946,"history_lines":1,"events_offset":1256,"events_lines":2,"console_offset":156,"console_lines":1}
{"time":"2026-08-30T07:53:46.732446724+02:00","level":"INFO","msg":"filestream: request sent","status":"200 OK"}
{"time":"2026-08-30T07:54:01.35468651+02:00","level":"INFO","msg":"filestream: sending request","total_files":1,"events_offset":1258,"events_lines":2}
{"time":"2026-08-30T07:54:01.714141872+02:00","level":"INFO","msg":"filestream: request sent","status":"200 OK"}
{"time":"2026-08-30T07:54:16.354295412+02:00","level":"INFO","msg":"filestream: sending request","total_files":1,"events_offset":1260,"events_lines":2}
{"time":"2026-08-30T07:54:16.704195414+02:00","level":"INFO","msg":"filestream: request sent","status":"200 OK"}
{"time":"2026-08-30T07:54:31.354774242+02:00","level":"INFO","msg":"filestream: sending request","total_files":1,"events_offset":1262,"events_lines":2}
{"time":"2026-08-30T07:54:31.723957945+02:00","level":"INFO","msg":"filestream: request sent","status":"200 OK"}
{"time":"2026-08-30T07:54:46.354624687+02:00","level":"INFO","msg":"filestream: sending request","total_files":1,"events_offset":1264,"events_lines":2}
{"time":"2026-08-30T07:54:46.692559323+02:00","level":"INFO","msg":"filestream: request sent","status":"200 OK"}
{"time":"2026-08-30T07:55:01.353957868+02:00","level":"INFO","msg":"filestream: sending request","total_files":1,"events_offset":1266,"events_lines":2}
{"time":"2026-08-30T07:55:01.70557575+02:00","level":"INFO","msg":"filestream: request sent","status":"200 OK"}
{"time":"2026-08-30T07:55:16.354911213+02:00","level":"INFO","msg":"filestream: sending request","total_files":1,"events_offset":1268,"events_lines":2}
{"time":"2026-08-30T07:55:16.702732554+02:00","level":"INFO","msg":"filestream: request sent","status":"200 OK"}
{"time":"2026-08-30T07:55:31.354501437+02:00","level":"INFO","msg":"filestream: sending request","total_files":1,"events_offset":1270,"events_lines":2}
{"time":"2026-08-30T07:55:31.722124743+02:00","level":"INFO","msg":"filestream: request sent","status":"200 OK"}
{"time":"2026-08-30T07:55:46.354381555+02:00","level":"INFO","msg":"filestream: sending request","total_files":1,"events_offset":1272,"events_lines":2}
{"time":"2026-08-30T07:55:46.682957992+02:00","level":"INFO","msg":"filestream: request sent","status":"200 OK"}
{"time":"2026-08-30T07:56:01.354885199+02:00","level":"INFO","msg":"filestream: sending request","total_files":1,"events_offset":1274,"events_lines":2}
{"time":"2026-08-30T07:56:01.711823074+02:00","level":"INFO","msg":"filestream: request sent","status":"200 OK"}
{"time":"2026-08-30T07:56:16.354053484+02:00","level":"INFO","msg":"filestream: sending request","total_files":1,"events_offset":1276,"events_lines":2}
{"time":"2026-08-30T07:56:16.71255987+02:00","level":"INFO","msg":"filestream: request sent","status":"200 OK"}
{"time":"2026-08-30T07:56:31.35430359+02:00","level":"INFO","msg":"filestream: sending request","total_files":1,"events_offset":1278,"events_lines":2}
{"time":"2026-08-30T07:56:31.744588897+02:00","level":"INFO","msg":"filestream: request sent","status":"200 OK"}
{"time":"2026-08-30T07:56:46.3548288+02:00","level":"INFO","msg":"filestream: sending request","total_files":1,"events_offset":1280,"events_lines":2}
{"time":"2026-08-30T07:56:46.693438868+02:00","level":"INFO","msg":"filestream: request sent","status":"200 OK"}
{"time":"2026-08-30T07:57:01.354818135+02:00","level":"INFO","msg":"filestream: sending request","total_files":1,"events_offset":1282,"events_lines":2}
{"time":"2026-08-30T07:57:01.706137153+02:00","level":"INFO","msg":"filestream: request sent","status":"200 OK"}
{"time":"2026-08-30T07:57:16.354973202+02:00","level":"INFO","msg":"filestream: sending request","total_files":1,"events_offset":1284,"events_lines":2}
{"time":"2026-08-30T07:57:16.685046033+02:00","level":"INFO","msg":"filestream: request sent","status":"200 OK"}
{"time":"2026-08-30T07:57:31.354543597+02:00","level":"INFO","msg":"filestream: sending request","total_files":3,"history_offset":947,"history_lines":3,"events_offset":1286,"events_lines":2}
{"time":"2026-08-30T07:57:31.712001521+02:00","level":"INFO","msg":"filestream: request sent","status":"200 OK"}
{"time":"2026-08-30T07:57:46.354288563+02:00","level":"INFO","msg":"filestream: sending request","total_files":4,"history_offset":950,"history_lines":2,"events_offset":1288,"events_lines":2,"console_offset":157,"console_lines":1}
{"time":"2026-08-30T07:57:46.722676528+02:00","level":"INFO","msg":"filestream: request sent","status":"200 OK"}
{"time":"2026-08-30T07:58:01.354086466+02:00","level":"INFO","msg":"filestream: sending request","total_files":1,"events_offset":1290,"events_lines":2}
{"time":"2026-08-30T07:58:01.702728827+02:00","level":"INFO","msg":"filestream: request sent","status":"200 OK"}
{"time":"2026-08-30T07:58:16.354941606+02:00","level":"INFO","msg":"filestream: sending request","total_files":1,"events_offset":1292,"events_lines":2}
{"time":"2026-08-30T07:58:17.444126498+02:00","level":"INFO","msg":"filestream: request sent","status":"200 OK"}
{"time":"2026-08-30T07:58:31.354805491+02:00","level":"INFO","msg":"filestream: sending request","total_files":1,"events_offset":1294,"events_lines":2}
{"time":"2026-08-30T07:58:31.720063024+02:00","level":"INFO","msg":"filestream: request sent","status":"200 OK"}
{"time":"2026-08-30T07:58:46.35435477+02:00","level":"INFO","msg":"filestream: sending request","total_files":1,"events_offset":1296,"events_lines":2}
{"time":"2026-08-30T07:58:46.721117808+02:00","level":"INFO","msg":"filestream: request sent","status":"200 OK"}
{"time":"2026-08-30T07:59:01.354761842+02:00","level":"INFO","msg":"filestream: sending request","total_files":1,"events_offset":1298,"events_lines":2}
{"time":"2026-08-30T07:59:01.695177572+02:00","level":"INFO","msg":"filestream: request sent","status":"200 OK"}
{"time":"2026-08-30T07:59:16.35478633+02:00","level":"INFO","msg":"filestream: sending request","total_files":1,"events_offset":1300,"events_lines":2}
{"time":"2026-08-30T07:59:16.701234419+02:00","level":"INFO","msg":"filestream: request sent","status":"200 OK"}
{"time":"2026-08-30T07:59:31.354608118+02:00","level":"INFO","msg":"filestream: sending request","total_files":1,"events_offset":1302,"events_lines":2}
{"time":"2026-08-30T07:59:31.755617679+02:00","level":"INFO","msg":"filestream: request sent","status":"200 OK"}
{"time":"2026-08-30T07:59:46.354729372+02:00","level":"INFO","msg":"filestream: sending request","total_files":1,"events_offset":1304,"events_lines":2}
{"time":"2026-08-30T07:59:46.686088741+02:00","level":"INFO","msg":"filestream: request sent","status":"200 OK"}
{"time":"2026-08-30T08:00:01.354829165+02:00","level":"INFO","msg":"filestream: sending request","total_files":1,"events_offset":1306,"events_lines":2}
{"time":"2026-08-30T08:00:01.697410776+02:00","level":"INFO","msg":"filestream: request sent","status":"200 OK"}
{"time":"2026-08-30T08:00:16.354401296+02:00","level":"INFO","msg":"filestream: sending request","total_files":1,"events_offset":1308,"events_lines":2}
{"time":"2026-08-30T08:00:16.688295876+02:00","level":"INFO","msg":"filestream: request sent","status":"200 OK"}
{"time":"2026-08-30T08:00:31.353961343+02:00","level":"INFO","msg":"filestream: sending request","total_files":1,"events_offset":1310,"events_lines":2}
{"time":"2026-08-30T08:00:31.734256513+02:00","level":"INFO","msg":"filestream: request sent","status":"200 OK"}
{"time":"2026-08-30T08:00:46.354428046+02:00","level":"INFO","msg":"filestream: sending request","total_files":1,"events_offset":1312,"events_lines":2}
{"time":"2026-08-30T08:00:46.82198767+02:00","level":"INFO","msg":"filestream: request sent","status":"200 OK"}
{"time":"2026-08-30T08:01:01.354419324+02:00","level":"INFO","msg":"filestream: sending request","total_files":1,"events_offset":1314,"events_lines":2}
{"time":"2026-08-30T08:01:01.705641294+02:00","level":"INFO","msg":"filestream: request sent","status":"200 OK"}
{"time":"2026-08-30T08:01:16.354418661+02:00","level":"INFO","msg":"filestream: sending request","total_files":1,"events_offset":1316,"events_lines":2}
{"time":"2026-08-30T08:01:16.760615304+02:00","level":"INFO","msg":"filestream: request sent","status":"200 OK"}
{"time":"2026-08-30T08:01:31.35486383+02:00","level":"INFO","msg":"filestream: sending request","total_files":1,"events_offset":1318,"events_lines":2}
{"time":"2026-08-30T08:01:31.72201436+02:00","level":"INFO","msg":"filestream: request sent","status":"200 OK"}
{"time":"2026-08-30T08:01:46.35454462+02:00","level":"INFO","msg":"filestream: sending request","total_files":3,"history_offset":952,"history_lines":9,"events_offset":1320,"events_lines":2}
{"time":"2026-08-30T08:01:46.707028961+02:00","level":"INFO","msg":"filestream: request sent","status":"200 OK"}
{"time":"2026-08-30T08:02:01.354093304+02:00","level":"INFO","msg":"filestream: sending request","total_files":4,"history_offset":961,"history_lines":2,"events_offset":1322,"events_lines":2,"console_offset":158,"console_lines":1}
{"time":"2026-08-30T08:02:01.776041954+02:00","level":"INFO","msg":"filestream: request sent","status":"200 OK"}
{"time":"2026-08-30T08:02:16.354464447+02:00","level":"INFO","msg":"filestream: sending request","total_files":1,"events_offset":1324,"events_lines":2}
{"time":"2026-08-30T08:02:16.718689698+02:00","level":"INFO","msg":"filestream: request sent","status":"200 OK"}
{"time":"2026-08-30T08:02:31.354830571+02:00","level":"INFO","msg":"filestream: sending request","total_files":1,"events_offset":1326,"events_lines":2}
{"time":"2026-08-30T08:02:31.702953839+02:00","level":"INFO","msg":"filestream: request sent","status":"200 OK"}
{"time":"2026-08-30T08:02:46.354380094+02:00","level":"INFO","msg":"filestream: sending request","total_files":1,"events_offset":1328,"events_lines":2}
{"time":"2026-08-30T08:02:46.756718498+02:00","level":"INFO","msg":"filestream: request sent","status":"200 OK"}
{"time":"2026-08-30T08:03:01.354141747+02:00","level":"INFO","msg":"filestream: sending request","total_files":1,"events_offset":1330,"events_lines":2}
{"time":"2026-08-30T08:03:01.689947145+02:00","level":"INFO","msg":"filestream: request sent","status":"200 OK"}
{"time":"2026-08-30T08:03:16.35412762+02:00","level":"INFO","msg":"filestream: sending request","total_files":1,"events_offset":1332,"events_lines":2}
{"time":"2026-08-30T08:03:16.705114983+02:00","level":"INFO","msg":"filestream: request sent","status":"200 OK"}
{"time":"2026-08-30T08:03:31.354057963+02:00","level":"INFO","msg":"filestream: sending request","total_files":1,"events_offset":1334,"events_lines":2}
{"time":"2026-08-30T08:03:31.727384739+02:00","level":"INFO","msg":"filestream: request sent","status":"200 OK"}
{"time":"2026-08-30T08:03:46.354055531+02:00","level":"INFO","msg":"filestream: sending request","total_files":1,"events_offset":1336,"events_lines":2}
{"time":"2026-08-30T08:03:46.696714714+02:00","level":"INFO","msg":"filestream: request sent","status":"200 OK"}
{"time":"2026-08-30T08:04:01.354349867+02:00","level":"INFO","msg":"filestream: sending request","total_files":1,"events_offset":1338,"events_lines":2}
{"time":"2026-08-30T08:04:01.733317061+02:00","level":"INFO","msg":"filestream: request sent","status":"200 OK"}
{"time":"2026-08-30T08:04:16.35412279+02:00","level":"INFO","msg":"filestream: sending request","total_files":1,"events_offset":1340,"events_lines":2}
{"time":"2026-08-30T08:04:16.709642281+02:00","level":"INFO","msg":"filestream: request sent","status":"200 OK"}
{"time":"2026-08-30T08:04:31.354939701+02:00","level":"INFO","msg":"filestream: sending request","total_files":1,"events_offset":1342,"events_lines":2}
{"time":"2026-08-30T08:04:31.709852608+02:00","level":"INFO","msg":"filestream: request sent","status":"200 OK"}
{"time":"2026-08-30T08:04:46.354207922+02:00","level":"INFO","msg":"filestream: sending request","total_files":1,"events_offset":1344,"events_lines":2}
{"time":"2026-08-30T08:04:46.745403429+02:00","level":"INFO","msg":"filestream: request sent","status":"200 OK"}
{"time":"2026-08-30T08:05:01.354599077+02:00","level":"INFO","msg":"filestream: sending request","total_files":1,"events_offset":1346,"events_lines":2}
{"time":"2026-08-30T08:05:01.68392615+02:00","level":"INFO","msg":"filestream: request sent","status":"200 OK"}
{"time":"2026-08-30T08:05:16.354309549+02:00","level":"INFO","msg":"filestream: sending request","total_files":3,"history_offset":963,"history_lines":4,"events_offset":1348,"events_lines":2}
{"time":"2026-08-30T08:05:16.697011187+02:00","level":"INFO","msg":"filestream: request sent","status":"200 OK"}
{"time":"2026-08-30T08:05:31.354894868+02:00","level":"INFO","msg":"filestream: sending request","total_files":4,"history_offset":967,"history_lines":2,"events_offset":1350,"events_lines":2,"console_offset":159,"console_lines":1}
{"time":"2026-08-30T08:05:31.703961035+02:00","level":"INFO","msg":"filestream: request sent","status":"200 OK"}
{"time":"2026-08-30T08:05:46.35440696+02:00","level":"INFO","msg":"filestream: sending request","total_files":1,"events_offset":1352,"events_lines":2}
{"time":"2026-08-30T08:05:46.728075414+02:00","level":"INFO","msg":"filestream: request sent","status":"200 OK"}
{"time":"2026-08-30T08:06:01.354845946+02:00","level":"INFO","msg":"filestream: sending request","total_files":1,"events_offset":1354,"events_lines":2}
{"time":"2026-08-30T08:06:01.670090411+02:00","level":"INFO","msg":"filestream: request sent","status":"200 OK"}
{"time":"2026-08-30T08:06:16.355009757+02:00","level":"INFO","msg":"filestream: sending request","total_files":1,"events_offset":1356,"events_lines":2}
{"time":"2026-08-30T08:06:16.721886711+02:00","level":"INFO","msg":"filestream: request sent","status":"200 OK"}
{"time":"2026-08-30T08:06:31.354985665+02:00","level":"INFO","msg":"filestream: sending request","total_files":1,"events_offset":1358,"events_lines":2}
{"time":"2026-08-30T08:06:31.727502365+02:00","level":"INFO","msg":"filestream: request sent","status":"200 OK"}
{"time":"2026-08-30T08:06:46.354735439+02:00","level":"INFO","msg":"filestream: sending request","total_files":1,"events_offset":1360,"events_lines":2}
{"time":"2026-08-30T08:06:46.696215274+02:00","level":"INFO","msg":"filestream: request sent","status":"200 OK"}
{"time":"2026-08-30T08:07:01.354303723+02:00","level":"INFO","msg":"filestream: sending request","total_files":1,"events_offset":1362,"events_lines":2}
{"time":"2026-08-30T08:07:01.712679071+02:00","level":"INFO","msg":"filestream: request sent","status":"200 OK"}
{"time":"2026-08-30T08:07:16.354681797+02:00","level":"INFO","msg":"filestream: sending request","total_files":1,"events_offset":1364,"events_lines":2}
{"time":"2026-08-30T08:07:17.418844872+02:00","level":"INFO","msg":"filestream: request sent","status":"200 OK"}
{"time":"2026-08-30T08:07:31.354851746+02:00","level":"INFO","msg":"filestream: sending request","total_files":1,"events_offset":1366,"events_lines":2}
{"time":"2026-08-30T08:07:31.693386011+02:00","level":"INFO","msg":"filestream: request sent","status":"200 OK"}
{"time":"2026-08-30T08:07:46.354553807+02:00","level":"INFO","msg":"filestream: sending request","total_files":1,"events_offset":1368,"events_lines":2}
{"time":"2026-08-30T08:07:46.686014934+02:00","level":"INFO","msg":"filestream: request sent","status":"200 OK"}
{"time":"2026-08-30T08:08:01.354005249+02:00","level":"INFO","msg":"filestream: sending request","total_files":1,"events_offset":1370,"events_lines":2}
{"time":"2026-08-30T08:08:01.731426682+02:00","level":"INFO","msg":"filestream: request sent","status":"200 OK"}
{"time":"2026-08-30T08:08:16.354526415+02:00","level":"INFO","msg":"filestream: sending request","total_files":1,"events_offset":1372,"events_lines":2}
{"time":"2026-08-30T08:08:16.692865285+02:00","level":"INFO","msg":"filestream: request sent","status":"200 OK"}
{"time":"2026-08-30T08:08:31.354371295+02:00","level":"INFO","msg":"filestream: sending request","total_files":1,"events_offset":1374,"events_lines":2}
{"time":"2026-08-30T08:08:32.416479377+02:00","level":"INFO","msg":"filestream: request sent","status":"200 OK"}
{"time":"2026-08-30T08:08:46.354370007+02:00","level":"INFO","msg":"filestream: sending request","total_files":1,"events_offset":1376,"events_lines":2}
{"time":"2026-08-30T08:08:47.40517898+02:00","level":"INFO","msg":"filestream: request sent","status":"200 OK"}
{"time":"2026-08-30T08:09:01.354220416+02:00","level":"INFO","msg":"filestream: sending request","total_files":1,"events_offset":1378,"events_lines":2}
{"time":"2026-08-30T08:09:01.694857634+02:00","level":"INFO","msg":"filestream: request sent","status":"200 OK"}
{"time":"2026-08-30T08:09:16.35420303+02:00","level":"INFO","msg":"filestream: sending request","total_files":1,"events_offset":1380,"events_lines":2}
{"time":"2026-08-30T08:09:16.708351411+02:00","level":"INFO","msg":"filestream: request sent","status":"200 OK"}
{"time":"2026-08-30T08:09:31.353993746+02:00","level":"INFO","msg":"filestream: sending request","total_files":3,"history_offset":969,"history_lines":6,"events_offset":1382,"events_lines":2}
{"time":"2026-08-30T08:09:31.720267597+02:00","level":"INFO","msg":"filestream: request sent","status":"200 OK"}
{"time":"2026-08-30T08:09:46.354937091+02:00","level":"INFO","msg":"filestream: sending request","total_files":4,"history_offset":975,"history_lines":2,"events_offset":1384,"events_lines":2,"console_offset":160,"console_lines":1}
{"time":"2026-08-30T08:09:46.731457653+02:00","level":"INFO","msg":"filestream: request sent","status":"200 OK"}
{"time":"2026-08-30T08:10:01.354372044+02:00","level":"INFO","msg":"filestream: sending request","total_files":1,"events_offset":1386,"events_lines":2}
{"time":"2026-08-30T08:10:01.709129944+02:00","level":"INFO","msg":"filestream: request sent","status":"200 OK"}
{"time":"2026-08-30T08:10:16.354963156+02:00","level":"INFO","msg":"filestream: sending request","total_files":1,"events_offset":1388,"events_lines":2}
{"time":"2026-08-30T08:10:16.689109696+02:00","level":"INFO","msg":"filestream: request sent","status":"200 OK"}
{"time":"2026-08-30T08:10:31.354862441+02:00","level":"INFO","msg":"filestream: sending request","total_files":4,"history_offset":977,"history_lines":9,"events_offset":1390,"events_lines":2,"console_offset":161,"console_lines":1}
{"time":"2026-08-30T08:10:31.773958477+02:00","level":"INFO","msg":"filestream: request sent","status":"200 OK"}
{"time":"2026-08-30T08:10:46.354365769+02:00","level":"INFO","msg":"filestream: sending request","total_files":1,"events_offset":1392,"events_lines":2}
{"time":"2026-08-30T08:10:46.692518279+02:00","level":"INFO","msg":"filestream: request sent","status":"200 OK"}
{"time":"2026-08-30T08:11:01.354345566+02:00","level":"INFO","msg":"filestream: sending request","total_files":3,"history_offset":986,"history_lines":4,"events_offset":1394,"events_lines":2}
{"time":"2026-08-30T08:11:01.729744021+02:00","level":"INFO","msg":"filestream: request sent","status":"200 OK"}
{"time":"2026-08-30T08:11:16.355109646+02:00","level":"INFO","msg":"filestream: sending request","total_files":4,"history_offset":990,"history_lines":2,"events_offset":1396,"events_lines":2,"console_offset":162,"console_lines":1}
{"time":"2026-08-30T08:11:16.720784984+02:00","level":"INFO","msg":"filestream: request sent","status":"200 OK"}
{"time":"2026-08-30T08:11:31.354964416+02:00","level":"INFO","msg":"filestream: sending request","total_files":1,"events_offset":1398,"events_lines":2}
{"time":"2026-08-30T08:11:31.694642645+02:00","level":"INFO","msg":"filestream: request sent","status":"200 OK"}
{"time":"2026-08-30T08:11:46.354254257+02:00","level":"INFO","msg":"filestream: sending request","total_files":4,"history_offset":992,"history_lines":8,"events_offset":1400,"events_lines":2,"console_offset":163,"console_lines":1}
{"time":"2026-08-30T08:11:46.714967188+02:00","level":"INFO","msg":"filestream: request sent","status":"200 OK"}
{"time":"2026-08-30T08:12:01.354058225+02:00","level":"INFO","msg":"filestream: sending request","total_files":1,"events_offset":1402,"events_lines":2}
{"time":"2026-08-30T08:12:01.697352746+02:00","level":"INFO","msg":"filestream: request sent","status":"200 OK"}
{"time":"2026-08-30T08:12:16.355081083+02:00","level":"INFO","msg":"filestream: sending request","total_files":1,"events_offset":1404,"events_lines":2}
{"time":"2026-08-30T08:12:16.699263936+02:00","level":"INFO","msg":"filestream: request sent","status":"200 OK"}
{"time":"2026-08-30T08:12:31.354527499+02:00","level":"INFO","msg":"filestream: sending request","total_files":4,"history_offset":1000,"history_lines":8,"events_offset":1406,"events_lines":2,"console_offset":164,"console_lines":1}
{"time":"2026-08-30T08:12:31.69949469+02:00","level":"INFO","msg":"filestream: request sent","status":"200 OK"}
{"time":"2026-08-30T08:12:46.354542522+02:00","level":"INFO","msg":"filestream: sending request","total_files":1,"events_offset":1408,"events_lines":2}
{"time":"2026-08-30T08:12:46.742915292+02:00","level":"INFO","msg":"filestream: request sent","status":"200 OK"}
{"time":"2026-08-30T08:13:01.354534429+02:00","level":"INFO","msg":"filestream: sending request","total_files":4,"history_offset":1008,"history_lines":9,"events_offset":1410,"events_lines":2,"console_offset":165,"console_lines":1}
{"time":"2026-08-30T08:13:01.709066647+02:00","level":"INFO","msg":"filestream: request sent","status":"200 OK"}
{"time":"2026-08-30T08:13:16.354711569+02:00","level":"INFO","msg":"filestream: sending request","total_files":1,"events_offset":1412,"events_lines":2}
{"time":"2026-08-30T08:13:16.701799985+02:00","level":"INFO","msg":"filestream: request sent","status":"200 OK"}
{"time":"2026-08-30T08:13:31.353973083+02:00","level":"INFO","msg":"filestream: sending request","total_files":1,"events_offset":1414,"events_lines":2}
{"time":"2026-08-30T08:13:31.696256862+02:00","level":"INFO","msg":"filestream: request sent","status":"200 OK"}
{"time":"2026-08-30T08:13:46.354175163+02:00","level":"INFO","msg":"filestream: sending request","total_files":4,"history_offset":1017,"history_lines":10,"events_offset":1416,"events_lines":2,"console_offset":166,"console_lines":1}
{"time":"2026-08-30T08:13:46.736508507+02:00","level":"INFO","msg":"filestream: request sent","status":"200 OK"}
{"time":"2026-08-30T08:14:01.354471875+02:00","level":"INFO","msg":"filestream: sending request","total_files":1,"events_offset":1418,"events_lines":2}
{"time":"2026-08-30T08:14:01.728960005+02:00","level":"INFO","msg":"filestream: request sent","status":"200 OK"}
{"time":"2026-08-30T08:14:16.354028262+02:00","level":"INFO","msg":"filestream: sending request","total_files":4,"history_offset":1027,"history_lines":6,"events_offset":1420,"events_lines":2,"console_offset":167,"console_lines":1}
{"time":"2026-08-30T08:14:16.729654449+02:00","level":"INFO","msg":"filestream: request sent","status":"200 OK"}
{"time":"2026-08-30T08:14:31.354852954+02:00","level":"INFO","msg":"filestream: sending request","total_files":1,"events_offset":1422,"events_lines":2}
{"time":"2026-08-30T08:14:31.700611397+02:00","level":"INFO","msg":"filestream: request sent","status":"200 OK"}
{"time":"2026-08-30T08:14:46.354515502+02:00","level":"INFO","msg":"filestream: sending request","total_files":1,"events_offset":1424,"events_lines":2}
{"time":"2026-08-30T08:14:46.689633371+02:00","level":"INFO","msg":"filestream: request sent","status":"200 OK"}
{"time":"2026-08-30T08:15:01.354055373+02:00","level":"INFO","msg":"filestream: sending request","total_files":4,"history_offset":1033,"history_lines":6,"events_offset":1426,"events_lines":2,"console_offset":168,"console_lines":1}
{"time":"2026-08-30T08:15:01.718417214+02:00","level":"INFO","msg":"filestream: request sent","status":"200 OK"}
{"time":"2026-08-30T08:15:16.354497189+02:00","level":"INFO","msg":"filestream: sending request","total_files":1,"events_offset":1428,"events_lines":2}
{"time":"2026-08-30T08:15:16.697547979+02:00","level":"INFO","msg":"filestream: request sent","status":"200 OK"}
{"time":"2026-08-30T08:15:31.354070987+02:00","level":"INFO","msg":"filestream: sending request","total_files":3,"history_offset":1039,"history_lines":7,"events_offset":1430,"events_lines":2}
{"time":"2026-08-30T08:15:31.703368191+02:00","level":"INFO","msg":"filestream: request sent","status":"200 OK"}
{"time":"2026-08-30T08:15:46.354683884+02:00","level":"INFO","msg":"filestream: sending request","total_files":4,"history_offset":1046,"history_lines":2,"events_offset":1432,"events_lines":2,"console_offset":169,"console_lines":1}
{"time":"2026-08-30T08:15:46.727862698+02:00","level":"INFO","msg":"filestream: request sent","status":"200 OK"}
{"time":"2026-08-30T08:16:01.354969502+02:00","level":"INFO","msg":"filestream: sending request","total_files":1,"events_offset":1434,"events_lines":2}
{"time":"2026-08-30T08:16:01.710446679+02:00","level":"INFO","msg":"filestream: request sent","status":"200 OK"}
{"time":"2026-08-30T08:16:16.354444293+02:00","level":"INFO","msg":"filestream: sending request","total_files":4,"history_offset":1048,"history_lines":7,"events_offset":1436,"events_lines":2,"console_offset":170,"console_lines":1}
{"time":"2026-08-30T08:16:16.733542973+02:00","level":"INFO","msg":"filestream: request sent","status":"200 OK"}
{"time":"2026-08-30T08:16:31.353954367+02:00","level":"INFO","msg":"filestream: sending request","total_files":1,"events_offset":1438,"events_lines":2}
{"time":"2026-08-30T08:16:31.730542338+02:00","level":"INFO","msg":"filestream: request sent","status":"200 OK"}
{"time":"2026-08-30T08:16:46.354519412+02:00","level":"INFO","msg":"filestream: sending request","total_files":1,"events_offset":1440,"events_lines":2}
{"time":"2026-08-30T08:16:46.692963899+02:00","level":"INFO","msg":"filestream: request sent","status":"200 OK"}
{"time":"2026-08-30T08:17:01.355122248+02:00","level":"INFO","msg":"filestream: sending request","total_files":4,"history_offset":1055,"history_lines":8,"events_offset":1442,"events_lines":2,"console_offset":171,"console_lines":1}
{"time":"2026-08-30T08:17:01.724022017+02:00","level":"INFO","msg":"filestream: request sent","status":"200 OK"}
{"time":"2026-08-30T08:17:16.354851088+02:00","level":"INFO","msg":"filestream: sending request","total_files":1,"events_offset":1444,"events_lines":2}
{"time":"2026-08-30T08:17:16.717310669+02:00","level":"INFO","msg":"filestream: request sent","status":"200 OK"}
{"time":"2026-08-30T08:17:31.354807687+02:00","level":"INFO","msg":"filestream: sending request","total_files":3,"history_offset":1063,"history_lines":5,"events_offset":1446,"events_lines":2}
{"time":"2026-08-30T08:17:31.748565418+02:00","level":"INFO","msg":"filestream: request sent","status":"200 OK"}
{"time":"2026-08-30T08:17:46.354804646+02:00","level":"INFO","msg":"filestream: sending request","total_files":4,"history_offset":1068,"history_lines":2,"events_offset":1448,"events_lines":2,"console_offset":172,"console_lines":1}
{"time":"2026-08-30T08:17:47.317940404+02:00","level":"INFO","msg":"filestream: request sent","status":"200 OK"}
{"time":"2026-08-30T08:18:01.35494653+02:00","level":"INFO","msg":"filestream: sending request","total_files":1,"events_offset":1450,"events_lines":2}
{"time":"2026-08-30T08:18:01.737294843+02:00","level":"INFO","msg":"filestream: request sent","status":"200 OK"}
{"time":"2026-08-30T08:18:16.354425509+02:00","level":"INFO","msg":"filestream: sending request","total_files":4,"history_offset":1070,"history_lines":10,"events_offset":1452,"events_lines":2,"console_offset":173,"console_lines":4}
{"time":"2026-08-30T08:18:16.700828609+02:00","level":"INFO","msg":"filestream: request sent","status":"200 OK"}
{"time":"2026-08-30T08:18:31.354187793+02:00","level":"INFO","msg":"filestream: sending request","total_files":1,"events_offset":1454,"events_lines":2,"uploaded_len":1}
{"time":"2026-08-30T08:18:31.693621584+02:00","level":"INFO","msg":"filestream: request sent","status":"200 OK"}
{"time":"2026-08-30T08:18:46.354063404+02:00","level":"INFO","msg":"filestream: sending request","total_files":1,"events_offset":1456,"events_lines":2}
{"time":"2026-08-30T08:18:46.709486681+02:00","level":"INFO","msg":"filestream: request sent","status":"200 OK"}
{"time":"2026-08-30T08:19:01.354633975+02:00","level":"INFO","msg":"filestream: sending request","total_files":1,"events_offset":1458,"events_lines":2}
{"time":"2026-08-30T08:19:01.698671032+02:00","level":"INFO","msg":"filestream: request sent","status":"200 OK"}
{"time":"2026-08-30T08:19:16.354779202+02:00","level":"INFO","msg":"filestream: sending request","total_files":1,"events_offset":1460,"events_lines":2}
{"time":"2026-08-30T08:19:16.700477181+02:00","level":"INFO","msg":"filestream: request sent","status":"200 OK"}
{"time":"2026-08-30T08:19:31.354374893+02:00","level":"INFO","msg":"filestream: sending request","total_files":1,"events_offset":1462,"events_lines":2}
{"time":"2026-08-30T08:19:31.705546233+02:00","level":"INFO","msg":"filestream: request sent","status":"200 OK"}
{"time":"2026-08-30T08:19:46.354766683+02:00","level":"INFO","msg":"filestream: sending request","total_files":1,"events_offset":1464,"events_lines":2}
{"time":"2026-08-30T08:19:46.697416317+02:00","level":"INFO","msg":"filestream: request sent","status":"200 OK"}
{"time":"2026-08-30T08:20:01.354664685+02:00","level":"INFO","msg":"filestream: sending request","total_files":1,"events_offset":1466,"events_lines":2}
{"time":"2026-08-30T08:20:01.711740645+02:00","level":"INFO","msg":"filestream: request sent","status":"200 OK"}
{"time":"2026-08-30T08:20:16.355059779+02:00","level":"INFO","msg":"filestream: sending request","total_files":1,"events_offset":1468,"events_lines":2}
{"time":"2026-08-30T08:20:16.732215001+02:00","level":"INFO","msg":"filestream: request sent","status":"200 OK"}
{"time":"2026-08-30T08:20:31.354350369+02:00","level":"INFO","msg":"filestream: sending request","total_files":1,"events_offset":1470,"events_lines":2}
{"time":"2026-08-30T08:20:31.728256472+02:00","level":"INFO","msg":"filestream: request sent","status":"200 OK"}
{"time":"2026-08-30T08:20:46.3542022+02:00","level":"INFO","msg":"filestream: sending request","total_files":1,"events_offset":1472,"events_lines":2}
{"time":"2026-08-30T08:20:46.705458237+02:00","level":"INFO","msg":"filestream: request sent","status":"200 OK"}
{"time":"2026-08-30T08:21:01.354338942+02:00","level":"INFO","msg":"filestream: sending request","total_files":1,"events_offset":1474,"events_lines":2}
{"time":"2026-08-30T08:21:01.699341153+02:00","level":"INFO","msg":"filestream: request sent","status":"200 OK"}
{"time":"2026-08-30T08:21:16.354949351+02:00","level":"INFO","msg":"filestream: sending request","total_files":1,"events_offset":1476,"events_lines":2}
{"time":"2026-08-30T08:21:16.70358551+02:00","level":"INFO","msg":"filestream: request sent","status":"200 OK"}
{"time":"2026-08-30T08:21:31.35465976+02:00","level":"INFO","msg":"filestream: sending request","total_files":1,"events_offset":1478,"events_lines":2}
{"time":"2026-08-30T08:21:31.697902178+02:00","level":"INFO","msg":"filestream: request sent","status":"200 OK"}
{"time":"2026-08-30T08:21:46.353932733+02:00","level":"INFO","msg":"filestream: sending request","total_files":1,"events_offset":1480,"events_lines":2}
{"time":"2026-08-30T08:21:46.69818996+02:00","level":"INFO","msg":"filestream: request sent","status":"200 OK"}
{"time":"2026-08-30T08:22:01.355054369+02:00","level":"INFO","msg":"filestream: sending request","total_files":1,"events_offset":1482,"events_lines":2}
{"time":"2026-08-30T08:22:01.688897569+02:00","level":"INFO","msg":"filestream: request sent","status":"200 OK"}
{"time":"2026-08-30T08:22:16.354477117+02:00","level":"INFO","msg":"filestream: sending request","total_files":1,"events_offset":1484,"events_lines":2}
{"time":"2026-08-30T08:22:16.713976955+02:00","level":"INFO","msg":"filestream: request sent","status":"200 OK"}
{"time":"2026-08-30T08:22:31.354956747+02:00","level":"INFO","msg":"filestream: sending request","total_files":1,"events_offset":1486,"events_lines":2}
{"time":"2026-08-30T08:22:31.75043957+02:00","level":"INFO","msg":"filestream: request sent","status":"200 OK"}
{"time":"2026-08-30T08:22:46.353967614+02:00","level":"INFO","msg":"filestream: sending request","total_files":1,"events_offset":1488,"events_lines":2}
{"time":"2026-08-30T08:22:46.704093919+02:00","level":"INFO","msg":"filestream: request sent","status":"200 OK"}
{"time":"2026-08-30T08:23:01.355043804+02:00","level":"INFO","msg":"filestream: sending request","total_files":1,"events_offset":1490,"events_lines":2}
{"time":"2026-08-30T08:23:01.731046434+02:00","level":"INFO","msg":"filestream: request sent","status":"200 OK"}
{"time":"2026-08-30T08:23:16.354844614+02:00","level":"INFO","msg":"filestream: sending request","total_files":1,"events_offset":1492,"events_lines":2}
{"time":"2026-08-30T08:23:16.728953848+02:00","level":"INFO","msg":"filestream: request sent","status":"200 OK"}
{"time":"2026-08-30T08:23:31.354298773+02:00","level":"INFO","msg":"filestream: sending request","total_files":1,"events_offset":1494,"events_lines":2}
{"time":"2026-08-30T08:23:31.727247882+02:00","level":"INFO","msg":"filestream: request sent","status":"200 OK"}
{"time":"2026-08-30T08:23:46.354678177+02:00","level":"INFO","msg":"filestream: sending request","total_files":1,"events_offset":1496,"events_lines":2}
{"time":"2026-08-30T08:23:46.69561249+02:00","level":"INFO","msg":"filestream: request sent","status":"200 OK"}
{"time":"2026-08-30T08:24:01.353961703+02:00","level":"INFO","msg":"filestream: sending request","total_files":1,"events_offset":1498,"events_lines":2}
{"time":"2026-08-30T08:24:01.714653343+02:00","level":"INFO","msg":"filestream: request sent","status":"200 OK"}
{"time":"2026-08-30T08:24:16.354401195+02:00","level":"INFO","msg":"filestream: sending request","total_files":1,"events_offset":1500,"events_lines":2}
{"time":"2026-08-30T08:24:16.710725471+02:00","level":"INFO","msg":"filestream: request sent","status":"200 OK"}
{"time":"2026-08-30T08:24:31.354882568+02:00","level":"INFO","msg":"filestream: sending request","total_files":1,"events_offset":1502,"events_lines":2}
{"time":"2026-08-30T08:24:31.698915638+02:00","level":"INFO","msg":"filestream: request sent","status":"200 OK"}
{"time":"2026-08-30T08:24:46.354179509+02:00","level":"INFO","msg":"filestream: sending request","total_files":4,"history_offset":1080,"history_lines":1,"events_offset":1504,"events_lines":2,"console_offset":177,"console_lines":1}
{"time":"2026-08-30T08:24:46.743180008+02:00","level":"INFO","msg":"filestream: request sent","status":"200 OK"}
{"time":"2026-08-30T08:25:01.354356658+02:00","level":"INFO","msg":"filestream: sending request","total_files":1,"events_offset":1506,"events_lines":2}
{"time":"2026-08-30T08:25:01.734613914+02:00","level":"INFO","msg":"filestream: request sent","status":"200 OK"}
{"time":"2026-08-30T08:25:16.355145268+02:00","level":"INFO","msg":"filestream: sending request","total_files":4,"history_offset":1081,"history_lines":9,"events_offset":1508,"events_lines":2,"console_offset":178,"console_lines":1}
{"time":"2026-08-30T08:25:16.725791218+02:00","level":"INFO","msg":"filestream: request sent","status":"200 OK"}
{"time":"2026-08-30T08:25:31.354219107+02:00","level":"INFO","msg":"filestream: sending request","total_files":1,"events_offset":1510,"events_lines":2}
{"time":"2026-08-30T08:25:31.729661004+02:00","level":"INFO","msg":"filestream: request sent","status":"200 OK"}
{"time":"2026-08-30T08:25:46.354702696+02:00","level":"INFO","msg":"filestream: sending request","total_files":3,"history_offset":1090,"history_lines":2,"events_offset":1512,"events_lines":2}
{"time":"2026-08-30T08:25:46.703246151+02:00","level":"INFO","msg":"filestream: request sent","status":"200 OK"}
{"time":"2026-08-30T08:26:01.354436756+02:00","level":"INFO","msg":"filestream: sending request","total_files":4,"history_offset":1092,"history_lines":2,"events_offset":1514,"events_lines":2,"console_offset":179,"console_lines":1}
{"time":"2026-08-30T08:26:01.703850002+02:00","level":"INFO","msg":"filestream: request sent","status":"200 OK"}
{"time":"2026-08-30T08:26:16.354351525+02:00","level":"INFO","msg":"filestream: sending request","total_files":1,"events_offset":1516,"events_lines":2}
{"time":"2026-08-30T08:26:16.707836101+02:00","level":"INFO","msg":"filestream: request sent","status":"200 OK"}
{"time":"2026-08-30T08:26:31.354645519+02:00","level":"INFO","msg":"filestream: sending request","total_files":4,"history_offset":1094,"history_lines":8,"events_offset":1518,"events_lines":2,"console_offset":180,"console_lines":1}
{"time":"2026-08-30T08:26:31.694270721+02:00","level":"INFO","msg":"filestream: request sent","status":"200 OK"}
{"time":"2026-08-30T08:26:46.354903945+02:00","level":"INFO","msg":"filestream: sending request","total_files":1,"events_offset":1520,"events_lines":2}
{"time":"2026-08-30T08:26:46.705414434+02:00","level":"INFO","msg":"filestream: request sent","status":"200 OK"}
{"time":"2026-08-30T08:27:01.354500659+02:00","level":"INFO","msg":"filestream: sending request","total_files":1,"events_offset":1522,"events_lines":2}
{"time":"2026-08-30T08:27:01.73669552+02:00","level":"INFO","msg":"filestream: request sent","status":"200 OK"}
{"time":"2026-08-30T08:27:16.354625395+02:00","level":"INFO","msg":"filestream: sending request","total_files":4,"history_offset":1102,"history_lines":6,"events_offset":1524,"events_lines":2,"console_offset":181,"console_lines":1}
{"time":"2026-08-30T08:27:16.733932609+02:00","level":"INFO","msg":"filestream: request sent","status":"200 OK"}
{"time":"2026-08-30T08:27:31.354819042+02:00","level":"INFO","msg":"filestream: sending request","total_files":1,"events_offset":1526,"events_lines":2}
{"time":"2026-08-30T08:27:31.689252939+02:00","level":"INFO","msg":"filestream: request sent","status":"200 OK"}
{"time":"2026-08-30T08:27:46.354910316+02:00","level":"INFO","msg":"filestream: sending request","total_files":3,"history_offset":1108,"history_lines":9,"events_offset":1528,"events_lines":2}
{"time":"2026-08-30T08:27:46.711839142+02:00","level":"INFO","msg":"filestream: request sent","status":"200 OK"}
{"time":"2026-08-30T08:28:01.354438713+02:00","level":"INFO","msg":"filestream: sending request","total_files":4,"history_offset":1117,"history_lines":2,"events_offset":1530,"events_lines":2,"console_offset":182,"console_lines":1}
{"time":"2026-08-30T08:28:01.696081043+02:00","level":"INFO","msg":"filestream: request sent","status":"200 OK"}
{"time":"2026-08-30T08:28:16.354389462+02:00","level":"INFO","msg":"filestream: sending request","total_files":1,"events_offset":1532,"events_lines":2}
{"time":"2026-08-30T08:28:16.722199165+02:00","level":"INFO","msg":"filestream: request sent","status":"200 OK"}
{"time":"2026-08-30T08:28:31.354155822+02:00","level":"INFO","msg":"filestream: sending request","total_files":4,"history_offset":1119,"history_lines":9,"events_offset":1534,"events_lines":2,"console_offset":183,"console_lines":1}
{"time":"2026-08-30T08:28:31.727488543+02:00","level":"INFO","msg":"filestream: request sent","status":"200 OK"}
{"time":"2026-08-30T08:28:46.35468459+02:00","level":"INFO","msg":"filestream: sending request","total_files":1,"events_offset":1536,"events_lines":2}
{"time":"2026-08-30T08:28:46.703038674+02:00","level":"INFO","msg":"filestream: request sent","status":"200 OK"}
{"time":"2026-08-30T08:29:01.354244913+02:00","level":"INFO","msg":"filestream: sending request","total_files":4,"history_offset":1128,"history_lines":8,"events_offset":1538,"events_lines":2,"console_offset":184,"console_lines":1}
{"time":"2026-08-30T08:29:01.712880943+02:00","level":"INFO","msg":"filestream: request sent","status":"200 OK"}
{"time":"2026-08-30T08:29:16.354325737+02:00","level":"INFO","msg":"filestream: sending request","total_files":1,"events_offset":1540,"events_lines":2}
{"time":"2026-08-30T08:29:16.73983311+02:00","level":"INFO","msg":"filestream: request sent","status":"200 OK"}
{"time":"2026-08-30T08:29:31.354787962+02:00","level":"INFO","msg":"filestream: sending request","total_files":1,"events_offset":1542,"events_lines":2}
{"time":"2026-08-30T08:29:31.698936748+02:00","level":"INFO","msg":"filestream: request sent","status":"200 OK"}
{"time":"2026-08-30T08:29:46.354043626+02:00","level":"INFO","msg":"filestream: sending request","total_files":4,"history_offset":1136,"history_lines":9,"events_offset":1544,"events_lines":2,"console_offset":185,"console_lines":1}
{"time":"2026-08-30T08:29:46.692316+02:00","level":"INFO","msg":"filestream: request sent","status":"200 OK"}
{"time":"2026-08-30T08:30:01.354292586+02:00","level":"INFO","msg":"filestream: sending request","total_files":1,"events_offset":1546,"events_lines":2}
{"time":"2026-08-30T08:30:01.696147164+02:00","level":"INFO","msg":"filestream: request sent","status":"200 OK"}
{"time":"2026-08-30T08:30:16.354905463+02:00","level":"INFO","msg":"filestream: sending request","total_files":4,"history_offset":1145,"history_lines":8,"events_offset":1548,"events_lines":2,"console_offset":186,"console_lines":1}
{"time":"2026-08-30T08:30:16.722109075+02:00","level":"INFO","msg":"filestream: request sent","status":"200 OK"}
{"time":"2026-08-30T08:30:31.354936383+02:00","level":"INFO","msg":"filestream: sending request","total_files":1,"events_offset":1550,"events_lines":2}
{"time":"2026-08-30T08:30:31.688013973+02:00","level":"INFO","msg":"filestream: request sent","status":"200 OK"}
{"time":"2026-08-30T08:30:46.354460084+02:00","level":"INFO","msg":"filestream: sending request","total_files":3,"history_offset":1153,"history_lines":4,"events_offset":1552,"events_lines":2}
{"time":"2026-08-30T08:30:46.736376079+02:00","level":"INFO","msg":"filestream: request sent","status":"200 OK"}
{"time":"2026-08-30T08:31:01.354275657+02:00","level":"INFO","msg":"filestream: sending request","total_files":4,"history_offset":1157,"history_lines":2,"events_offset":1554,"events_lines":2,"console_offset":187,"console_lines":1}
{"time":"2026-08-30T08:31:01.71213993+02:00","level":"INFO","msg":"filestream: request sent","status":"200 OK"}
{"time":"2026-08-30T08:31:16.354646957+02:00","level":"INFO","msg":"filestream: sending request","total_files":1,"events_offset":1556,"events_lines":2}
{"time":"2026-08-30T08:31:16.720374459+02:00","level":"INFO","msg":"filestream: request sent","status":"200 OK"}
{"time":"2026-08-30T08:31:31.354650596+02:00","level":"INFO","msg":"filestream: sending request","total_files":4,"history_offset":1159,"history_lines":8,"events_offset":1558,"events_lines":2,"console_offset":188,"console_lines":1}
{"time":"2026-08-30T08:31:31.714312015+02:00","level":"INFO","msg":"filestream: request sent","status":"200 OK"}
{"time":"2026-08-30T08:31:46.354560102+02:00","level":"INFO","msg":"filestream: sending request","total_files":1,"events_offset":1560,"events_lines":2}
{"time":"2026-08-30T08:31:46.709583645+02:00","level":"INFO","msg":"filestream: request sent","status":"200 OK"}
{"time":"2026-08-30T08:32:01.354065606+02:00","level":"INFO","msg":"filestream: sending request","total_files":3,"history_offset":1167,"history_lines":7,"events_offset":1562,"events_lines":2}
{"time":"2026-08-30T08:32:01.715288389+02:00","level":"INFO","msg":"filestream: request sent","status":"200 OK"}
{"time":"2026-08-30T08:32:16.354571684+02:00","level":"INFO","msg":"filestream: sending request","total_files":4,"history_offset":1174,"history_lines":2,"events_offset":1564,"events_lines":2,"console_offset":189,"console_lines":1}
{"time":"2026-08-30T08:32:16.715199168+02:00","level":"INFO","msg":"filestream: request sent","status":"200 OK"}
{"time":"2026-08-30T08:32:31.354873798+02:00","level":"INFO","msg":"filestream: sending request","total_files":1,"events_offset":1566,"events_lines":2}
{"time":"2026-08-30T08:32:31.729820409+02:00","level":"INFO","msg":"filestream: request sent","status":"200 OK"}
{"time":"2026-08-30T08:32:46.3548327+02:00","level":"INFO","msg":"filestream: sending request","total_files":4,"history_offset":1176,"history_lines":6,"events_offset":1568,"events_lines":2,"console_offset":190,"console_lines":1}
{"time":"2026-08-30T08:32:46.718441818+02:00","level":"INFO","msg":"filestream: request sent","status":"200 OK"}
{"time":"2026-08-30T08:33:01.354916648+02:00","level":"INFO","msg":"filestream: sending request","total_files":1,"events_offset":1570,"events_lines":2}
{"time":"2026-08-30T08:33:01.718614865+02:00","level":"INFO","msg":"filestream: request sent","status":"200 OK"}
{"time":"2026-08-30T08:33:16.354881678+02:00","level":"INFO","msg":"filestream: sending request","total_files":3,"history_offset":1182,"history_lines":5,"events_offset":1572,"events_lines":2}
{"time":"2026-08-30T08:33:16.703817792+02:00","level":"INFO","msg":"filestream: request sent","status":"200 OK"}
{"time":"2026-08-30T08:33:31.355072857+02:00","level":"INFO","msg":"filestream: sending request","total_files":4,"history_offset":1187,"history_lines":2,"events_offset":1574,"events_lines":2,"console_offset":191,"console_lines":1}
{"time":"2026-08-30T08:33:31.719771534+02:00","level":"INFO","msg":"filestream: request sent","status":"200 OK"}
{"time":"2026-08-30T08:33:46.354734981+02:00","level":"INFO","msg":"filestream: sending request","total_files":1,"events_offset":1576,"events_lines":2}
{"time":"2026-08-30T08:33:46.716227632+02:00","level":"INFO","msg":"filestream: request sent","status":"200 OK"}
{"time":"2026-08-30T08:34:01.354028554+02:00","level":"INFO","msg":"filestream: sending request","total_files":4,"history_offset":1189,"history_lines":8,"events_offset":1578,"events_lines":2,"console_offset":192,"console_lines":1}
{"time":"2026-08-30T08:34:01.715377555+02:00","level":"INFO","msg":"filestream: request sent","status":"200 OK"}
{"time":"2026-08-30T08:34:16.354025213+02:00","level":"INFO","msg":"filestream: sending request","total_files":1,"events_offset":1580,"events_lines":2}
{"time":"2026-08-30T08:34:16.698287673+02:00","level":"INFO","msg":"filestream: request sent","status":"200 OK"}
{"time":"2026-08-30T08:34:31.355031659+02:00","level":"INFO","msg":"filestream: sending request","total_files":1,"events_offset":1582,"events_lines":2}
{"time":"2026-08-30T08:34:31.70281451+02:00","level":"INFO","msg":"filestream: request sent","status":"200 OK"}
{"time":"2026-08-30T08:34:46.354189081+02:00","level":"INFO","msg":"filestream: sending request","total_files":4,"history_offset":1197,"history_lines":10,"events_offset":1584,"events_lines":2,"console_offset":193,"console_lines":4}
{"time":"2026-08-30T08:34:46.703807325+02:00","level":"INFO","msg":"filestream: request sent","status":"200 OK"}
{"time":"2026-08-30T08:35:01.354243573+02:00","level":"INFO","msg":"filestream: sending request","total_files":1,"events_offset":1586,"events_lines":2,"uploaded_len":1}
{"time":"2026-08-30T08:35:01.692038587+02:00","level":"INFO","msg":"filestream: request sent","status":"200 OK"}
{"time":"2026-08-30T08:35:16.354128391+02:00","level":"INFO","msg":"filestream: sending request","total_files":1,"events_offset":1588,"events_lines":2}
{"time":"2026-08-30T08:35:16.738966111+02:00","level":"INFO","msg":"filestream: request sent","status":"200 OK"}
{"time":"2026-08-30T08:35:31.354366077+02:00","level":"INFO","msg":"filestream: sending request","total_files":1,"events_offset":1590,"events_lines":2}
{"time":"2026-08-30T08:35:31.701507395+02:00","level":"INFO","msg":"filestream: request sent","status":"200 OK"}
{"time":"2026-08-30T08:35:46.354725963+02:00","level":"INFO","msg":"filestream: sending request","total_files":1,"events_offset":1592,"events_lines":2}
{"time":"2026-08-30T08:35:46.730718456+02:00","level":"INFO","msg":"filestream: request sent","status":"200 OK"}
{"time":"2026-08-30T08:36:01.354754936+02:00","level":"INFO","msg":"filestream: sending request","total_files":1,"events_offset":1594,"events_lines":2}
{"time":"2026-08-30T08:36:01.720296767+02:00","level":"INFO","msg":"filestream: request sent","status":"200 OK"}
{"time":"2026-08-30T08:36:16.354440758+02:00","level":"INFO","msg":"filestream: sending request","total_files":1,"events_offset":1596,"events_lines":2}
{"time":"2026-08-30T08:36:16.691146366+02:00","level":"INFO","msg":"filestream: request sent","status":"200 OK"}
{"time":"2026-08-30T08:36:31.354325538+02:00","level":"INFO","msg":"filestream: sending request","total_files":1,"events_offset":1598,"events_lines":2}
{"time":"2026-08-30T08:36:31.709703499+02:00","level":"INFO","msg":"filestream: request sent","status":"200 OK"}
{"time":"2026-08-30T08:36:46.354661364+02:00","level":"INFO","msg":"filestream: sending request","total_files":1,"events_offset":1600,"events_lines":2}
{"time":"2026-08-30T08:36:46.700791898+02:00","level":"INFO","msg":"filestream: request sent","status":"200 OK"}
{"time":"2026-08-30T08:37:01.354392603+02:00","level":"INFO","msg":"filestream: sending request","total_files":1,"events_offset":1602,"events_lines":2}
{"time":"2026-08-30T08:37:01.718569933+02:00","level":"INFO","msg":"filestream: request sent","status":"200 OK"}
{"time":"2026-08-30T08:37:16.355018383+02:00","level":"INFO","msg":"filestream: sending request","total_files":1,"events_offset":1604,"events_lines":2}
{"time":"2026-08-30T08:37:16.69034078+02:00","level":"INFO","msg":"filestream: request sent","status":"200 OK"}
{"time":"2026-08-30T08:37:31.354126018+02:00","level":"INFO","msg":"filestream: sending request","total_files":1,"events_offset":1606,"events_lines":2}
{"time":"2026-08-30T08:37:31.709116076+02:00","level":"INFO","msg":"filestream: request sent","status":"200 OK"}
{"time":"2026-08-30T08:37:46.354759933+02:00","level":"INFO","msg":"filestream: sending request","total_files":1,"events_offset":1608,"events_lines":2}
{"time":"2026-08-30T08:37:46.724762127+02:00","level":"INFO","msg":"filestream: request sent","status":"200 OK"}
{"time":"2026-08-30T08:38:01.354913435+02:00","level":"INFO","msg":"filestream: sending request","total_files":1,"events_offset":1610,"events_lines":2}
{"time":"2026-08-30T08:38:01.738624911+02:00","level":"INFO","msg":"filestream: request sent","status":"200 OK"}
{"time":"2026-08-30T08:38:16.35462323+02:00","level":"INFO","msg":"filestream: sending request","total_files":1,"events_offset":1612,"events_lines":2}
{"time":"2026-08-30T08:38:16.703953241+02:00","level":"INFO","msg":"filestream: request sent","status":"200 OK"}
{"time":"2026-08-30T08:38:31.354382835+02:00","level":"INFO","msg":"filestream: sending request","total_files":1,"events_offset":1614,"events_lines":2}
{"time":"2026-08-30T08:38:31.697224697+02:00","level":"INFO","msg":"filestream: request sent","status":"200 OK"}
{"time":"2026-08-30T08:38:46.354285493+02:00","level":"INFO","msg":"filestream: sending request","total_files":1,"events_offset":1616,"events_lines":2}
{"time":"2026-08-30T08:38:46.714667113+02:00","level":"INFO","msg":"filestream: request sent","status":"200 OK"}
{"time":"2026-08-30T08:39:01.354572204+02:00","level":"INFO","msg":"filestream: sending request","total_files":1,"events_offset":1618,"events_lines":2}
{"time":"2026-08-30T08:39:01.704634679+02:00","level":"INFO","msg":"filestream: request sent","status":"200 OK"}
{"time":"2026-08-30T08:39:16.353973148+02:00","level":"INFO","msg":"filestream: sending request","total_files":1,"events_offset":1620,"events_lines":2}
{"time":"2026-08-30T08:39:16.733369199+02:00","level":"INFO","msg":"filestream: request sent","status":"200 OK"}
{"time":"2026-08-30T08:39:31.354658991+02:00","level":"INFO","msg":"filestream: sending request","total_files":1,"events_offset":1622,"events_lines":2}
{"time":"2026-08-30T08:39:31.689349075+02:00","level":"INFO","msg":"filestream: request sent","status":"200 OK"}
{"time":"2026-08-30T08:39:46.355215931+02:00","level":"INFO","msg":"filestream: sending request","total_files":1,"events_offset":1624,"events_lines":2}
{"time":"2026-08-30T08:39:46.68947916+02:00","level":"INFO","msg":"filestream: request sent","status":"200 OK"}
{"time":"2026-08-30T08:40:01.354868429+02:00","level":"INFO","msg":"filestream: sending request","total_files":1,"events_offset":1626,"events_lines":2}
{"time":"2026-08-30T08:40:01.722709695+02:00","level":"INFO","msg":"filestream: request sent","status":"200 OK"}
{"time":"2026-08-30T08:40:16.355082707+02:00","level":"INFO","msg":"filestream: sending request","total_files":1,"events_offset":1628,"events_lines":2}
{"time":"2026-08-30T08:40:16.706000706+02:00","level":"INFO","msg":"filestream: request sent","status":"200 OK"}
{"time":"2026-08-30T08:40:31.354799941+02:00","level":"INFO","msg":"filestream: sending request","total_files":4,"history_offset":1207,"history_lines":1,"events_offset":1630,"events_lines":2,"console_offset":197,"console_lines":1}
{"time":"2026-08-30T08:40:31.724083456+02:00","level":"INFO","msg":"filestream: request sent","status":"200 OK"}
{"time":"2026-08-30T08:40:46.354439155+02:00","level":"INFO","msg":"filestream: sending request","total_files":1,"events_offset":1632,"events_lines":2}
{"time":"2026-08-30T08:40:46.713351686+02:00","level":"INFO","msg":"filestream: request sent","status":"200 OK"}
{"time":"2026-08-30T08:41:01.35420851+02:00","level":"INFO","msg":"filestream: sending request","total_files":4,"history_offset":1208,"history_lines":6,"events_offset":1634,"events_lines":2,"console_offset":198,"console_lines":1}
{"time":"2026-08-30T08:41:01.747249769+02:00","level":"INFO","msg":"filestream: request sent","status":"200 OK"}
{"time":"2026-08-30T08:41:16.353970432+02:00","level":"INFO","msg":"filestream: sending request","total_files":1,"events_offset":1636,"events_lines":2}
{"time":"2026-08-30T08:41:16.718115667+02:00","level":"INFO","msg":"filestream: request sent","status":"200 OK"}
{"time":"2026-08-30T08:41:31.354118644+02:00","level":"INFO","msg":"filestream: sending request","total_files":1,"events_offset":1638,"events_lines":2}
{"time":"2026-08-30T08:41:31.723161447+02:00","level":"INFO","msg":"filestream: request sent","status":"200 OK"}
{"time":"2026-08-30T08:41:46.354565613+02:00","level":"INFO","msg":"filestream: sending request","total_files":4,"history_offset":1214,"history_lines":7,"events_offset":1640,"events_lines":2,"console_offset":199,"console_lines":1}
{"time":"2026-08-30T08:41:46.722372115+02:00","level":"INFO","msg":"filestream: request sent","status":"200 OK"}
{"time":"2026-08-30T08:42:01.353953404+02:00","level":"INFO","msg":"filestream: sending request","total_files":1,"events_offset":1642,"events_lines":2}
{"time":"2026-08-30T08:42:01.693336561+02:00","level":"INFO","msg":"filestream: request sent","status":"200 OK"}
{"time":"2026-08-30T08:42:16.355002574+02:00","level":"INFO","msg":"filestream: sending request","total_files":4,"history_offset":1221,"history_lines":8,"events_offset":1644,"events_lines":2,"console_offset":200,"console_lines":1}
{"time":"2026-08-30T08:42:16.738580586+02:00","level":"INFO","msg":"filestream: request sent","status":"200 OK"}
{"time":"2026-08-30T08:42:31.354689912+02:00","level":"INFO","msg":"filestream: sending request","total_files":1,"events_offset":1646,"events_lines":2}
{"time":"2026-08-30T08:42:31.704492319+02:00","level":"INFO","msg":"filestream: request sent","status":"200 OK"}
{"time":"2026-08-30T08:42:46.35490098+02:00","level":"INFO","msg":"filestream: sending request","total_files":1,"events_offset":1648,"events_lines":2}
{"time":"2026-08-30T08:42:46.717461368+02:00","level":"INFO","msg":"filestream: request sent","status":"200 OK"}
{"time":"2026-08-30T08:43:01.354069144+02:00","level":"INFO","msg":"filestream: sending request","total_files":4,"history_offset":1229,"history_lines":9,"events_offset":1650,"events_lines":2,"console_offset":201,"console_lines":1}
{"time":"2026-08-30T08:43:01.722434832+02:00","level":"INFO","msg":"filestream: request sent","status":"200 OK"}
{"time":"2026-08-30T08:43:16.354996894+02:00","level":"INFO","msg":"filestream: sending request","total_files":1,"events_offset":1652,"events_lines":2}
{"time":"2026-08-30T08:43:16.711244363+02:00","level":"INFO","msg":"filestream: request sent","status":"200 OK"}
{"time":"2026-08-30T08:43:31.354951932+02:00","level":"INFO","msg":"filestream: sending request","total_files":4,"history_offset":1238,"history_lines":6,"events_offset":1654,"events_lines":2,"console_offset":202,"console_lines":1}
{"time":"2026-08-30T08:43:31.71736154+02:00","level":"INFO","msg":"filestream: request sent","status":"200 OK"}
{"time":"2026-08-30T08:43:46.354714556+02:00","level":"INFO","msg":"filestream: sending request","total_files":1,"events_offset":1656,"events_lines":2}
{"time":"2026-08-30T08:43:46.709351078+02:00","level":"INFO","msg":"filestream: request sent","status":"200 OK"}
{"time":"2026-08-30T08:44:01.354563847+02:00","level":"INFO","msg":"filestream: sending request","total_files":3,"history_offset":1244,"history_lines":6,"events_offset":1658,"events_lines":2}
{"time":"2026-08-30T08:44:01.693904921+02:00","level":"INFO","msg":"filestream: request sent","status":"200 OK"}
{"time":"2026-08-30T08:44:16.354484792+02:00","level":"INFO","msg":"filestream: sending request","total_files":4,"history_offset":1250,"history_lines":2,"events_offset":1660,"events_lines":2,"console_offset":203,"console_lines":1}
{"time":"2026-08-30T08:44:16.725699446+02:00","level":"INFO","msg":"filestream: request sent","status":"200 OK"}
{"time":"2026-08-30T08:44:31.353952467+02:00","level":"INFO","msg":"filestream: sending request","total_files":1,"events_offset":1662,"events_lines":2}
{"time":"2026-08-30T08:44:31.721549621+02:00","level":"INFO","msg":"filestream: request sent","status":"200 OK"}
{"time":"2026-08-30T08:44:46.354954435+02:00","level":"INFO","msg":"filestream: sending request","total_files":4,"history_offset":1252,"history_lines":10,"events_offset":1664,"events_lines":2,"console_offset":204,"console_lines":1}
{"time":"2026-08-30T08:44:46.698104602+02:00","level":"INFO","msg":"filestream: request sent","status":"200 OK"}
{"time":"2026-08-30T08:45:01.354817067+02:00","level":"INFO","msg":"filestream: sending request","total_files":1,"events_offset":1666,"events_lines":2}
{"time":"2026-08-30T08:45:01.706275573+02:00","level":"INFO","msg":"filestream: request sent","status":"200 OK"}
{"time":"2026-08-30T08:45:16.354365177+02:00","level":"INFO","msg":"filestream: sending request","total_files":3,"history_offset":1262,"history_lines":8,"events_offset":1668,"events_lines":2}
{"time":"2026-08-30T08:45:16.711526421+02:00","level":"INFO","msg":"filestream: request sent","status":"200 OK"}
{"time":"2026-08-30T08:45:31.354071698+02:00","level":"INFO","msg":"filestream: sending request","total_files":4,"history_offset":1270,"history_lines":2,"events_offset":1670,"events_lines":2,"console_offset":205,"console_lines":1}
{"time":"2026-08-30T08:45:31.736762722+02:00","level":"INFO","msg":"filestream: request sent","status":"200 OK"}
{"time":"2026-08-30T08:45:46.35426274+02:00","level":"INFO","msg":"filestream: sending request","total_files":1,"events_offset":1672,"events_lines":2}
{"time":"2026-08-30T08:45:46.719826813+02:00","level":"INFO","msg":"filestream: request sent","status":"200 OK"}
{"time":"2026-08-30T08:46:01.354619509+02:00","level":"INFO","msg":"filestream: sending request","total_files":4,"history_offset":1272,"history_lines":6,"events_offset":1674,"events_lines":2,"console_offset":206,"console_lines":1}
{"time":"2026-08-30T08:46:01.699865401+02:00","level":"INFO","msg":"filestream: request sent","status":"200 OK"}
{"time":"2026-08-30T08:46:16.354485502+02:00","level":"INFO","msg":"filestream: sending request","total_files":1,"events_offset":1676,"events_lines":2}
{"time":"2026-08-30T08:46:16.727925974+02:00","level":"INFO","msg":"filestream: request sent","status":"200 OK"}
{"time":"2026-08-30T08:46:31.35495351+02:00","level":"INFO","msg":"filestream: sending request","total_files":1,"events_offset":1678,"events_lines":2}
{"time":"2026-08-30T08:46:31.70628539+02:00","level":"INFO","msg":"filestream: request sent","status":"200 OK"}
{"time":"2026-08-30T08:46:46.354484363+02:00","level":"INFO","msg":"filestream: sending request","total_files":4,"history_offset":1278,"history_lines":7,"events_offset":1680,"events_lines":2,"console_offset":207,"console_lines":1}
{"time":"2026-08-30T08:46:46.733402974+02:00","level":"INFO","msg":"filestream: request sent","status":"200 OK"}
{"time":"2026-08-30T08:47:01.354483537+02:00","level":"INFO","msg":"filestream: sending request","total_files":1,"events_offset":1682,"events_lines":2}
{"time":"2026-08-30T08:47:01.720370389+02:00","level":"INFO","msg":"filestream: request sent","status":"200 OK"}
{"time":"2026-08-30T08:47:16.354829184+02:00","level":"INFO","msg":"filestream: sending request","total_files":4,"history_offset":1285,"history_lines":6,"events_offset":1684,"events_lines":2,"console_offset":208,"console_lines":1}
{"time":"2026-08-30T08:47:16.704370643+02:00","level":"INFO","msg":"filestream: request sent","status":"200 OK"}
{"time":"2026-08-30T08:47:31.354957878+02:00","level":"INFO","msg":"filestream: sending request","total_files":1,"events_offset":1686,"events_lines":2}
{"time":"2026-08-30T08:47:31.696586703+02:00","level":"INFO","msg":"filestream: request sent","status":"200 OK"}
{"time":"2026-08-30T08:47:46.354333651+02:00","level":"INFO","msg":"filestream: sending request","total_files":1,"events_offset":1688,"events_lines":2}
{"time":"2026-08-30T08:47:46.749700143+02:00","level":"INFO","msg":"filestream: request sent","status":"200 OK"}
{"time":"2026-08-30T08:48:01.354553917+02:00","level":"INFO","msg":"filestream: sending request","total_files":4,"history_offset":1291,"history_lines":11,"events_offset":1690,"events_lines":2,"console_offset":209,"console_lines":1}
{"time":"2026-08-30T08:48:01.713260167+02:00","level":"INFO","msg":"filestream: request sent","status":"200 OK"}
{"time":"2026-08-30T08:48:16.354170673+02:00","level":"INFO","msg":"filestream: sending request","total_files":1,"events_offset":1692,"events_lines":2}
{"time":"2026-08-30T08:48:16.702128149+02:00","level":"INFO","msg":"filestream: request sent","status":"200 OK"}
{"time":"2026-08-30T08:48:31.354673296+02:00","level":"INFO","msg":"filestream: sending request","total_files":4,"history_offset":1302,"history_lines":8,"events_offset":1694,"events_lines":2,"console_offset":210,"console_lines":1}
{"time":"2026-08-30T08:48:31.727147283+02:00","level":"INFO","msg":"filestream: request sent","status":"200 OK"}
{"time":"2026-08-30T08:48:46.354426219+02:00","level":"INFO","msg":"filestream: sending request","total_files":1,"events_offset":1696,"events_lines":2}
{"time":"2026-08-30T08:48:46.699684318+02:00","level":"INFO","msg":"filestream: request sent","status":"200 OK"}
{"time":"2026-08-30T08:49:01.35474973+02:00","level":"INFO","msg":"filestream: sending request","total_files":1,"events_offset":1698,"events_lines":2}
{"time":"2026-08-30T08:49:01.749800022+02:00","level":"INFO","msg":"filestream: request sent","status":"200 OK"}
{"time":"2026-08-30T08:49:16.354203308+02:00","level":"INFO","msg":"filestream: sending request","total_files":4,"history_offset":1310,"history_lines":4,"events_offset":1700,"events_lines":2,"console_offset":211,"console_lines":1}
{"time":"2026-08-30T08:49:16.707276936+02:00","level":"INFO","msg":"filestream: request sent","status":"200 OK"}
{"time":"2026-08-30T08:49:31.354772854+02:00","level":"INFO","msg":"filestream: sending request","total_files":1,"events_offset":1702,"events_lines":2}
{"time":"2026-08-30T08:49:31.732478965+02:00","level":"INFO","msg":"filestream: request sent","status":"200 OK"}
{"time":"2026-08-30T08:49:46.355024647+02:00","level":"INFO","msg":"filestream: sending request","total_files":3,"history_offset":1314,"history_lines":6,"console_offset":212,"console_lines":2}
{"time":"2026-08-30T08:49:46.699114154+02:00","level":"INFO","msg":"filestream: request sent","status":"200 OK"}
{"time":"2026-08-30T08:49:51.47830513+02:00","level":"INFO","msg":"fileTransfer: Close: file transfer manager closed"}
{"time":"2026-08-30T08:49:51.478467136+02:00","level":"INFO","msg":"filestream: sending request","total_files":0,"uploaded_len":4,"complete":true,"exit_code":0}
{"time":"2026-08-30T08:49:51.826549392+02:00","level":"INFO","msg":"filestream: request sent","status":"200 OK"}
{"time":"2026-08-30T08:49:51.828662082+02:00","level":"INFO","msg":"handler: operation stats","stats":{}}
{"time":"2026-08-30T08:49:51.837450929+02:00","level":"INFO","msg":"stream: finishing up"}
{"time":"2026-08-30T08:49:51.837477425+02:00","level":"INFO","msg":"handler: closed"}
{"time":"2026-08-30T08:49:51.83758596+02:00","level":"INFO","msg":"sender: closed"}
{"time":"2026-08-30T08:49:51.837599653+02:00","level":"INFO","msg":"stream: all finished"}
