match,player1,player2,result_p1,winner,steps,points_p1,points_p2,reward_WinLoss,reward_ResourceGather,reward_ProduceWorker,reward_ProduceBuilding,reward_Attack,reward_ProduceCombatUnit,map,seed
1,FeudalNet,randomAI,WIN,FeudalNet,496,1.0,0.0,1.0,0.0,0.0,0.0,0.0,0.0,maps/16x16/basesWorkers16x16.xml,42
2,FeudalNet,randomAI,WIN,FeudalNet,555,1.0,0.0,1.0,0.0,0.0,0.0,0.0,0.0,maps/16x16/basesWorkers16x16.xml,42
3,FeudalNet,randomAI,WIN,FeudalNet,525,1.0,0.0,1.0,0.0,0.0,0.0,0.0,0.0,maps/16x16/basesWorkers16x16.xml,42
4,FeudalNet,randomAI,WIN,FeudalNet,508,1.0,0.0,1.0,0.0,0.0,0.0,0.0,0.0,maps/16x16/basesWorkers16x16.xml,42
5,FeudalNet,randomAI,WIN,FeudalNet,505,1.0,0.0,1.0,0.0,0.0,0.0,0.0,0.0,maps/16x16/basesWorkers16x16.xml,42
6,FeudalNet,randomAI,WIN,FeudalNet,535,1.0,0.0,1.0,0.0,0.0,0.0,0.0,0.0,maps/16x16/basesWorkers16x16.xml,42
7,FeudalNet,randomAI,WIN,FeudalNet,508,1.0,0.0,1.0,0.0,0.0,0.0,0.0,0.0,maps/16x16/basesWorkers16x16.xml,42
8,FeudalNet,randomAI,WIN,FeudalNet,505,1.0,0.0,1.0,0.0,0.0,0.0,0.0,0.0,maps/16x16/basesWorkers16x16.xml,42
9,FeudalNet,randomAI,WIN,FeudalNet,570,1.0,0.0,1.0,0.0,0.0,0.0,0.0,0.0,maps/16x16/basesWorkers16x16.xml,42
10,FeudalNet,randomAI,WIN,FeudalNet,546,1.0,0.0,1.0,0.0,0.0,0.0,0.0,0.0,maps/16x16/basesWorkers16x16.xml,42
11,FeudalNet,randomBiasedAI,WIN,FeudalNet,686,1.0,0.0,1.0,0.0,0.0,0.0,0.0,0.0,maps/16x16/basesWorkers16x16.xml,42
12,FeudalNet,randomBiasedAI,WIN,FeudalNet,610,1.0,0.0,1.0,0.0,0.0,0.0,0.0,0.0,maps/16x16/basesWorkers16x16.xml,42
13,FeudalNet,randomBiasedAI,WIN,FeudalNet,630,1.0,0.0,1.0,0.0,0.0,0.0,0.0,0.0,maps/16x16/basesWorkers16x16.xml,42
14,FeudalNet,randomBiasedAI,WIN,FeudalNet,635,1.0,0.0,1.0,0.0,0.0,0.0,0.0,0.0,maps/16x16/basesWorkers16x16.xml,42
15,FeudalNet,randomBiasedAI,WIN,FeudalNet,650,1.0,0.0,1.0,0.0,0.0,0.0,0.0,0.0,maps/16x16/basesWorkers16x16.xml,42
16,FeudalNet,randomBiasedAI,WIN,FeudalNet,656,1.0,0.0,1.0,0.0,0.0,0.0,0.0,0.0,maps/16x16/basesWorkers16x16.xml,42
17,FeudalNet,randomBiasedAI,WIN,FeudalNet,615,1.0,0.0,1.0,0.0,0.0,0.0,0.0,0.0,maps/16x16/basesWorkers16x16.xml,42
18,FeudalNet,randomBiasedAI,WIN,FeudalNet,625,1.0,0.0,1.0,0.0,0.0,0.0,0.0,0.0,maps/16x16/basesWorkers16x16.xml,42
19,FeudalNet,randomBiasedAI,WIN,FeudalNet,629,1.0,0.0,1.0,0.0,0.0,0.0,0.0,0.0,maps/16x16/basesWorkers16x16.xml,42
20,FeudalNet,randomBiasedAI,WIN,FeudalNet,815,1.0,0.0,1.0,0.0,0.0,0.0,0.0,0.0,maps/16x16/basesWorkers16x16.xml,42
21,FeudalNet,passiveAI,WIN,FeudalNet,476,1.0,0.0,1.0,0.0,0.0,0.0,0.0,0.0,maps/16x16/basesWorkers16x16.xml,42
22,FeudalNet,passiveAI,WIN,FeudalNet,475,1.0,0.0,1.0,0.0,0.0,0.0,0.0,0.0,maps/16x16/basesWorkers16x16.xml,42
23,FeudalNet,passiveAI,WIN,FeudalNet,475,1.0,0.0,1.0,0.0,0.0,0.0,0.0,0.0,maps/16x16/basesWorkers16x16.xml,42
24,FeudalNet,passiveAI,WIN,FeudalNet,478,1.0,0.0,1.0,0.0,0.0,0.0,0.0,0.0,maps/16x16/basesWorkers16x16.xml,42
25,FeudalNet,passiveAI,WIN,FeudalNet,476,1.0,0.0,1.0,0.0,0.0,0.0,1.0,0.0,maps/16x16/basesWorkers16x16.xml,42
26,FeudalNet,passiveAI,WIN,FeudalNet,486,1.0,0.0,1.0,0.0,0.0,0.0,1.0,0.0,maps/16x16/basesWorkers16x16.xml,42
27,FeudalNet,passiveAI,WIN,FeudalNet,476,1.0,0.0,1.0,0.0,0.0,0.0,0.0,0.0,maps/16x16/basesWorkers16x16.xml,42
28,FeudalNet,passiveAI,WIN,FeudalNet,486,1.0,0.0,1.0,0.0,0.0,0.0,0.0,0.0,maps/16x16/basesWorkers16x16.xml,42
29,FeudalNet,passiveAI,WIN,FeudalNet,476,1.0,0.0,1.0,0.0,0.0,0.0,1.0,0.0,maps/16x16/basesWorkers16x16.xml,42
30,FeudalNet,passiveAI,WIN,FeudalNet,489,1.0,0.0,1.0,0.0,0.0,0.0,1.0,0.0,maps/16x16/basesWorkers16x16.xml,42
31,FeudalNet,workerRushAI,WIN,FeudalNet,715,1.0,0.0,1.0,0.0,0.0,0.0,0.0,0.0,maps/16x16/basesWorkers16x16.xml,42
32,FeudalNet,workerRushAI,WIN,FeudalNet,936,1.0,0.0,1.0,0.0,0.0,0.0,0.0,0.0,maps/16x16/basesWorkers16x16.xml,42
33,FeudalNet,workerRushAI,WIN,FeudalNet,736,1.0,0.0,1.0,0.0,0.0,0.0,0.0,0.0,maps/16x16/basesWorkers16x16.xml,42
34,FeudalNet,workerRushAI,WIN,FeudalNet,741,1.0,0.0,1.0,1.0,0.0,0.0,0.0,0.0,maps/16x16/basesWorkers16x16.xml,42
35,FeudalNet,workerRushAI,WIN,FeudalNet,688,1.0,0.0,1.0,0.0,0.0,0.0,0.0,0.0,maps/16x16/basesWorkers16x16.xml,42
36,FeudalNet,workerRushAI,WIN,FeudalNet,722,1.0,0.0,1.0,0.0,0.0,0.0,0.0,0.0,maps/16x16/basesWorkers16x16.xml,42
37,FeudalNet,workerRushAI,WIN,FeudalNet,954,1.0,0.0,1.0,0.0,0.0,0.0,0.0,0.0,maps/16x16/basesWorkers16x16.xml,42
38,FeudalNet,workerRushAI,WIN,FeudalNet,741,1.0,0.0,1.0,1.0,0.0,0.0,0.0,0.0,maps/16x16/basesWorkers16x16.xml,42
39,FeudalNet,workerRushAI,WIN,FeudalNet,770,1.0,0.0,1.0,0.0,0.0,0.0,0.0,0.0,maps/16x16/basesWorkers16x16.xml,42
40,FeudalNet,workerRushAI,WIN,FeudalNet,750,1.0,0.0,1.0,0.0,0.0,0.0,0.0,0.0,maps/16x16/basesWorkers16x16.xml,42
41,FeudalNet,lightRushAI,WIN,FeudalNet,1589,1.0,0.0,1.0,0.0,0.0,0.0,0.0,0.0,maps/16x16/basesWorkers16x16.xml,42
42,FeudalNet,lightRushAI,WIN,FeudalNet,1076,1.0,0.0,1.0,0.0,0.0,0.0,0.0,0.0,maps/16x16/basesWorkers16x16.xml,42
43,FeudalNet,lightRushAI,WIN,FeudalNet,1137,1.0,0.0,1.0,0.0,0.0,0.0,0.0,0.0,maps/16x16/basesWorkers16x16.xml,42
44,FeudalNet,lightRushAI,WIN,FeudalNet,766,1.0,0.0,1.0,0.0,0.0,0.0,0.0,0.0,maps/16x16/basesWorkers16x16.xml,42
45,FeudalNet,lightRushAI,LOSS,lightRushAI,1768,0.0,1.0,-1.0,0.0,0.0,0.0,0.0,0.0,maps/16x16/basesWorkers16x16.xml,42
46,FeudalNet,lightRushAI,WIN,FeudalNet,1471,1.0,0.0,1.0,0.0,0.0,0.0,0.0,0.0,maps/16x16/basesWorkers16x16.xml,42
47,FeudalNet,lightRushAI,WIN,FeudalNet,890,1.0,0.0,1.0,0.0,0.0,0.0,0.0,0.0,maps/16x16/basesWorkers16x16.xml,42
48,FeudalNet,lightRushAI,WIN,FeudalNet,1364,1.0,0.0,1.0,0.0,0.0,0.0,0.0,0.0,maps/16x16/basesWorkers16x16.xml,42
49,FeudalNet,lightRushAI,WIN,FeudalNet,1935,1.0,0.0,1.0,0.0,0.0,0.0,0.0,0.0,maps/16x16/basesWorkers16x16.xml,42
50,FeudalNet,lightRushAI,LOSS,lightRushAI,1237,0.0,1.0,-1.0,0.0,0.0,0.0,0.0,0.0,maps/16x16/basesWorkers16x16.xml,42
51,FeudalNet,coacAI,WIN,FeudalNet,980,1.0,0.0,1.0,0.0,0.0,0.0,0.0,0.0,maps/16x16/basesWorkers16x16.xml,42
52,FeudalNet,coacAI,WIN,FeudalNet,1042,1.0,0.0,1.0,0.0,0.0,0.0,0.0,0.0,maps/16x16/basesWorkers16x16.xml,42
53,FeudalNet,coacAI,LOSS,coacAI,1925,0.0,1.0,-1.0,0.0,0.0,0.0,0.0,0.0,maps/16x16/basesWorkers16x16.xml,42
54,FeudalNet,coacAI,WIN,FeudalNet,1175,1.0,0.0,1.0,0.0,0.0,0.0,0.0,0.0,maps/16x16/basesWorkers16x16.xml,42
55,FeudalNet,coacAI,DRAW,DRAW,2000,0.5,0.5,0.0,0.0,0.0,0.0,0.0,0.0,maps/16x16/basesWorkers16x16.xml,42
56,FeudalNet,coacAI,WIN,FeudalNet,1237,1.0,0.0,1.0,0.0,0.0,0.0,0.0,0.0,maps/16x16/basesWorkers16x16.xml,42
57,FeudalNet,coacAI,WIN,FeudalNet,886,1.0,0.0,1.0,0.0,0.0,0.0,0.0,0.0,maps/16x16/basesWorkers16x16.xml,42
58,FeudalNet,coacAI,WIN,FeudalNet,930,1.0,0.0,1.0,0.0,0.0,0.0,0.0,0.0,maps/16x16/basesWorkers16x16.xml,42
59,FeudalNet,coacAI,WIN,FeudalNet,890,1.0,0.0,1.0,0.0,0.0,0.0,0.0,0.0,maps/16x16/basesWorkers16x16.xml,42
60,FeudalNet,coacAI,WIN,FeudalNet,1090,1.0,0.0,1.0,0.0,0.0,0.0,0.0,0.0,maps/16x16/basesWorkers16x16.xml,42
61,FeudalNet,rojo,WIN,FeudalNet,766,1.0,0.0,1.0,0.0,0.0,0.0,0.0,0.0,maps/16x16/basesWorkers16x16.xml,42
62,FeudalNet,rojo,WIN,FeudalNet,720,1.0,0.0,1.0,0.0,0.0,0.0,0.0,0.0,maps/16x16/basesWorkers16x16.xml,42
63,FeudalNet,rojo,WIN,FeudalNet,737,1.0,0.0,1.0,0.0,0.0,0.0,0.0,0.0,maps/16x16/basesWorkers16x16.xml,42
64,FeudalNet,rojo,WIN,FeudalNet,765,1.0,0.0,1.0,0.0,0.0,0.0,0.0,0.0,maps/16x16/basesWorkers16x16.xml,42
65,FeudalNet,rojo,WIN,FeudalNet,855,1.0,0.0,1.0,0.0,0.0,0.0,0.0,0.0,maps/16x16/basesWorkers16x16.xml,42
66,FeudalNet,rojo,WIN,FeudalNet,790,1.0,0.0,1.0,0.0,0.0,0.0,0.0,0.0,maps/16x16/basesWorkers16x16.xml,42
67,FeudalNet,rojo,WIN,FeudalNet,745,1.0,0.0,1.0,0.0,0.0,0.0,0.0,0.0,maps/16x16/basesWorkers16x16.xml,42
68,FeudalNet,rojo,WIN,FeudalNet,900,1.0,0.0,1.0,0.0,0.0,0.0,0.0,0.0,maps/16x16/basesWorkers16x16.xml,42
69,FeudalNet,rojo,WIN,FeudalNet,741,1.0,0.0,1.0,1.0,0.0,0.0,0.0,0.0,maps/16x16/basesWorkers16x16.xml,42
70,FeudalNet,rojo,WIN,FeudalNet,736,1.0,0.0,1.0,0.0,0.0,0.0,0.0,0.0,maps/16x16/basesWorkers16x16.xml,42
71,randomAI,randomBiasedAI,DRAW,DRAW,2000,0.5,0.5,0.0,0.0,0.0,0.0,0.0,0.0,maps/16x16/basesWorkers16x16.xml,42
72,randomAI,randomBiasedAI,LOSS,randomBiasedAI,1955,0.0,1.0,-1.0,0.0,0.0,0.0,0.0,0.0,maps/16x16/basesWorkers16x16.xml,42
73,randomAI,randomBiasedAI,DRAW,DRAW,2000,0.5,0.5,0.0,0.0,0.0,0.0,0.0,0.0,maps/16x16/basesWorkers16x16.xml,42
74,randomAI,randomBiasedAI,DRAW,DRAW,2000,0.5,0.5,0.0,0.0,0.0,0.0,0.0,0.0,maps/16x16/basesWorkers16x16.xml,42
75,randomAI,randomBiasedAI,DRAW,DRAW,2000,0.5,0.5,0.0,0.0,0.0,0.0,0.0,0.0,maps/16x16/basesWorkers16x16.xml,42
76,randomBiasedAI,randomAI,DRAW,DRAW,2000,0.5,0.5,0.0,0.0,0.0,0.0,0.0,0.0,maps/16x16/basesWorkers16x16.xml,42
77,randomBiasedAI,randomAI,DRAW,DRAW,2000,0.5,0.5,0.0,0.0,0.0,0.0,0.0,0.0,maps/16x16/basesWorkers16x16.xml,42
78,randomBiasedAI,randomAI,DRAW,DRAW,2000,0.5,0.5,0.0,0.0,0.0,0.0,0.0,0.0,maps/16x16/basesWorkers16x16.xml,42
79,randomBiasedAI,randomAI,DRAW,DRAW,2000,0.5,0.5,0.0,0.0,0.0,0.0,0.0,0.0,maps/16x16/basesWorkers16x16.xml,42
80,randomBiasedAI,randomAI,WIN,randomBiasedAI,1790,1.0,0.0,1.0,0.0,0.0,0.0,0.0,0.0,maps/16x16/basesWorkers16x16.xml,42
81,randomAI,passiveAI,DRAW,DRAW,2000,0.5,0.5,0.0,0.0,0.0,0.0,0.0,0.0,maps/16x16/basesWorkers16x16.xml,42
82,randomAI,passiveAI,DRAW,DRAW,2000,0.5,0.5,0.0,0.0,0.0,0.0,0.0,0.0,maps/16x16/basesWorkers16x16.xml,42
83,randomAI,passiveAI,DRAW,DRAW,2000,0.5,0.5,0.0,0.0,0.0,0.0,0.0,0.0,maps/16x16/basesWorkers16x16.xml,42
84,randomAI,passiveAI,DRAW,DRAW,2000,0.5,0.5,0.0,0.0,0.0,0.0,0.0,0.0,maps/16x16/basesWorkers16x16.xml,42
85,randomAI,passiveAI,DRAW,DRAW,2000,0.5,0.5,0.0,0.0,0.0,0.0,0.0,0.0,maps/16x16/basesWorkers16x16.xml,42
86,passiveAI,randomAI,DRAW,DRAW,2000,0.5,0.5,0.0,0.0,0.0,0.0,0.0,0.0,maps/16x16/basesWorkers16x16.xml,42
87,passiveAI,randomAI,DRAW,DRAW,2000,0.5,0.5,0.0,0.0,0.0,0.0,0.0,0.0,maps/16x16/basesWorkers16x16.xml,42
88,passiveAI,randomAI,DRAW,DRAW,2000,0.5,0.5,0.0,0.0,0.0,0.0,0.0,0.0,maps/16x16/basesWorkers16x16.xml,42
89,passiveAI,randomAI,DRAW,DRAW,2000,0.5,0.5,0.0,0.0,0.0,0.0,0.0,0.0,maps/16x16/basesWorkers16x16.xml,42
90,passiveAI,randomAI,DRAW,DRAW,2000,0.5,0.5,0.0,0.0,0.0,0.0,0.0,0.0,maps/16x16/basesWorkers16x16.xml,42
91,randomAI,workerRushAI,LOSS,workerRushAI,355,0.0,1.0,-1.0,0.0,0.0,0.0,0.0,0.0,maps/16x16/basesWorkers16x16.xml,42
92,randomAI,workerRushAI,LOSS,workerRushAI,460,0.0,1.0,-1.0,0.0,0.0,0.0,0.0,0.0,maps/16x16/basesWorkers16x16.xml,42
93,randomAI,workerRushAI,LOSS,workerRushAI,340,0.0,1.0,-1.0,0.0,0.0,0.0,0.0,0.0,maps/16x16/basesWorkers16x16.xml,42
94,randomAI,workerRushAI,LOSS,workerRushAI,385,0.0,1.0,-1.0,0.0,0.0,0.0,0.0,0.0,maps/16x16/basesWorkers16x16.xml,42
95,randomAI,workerRushAI,LOSS,workerRushAI,405,0.0,1.0,-1.0,0.0,0.0,0.0,0.0,0.0,maps/16x16/basesWorkers16x16.xml,42
96,workerRushAI,randomAI,WIN,workerRushAI,445,1.0,0.0,1.0,0.0,0.0,0.0,0.0,0.0,maps/16x16/basesWorkers16x16.xml,42
97,workerRushAI,randomAI,WIN,workerRushAI,405,1.0,0.0,1.0,0.0,0.0,0.0,0.0,0.0,maps/16x16/basesWorkers16x16.xml,42
98,workerRushAI,randomAI,WIN,workerRushAI,365,1.0,0.0,1.0,0.0,0.0,0.0,0.0,0.0,maps/16x16/basesWorkers16x16.xml,42
99,workerRushAI,randomAI,WIN,workerRushAI,455,1.0,0.0,1.0,0.0,0.0,0.0,0.0,0.0,maps/16x16/basesWorkers16x16.xml,42
100,workerRushAI,randomAI,WIN,workerRushAI,405,1.0,0.0,1.0,0.0,0.0,0.0,0.0,0.0,maps/16x16/basesWorkers16x16.xml,42
101,randomAI,lightRushAI,LOSS,lightRushAI,673,0.0,1.0,-1.0,0.0,0.0,0.0,0.0,0.0,maps/16x16/basesWorkers16x16.xml,42
102,randomAI,lightRushAI,LOSS,lightRushAI,633,0.0,1.0,-1.0,0.0,0.0,0.0,0.0,0.0,maps/16x16/basesWorkers16x16.xml,42
103,randomAI,lightRushAI,LOSS,lightRushAI,646,0.0,1.0,-1.0,0.0,0.0,0.0,0.0,0.0,maps/16x16/basesWorkers16x16.xml,42
104,randomAI,lightRushAI,LOSS,lightRushAI,638,0.0,1.0,-1.0,0.0,0.0,0.0,0.0,0.0,maps/16x16/basesWorkers16x16.xml,42
105,randomAI,lightRushAI,LOSS,lightRushAI,649,0.0,1.0,-1.0,0.0,0.0,0.0,0.0,0.0,maps/16x16/basesWorkers16x16.xml,42
106,lightRushAI,randomAI,WIN,lightRushAI,646,1.0,0.0,1.0,0.0,0.0,0.0,0.0,0.0,maps/16x16/basesWorkers16x16.xml,42
107,lightRushAI,randomAI,WIN,lightRushAI,623,1.0,0.0,1.0,0.0,0.0,0.0,0.0,0.0,maps/16x16/basesWorkers16x16.xml,42
108,lightRushAI,randomAI,WIN,lightRushAI,673,1.0,0.0,1.0,0.0,0.0,0.0,0.0,0.0,maps/16x16/basesWorkers16x16.xml,42
109,lightRushAI,randomAI,WIN,lightRushAI,709,1.0,0.0,1.0,0.0,0.0,0.0,0.0,0.0,maps/16x16/basesWorkers16x16.xml,42
110,lightRushAI,randomAI,WIN,lightRushAI,683,1.0,0.0,1.0,0.0,0.0,0.0,0.0,0.0,maps/16x16/basesWorkers16x16.xml,42
111,randomAI,coacAI,LOSS,coacAI,795,0.0,1.0,-1.0,0.0,0.0,0.0,0.0,0.0,maps/16x16/basesWorkers16x16.xml,42
112,randomAI,coacAI,LOSS,coacAI,770,0.0,1.0,-1.0,0.0,0.0,0.0,0.0,0.0,maps/16x16/basesWorkers16x16.xml,42
113,randomAI,coacAI,LOSS,coacAI,775,0.0,1.0,-1.0,0.0,0.0,0.0,0.0,0.0,maps/16x16/basesWorkers16x16.xml,42
114,randomAI,coacAI,LOSS,coacAI,805,0.0,1.0,-1.0,0.0,0.0,0.0,0.0,0.0,maps/16x16/basesWorkers16x16.xml,42
115,randomAI,coacAI,LOSS,coacAI,805,0.0,1.0,-1.0,0.0,0.0,0.0,0.0,0.0,maps/16x16/basesWorkers16x16.xml,42
116,coacAI,randomAI,WIN,coacAI,753,1.0,0.0,1.0,0.0,0.0,0.0,0.0,0.0,maps/16x16/basesWorkers16x16.xml,42
117,coacAI,randomAI,WIN,coacAI,741,1.0,0.0,1.0,0.0,0.0,0.0,0.0,0.0,maps/16x16/basesWorkers16x16.xml,42
118,coacAI,randomAI,WIN,coacAI,755,1.0,0.0,1.0,0.0,0.0,0.0,0.0,0.0,maps/16x16/basesWorkers16x16.xml,42
119,coacAI,randomAI,WIN,coacAI,805,1.0,0.0,1.0,0.0,0.0,0.0,0.0,0.0,maps/16x16/basesWorkers16x16.xml,42
120,coacAI,randomAI,WIN,coacAI,745,1.0,0.0,1.0,0.0,0.0,0.0,0.0,0.0,maps/16x16/basesWorkers16x16.xml,42
121,randomAI,rojo,LOSS,rojo,805,0.0,1.0,-1.0,0.0,0.0,0.0,0.0,0.0,maps/16x16/basesWorkers16x16.xml,42
122,randomAI,rojo,LOSS,rojo,765,0.0,1.0,-1.0,0.0,0.0,0.0,0.0,0.0,maps/16x16/basesWorkers16x16.xml,42
123,randomAI,rojo,LOSS,rojo,825,0.0,1.0,-1.0,0.0,0.0,0.0,0.0,0.0,maps/16x16/basesWorkers16x16.xml,42
124,randomAI,rojo,LOSS,rojo,875,0.0,1.0,-1.0,0.0,0.0,0.0,0.0,0.0,maps/16x16/basesWorkers16x16.xml,42
125,randomAI,rojo,LOSS,rojo,1015,0.0,1.0,-1.0,0.0,0.0,0.0,0.0,0.0,maps/16x16/basesWorkers16x16.xml,42
126,rojo,randomAI,WIN,rojo,875,1.0,0.0,1.0,0.0,0.0,0.0,0.0,0.0,maps/16x16/basesWorkers16x16.xml,42
127,rojo,randomAI,WIN,rojo,965,1.0,0.0,1.0,0.0,0.0,0.0,0.0,0.0,maps/16x16/basesWorkers16x16.xml,42
128,rojo,randomAI,WIN,rojo,685,1.0,0.0,1.0,0.0,0.0,0.0,0.0,0.0,maps/16x16/basesWorkers16x16.xml,42
129,rojo,randomAI,WIN,rojo,640,1.0,0.0,1.0,0.0,0.0,0.0,0.0,0.0,maps/16x16/basesWorkers16x16.xml,42
130,rojo,randomAI,WIN,rojo,680,1.0,0.0,1.0,0.0,0.0,0.0,0.0,0.0,maps/16x16/basesWorkers16x16.xml,42
131,randomBiasedAI,passiveAI,DRAW,DRAW,2000,0.5,0.5,0.0,0.0,0.0,0.0,0.0,0.0,maps/16x16/basesWorkers16x16.xml,42
132,randomBiasedAI,passiveAI,DRAW,DRAW,2000,0.5,0.5,0.0,0.0,0.0,0.0,0.0,0.0,maps/16x16/basesWorkers16x16.xml,42
133,randomBiasedAI,passiveAI,DRAW,DRAW,2000,0.5,0.5,0.0,0.0,0.0,0.0,0.0,0.0,maps/16x16/basesWorkers16x16.xml,42
134,randomBiasedAI,passiveAI,DRAW,DRAW,2000,0.5,0.5,0.0,0.0,0.0,0.0,0.0,0.0,maps/16x16/basesWorkers16x16.xml,42
135,randomBiasedAI,passiveAI,WIN,randomBiasedAI,1895,1.0,0.0,1.0,0.0,0.0,0.0,0.0,0.0,maps/16x16/basesWorkers16x16.xml,42
136,passiveAI,randomBiasedAI,DRAW,DRAW,2000,0.5,0.5,0.0,0.0,0.0,0.0,0.0,0.0,maps/16x16/basesWorkers16x16.xml,42
137,passiveAI,randomBiasedAI,DRAW,DRAW,2000,0.5,0.5,0.0,0.0,0.0,0.0,0.0,0.0,maps/16x16/basesWorkers16x16.xml,42
138,passiveAI,randomBiasedAI,LOSS,randomBiasedAI,1555,0.0,1.0,-1.0,0.0,0.0,0.0,0.0,0.0,maps/16x16/basesWorkers16x16.xml,42
139,passiveAI,randomBiasedAI,LOSS,randomBiasedAI,1805,0.0,1.0,-1.0,0.0,0.0,0.0,0.0,0.0,maps/16x16/basesWorkers16x16.xml,42
140,passiveAI,randomBiasedAI,DRAW,DRAW,2000,0.5,0.5,0.0,0.0,0.0,0.0,0.0,0.0,maps/16x16/basesWorkers16x16.xml,42
141,randomBiasedAI,workerRushAI,LOSS,workerRushAI,625,0.0,1.0,-1.0,0.0,0.0,0.0,0.0,0.0,maps/16x16/basesWorkers16x16.xml,42
142,randomBiasedAI,workerRushAI,LOSS,workerRushAI,645,0.0,1.0,-1.0,0.0,0.0,0.0,0.0,0.0,maps/16x16/basesWorkers16x16.xml,42
143,randomBiasedAI,workerRushAI,LOSS,workerRushAI,505,0.0,1.0,-1.0,0.0,0.0,0.0,0.0,0.0,maps/16x16/basesWorkers16x16.xml,42
144,randomBiasedAI,workerRushAI,LOSS,workerRushAI,910,0.0,1.0,-1.0,0.0,0.0,0.0,0.0,0.0,maps/16x16/basesWorkers16x16.xml,42
145,randomBiasedAI,workerRushAI,LOSS,workerRushAI,885,0.0,1.0,-1.0,0.0,0.0,0.0,0.0,0.0,maps/16x16/basesWorkers16x16.xml,42
146,workerRushAI,randomBiasedAI,WIN,workerRushAI,535,1.0,0.0,1.0,0.0,0.0,0.0,0.0,0.0,maps/16x16/basesWorkers16x16.xml,42
147,workerRushAI,randomBiasedAI,WIN,workerRushAI,475,1.0,0.0,1.0,0.0,0.0,0.0,0.0,0.0,maps/16x16/basesWorkers16x16.xml,42
148,workerRushAI,randomBiasedAI,WIN,workerRushAI,515,1.0,0.0,1.0,0.0,0.0,0.0,0.0,0.0,maps/16x16/basesWorkers16x16.xml,42
149,workerRushAI,randomBiasedAI,WIN,workerRushAI,615,1.0,0.0,1.0,0.0,0.0,0.0,0.0,0.0,maps/16x16/basesWorkers16x16.xml,42
150,workerRushAI,randomBiasedAI,WIN,workerRushAI,500,1.0,0.0,1.0,0.0,0.0,0.0,0.0,0.0,maps/16x16/basesWorkers16x16.xml,42
151,randomBiasedAI,lightRushAI,LOSS,lightRushAI,755,0.0,1.0,-1.0,0.0,0.0,0.0,0.0,0.0,maps/16x16/basesWorkers16x16.xml,42
152,randomBiasedAI,lightRushAI,LOSS,lightRushAI,709,0.0,1.0,-1.0,0.0,0.0,0.0,0.0,0.0,maps/16x16/basesWorkers16x16.xml,42
153,randomBiasedAI,lightRushAI,LOSS,lightRushAI,773,0.0,1.0,-1.0,0.0,0.0,0.0,0.0,0.0,maps/16x16/basesWorkers16x16.xml,42
154,randomBiasedAI,lightRushAI,LOSS,lightRushAI,863,0.0,1.0,-1.0,0.0,0.0,0.0,0.0,0.0,maps/16x16/basesWorkers16x16.xml,42
155,randomBiasedAI,lightRushAI,LOSS,lightRushAI,854,0.0,1.0,-1.0,0.0,0.0,0.0,0.0,0.0,maps/16x16/basesWorkers16x16.xml,42
156,lightRushAI,randomBiasedAI,WIN,lightRushAI,855,1.0,0.0,1.0,0.0,0.0,0.0,0.0,0.0,maps/16x16/basesWorkers16x16.xml,42
157,lightRushAI,randomBiasedAI,WIN,lightRushAI,737,1.0,0.0,1.0,0.0,0.0,0.0,0.0,0.0,maps/16x16/basesWorkers16x16.xml,42
158,lightRushAI,randomBiasedAI,WIN,lightRushAI,834,1.0,0.0,1.0,0.0,0.0,0.0,0.0,0.0,maps/16x16/basesWorkers16x16.xml,42
159,lightRushAI,randomBiasedAI,WIN,lightRushAI,775,1.0,0.0,1.0,0.0,0.0,0.0,0.0,0.0,maps/16x16/basesWorkers16x16.xml,42
160,lightRushAI,randomBiasedAI,WIN,lightRushAI,746,1.0,0.0,1.0,0.0,0.0,0.0,0.0,0.0,maps/16x16/basesWorkers16x16.xml,42
161,randomBiasedAI,coacAI,LOSS,coacAI,870,0.0,1.0,-1.0,0.0,0.0,0.0,0.0,0.0,maps/16x16/basesWorkers16x16.xml,42
162,randomBiasedAI,coacAI,LOSS,coacAI,860,0.0,1.0,-1.0,0.0,0.0,0.0,0.0,0.0,maps/16x16/basesWorkers16x16.xml,42
163,randomBiasedAI,coacAI,LOSS,coacAI,905,0.0,1.0,-1.0,0.0,0.0,0.0,0.0,0.0,maps/16x16/basesWorkers16x16.xml,42
164,randomBiasedAI,coacAI,LOSS,coacAI,895,0.0,1.0,-1.0,0.0,0.0,0.0,0.0,0.0,maps/16x16/basesWorkers16x16.xml,42
165,randomBiasedAI,coacAI,LOSS,coacAI,861,0.0,1.0,-1.0,0.0,0.0,0.0,1.0,0.0,maps/16x16/basesWorkers16x16.xml,42
166,coacAI,randomBiasedAI,WIN,coacAI,765,1.0,0.0,1.0,0.0,0.0,0.0,0.0,0.0,maps/16x16/basesWorkers16x16.xml,42
167,coacAI,randomBiasedAI,WIN,coacAI,855,1.0,0.0,1.0,0.0,0.0,0.0,0.0,0.0,maps/16x16/basesWorkers16x16.xml,42
168,coacAI,randomBiasedAI,WIN,coacAI,885,1.0,0.0,1.0,0.0,0.0,0.0,0.0,0.0,maps/16x16/basesWorkers16x16.xml,42
169,coacAI,randomBiasedAI,WIN,coacAI,825,1.0,0.0,1.0,0.0,0.0,0.0,0.0,0.0,maps/16x16/basesWorkers16x16.xml,42
170,coacAI,randomBiasedAI,WIN,coacAI,805,1.0,0.0,1.0,0.0,0.0,0.0,0.0,0.0,maps/16x16/basesWorkers16x16.xml,42
171,randomBiasedAI,rojo,LOSS,rojo,1005,0.0,1.0,-1.0,0.0,0.0,0.0,0.0,0.0,maps/16x16/basesWorkers16x16.xml,42
172,randomBiasedAI,rojo,LOSS,rojo,1585,0.0,1.0,-1.0,0.0,0.0,0.0,0.0,0.0,maps/16x16/basesWorkers16x16.xml,42
173,randomBiasedAI,rojo,LOSS,rojo,1305,0.0,1.0,-1.0,0.0,0.0,0.0,0.0,0.0,maps/16x16/basesWorkers16x16.xml,42
174,randomBiasedAI,rojo,LOSS,rojo,1235,0.0,1.0,-1.0,0.0,0.0,0.0,0.0,0.0,maps/16x16/basesWorkers16x16.xml,42
175,randomBiasedAI,rojo,LOSS,rojo,1335,0.0,1.0,-1.0,0.0,0.0,0.0,0.0,0.0,maps/16x16/basesWorkers16x16.xml,42
176,rojo,randomBiasedAI,WIN,rojo,1800,1.0,0.0,1.0,0.0,0.0,0.0,0.0,0.0,maps/16x16/basesWorkers16x16.xml,42
177,rojo,randomBiasedAI,WIN,rojo,1835,1.0,0.0,1.0,0.0,0.0,0.0,0.0,0.0,maps/16x16/basesWorkers16x16.xml,42
178,rojo,randomBiasedAI,WIN,rojo,1525,1.0,0.0,1.0,0.0,0.0,0.0,0.0,0.0,maps/16x16/basesWorkers16x16.xml,42
179,rojo,randomBiasedAI,WIN,rojo,780,1.0,0.0,1.0,0.0,0.0,0.0,0.0,0.0,maps/16x16/basesWorkers16x16.xml,42
180,rojo,randomBiasedAI,WIN,rojo,1065,1.0,0.0,1.0,0.0,0.0,0.0,0.0,0.0,maps/16x16/basesWorkers16x16.xml,42
181,passiveAI,workerRushAI,LOSS,workerRushAI,345,0.0,1.0,-1.0,0.0,0.0,0.0,0.0,0.0,maps/16x16/basesWorkers16x16.xml,42
182,passiveAI,workerRushAI,LOSS,workerRushAI,345,0.0,1.0,-1.0,0.0,0.0,0.0,0.0,0.0,maps/16x16/basesWorkers16x16.xml,42
183,passiveAI,workerRushAI,LOSS,workerRushAI,345,0.0,1.0,-1.0,0.0,0.0,0.0,0.0,0.0,maps/16x16/basesWorkers16x16.xml,42
184,passiveAI,workerRushAI,LOSS,workerRushAI,345,0.0,1.0,-1.0,0.0,0.0,0.0,0.0,0.0,maps/16x16/basesWorkers16x16.xml,42
185,passiveAI,workerRushAI,LOSS,workerRushAI,345,0.0,1.0,-1.0,0.0,0.0,0.0,0.0,0.0,maps/16x16/basesWorkers16x16.xml,42
186,workerRushAI,passiveAI,WIN,workerRushAI,345,1.0,0.0,1.0,0.0,0.0,0.0,0.0,0.0,maps/16x16/basesWorkers16x16.xml,42
187,workerRushAI,passiveAI,WIN,workerRushAI,345,1.0,0.0,1.0,0.0,0.0,0.0,0.0,0.0,maps/16x16/basesWorkers16x16.xml,42
188,workerRushAI,passiveAI,WIN,workerRushAI,345,1.0,0.0,1.0,0.0,0.0,0.0,0.0,0.0,maps/16x16/basesWorkers16x16.xml,42
189,workerRushAI,passiveAI,WIN,workerRushAI,345,1.0,0.0,1.0,0.0,0.0,0.0,0.0,0.0,maps/16x16/basesWorkers16x16.xml,42
190,workerRushAI,passiveAI,WIN,workerRushAI,345,1.0,0.0,1.0,0.0,0.0,0.0,0.0,0.0,maps/16x16/basesWorkers16x16.xml,42
191,passiveAI,lightRushAI,LOSS,lightRushAI,584,0.0,1.0,-1.0,0.0,0.0,0.0,0.0,0.0,maps/16x16/basesWorkers16x16.xml,42
192,passiveAI,lightRushAI,LOSS,lightRushAI,584,0.0,1.0,-1.0,0.0,0.0,0.0,0.0,0.0,maps/16x16/basesWorkers16x16.xml,42
193,passiveAI,lightRushAI,LOSS,lightRushAI,584,0.0,1.0,-1.0,0.0,0.0,0.0,0.0,0.0,maps/16x16/basesWorkers16x16.xml,42
194,passiveAI,lightRushAI,LOSS,lightRushAI,584,0.0,1.0,-1.0,0.0,0.0,0.0,0.0,0.0,maps/16x16/basesWorkers16x16.xml,42
195,passiveAI,lightRushAI,LOSS,lightRushAI,584,0.0,1.0,-1.0,0.0,0.0,0.0,0.0,0.0,maps/16x16/basesWorkers16x16.xml,42
196,lightRushAI,passiveAI,WIN,lightRushAI,600,1.0,0.0,1.0,0.0,0.0,0.0,0.0,0.0,maps/16x16/basesWorkers16x16.xml,42
197,lightRushAI,passiveAI,WIN,lightRushAI,600,1.0,0.0,1.0,0.0,0.0,0.0,0.0,0.0,maps/16x16/basesWorkers16x16.xml,42
198,lightRushAI,passiveAI,WIN,lightRushAI,600,1.0,0.0,1.0,0.0,0.0,0.0,0.0,0.0,maps/16x16/basesWorkers16x16.xml,42
199,lightRushAI,passiveAI,WIN,lightRushAI,600,1.0,0.0,1.0,0.0,0.0,0.0,0.0,0.0,maps/16x16/basesWorkers16x16.xml,42
200,lightRushAI,passiveAI,WIN,lightRushAI,600,1.0,0.0,1.0,0.0,0.0,0.0,0.0,0.0,maps/16x16/basesWorkers16x16.xml,42
201,passiveAI,coacAI,LOSS,coacAI,755,0.0,1.0,-1.0,0.0,0.0,0.0,0.0,0.0,maps/16x16/basesWorkers16x16.xml,42
202,passiveAI,coacAI,LOSS,coacAI,755,0.0,1.0,-1.0,0.0,0.0,0.0,0.0,0.0,maps/16x16/basesWorkers16x16.xml,42
203,passiveAI,coacAI,LOSS,coacAI,755,0.0,1.0,-1.0,0.0,0.0,0.0,0.0,0.0,maps/16x16/basesWorkers16x16.xml,42
204,passiveAI,coacAI,LOSS,coacAI,755,0.0,1.0,-1.0,0.0,0.0,0.0,0.0,0.0,maps/16x16/basesWorkers16x16.xml,42
205,passiveAI,coacAI,LOSS,coacAI,755,0.0,1.0,-1.0,0.0,0.0,0.0,0.0,0.0,maps/16x16/basesWorkers16x16.xml,42
206,coacAI,passiveAI,WIN,coacAI,735,1.0,0.0,1.0,0.0,0.0,0.0,0.0,0.0,maps/16x16/basesWorkers16x16.xml,42
207,coacAI,passiveAI,WIN,coacAI,735,1.0,0.0,1.0,0.0,0.0,0.0,0.0,0.0,maps/16x16/basesWorkers16x16.xml,42
208,coacAI,passiveAI,WIN,coacAI,735,1.0,0.0,1.0,0.0,0.0,0.0,0.0,0.0,maps/16x16/basesWorkers16x16.xml,42
209,coacAI,passiveAI,WIN,coacAI,735,1.0,0.0,1.0,0.0,0.0,0.0,0.0,0.0,maps/16x16/basesWorkers16x16.xml,42
210,coacAI,passiveAI,WIN,coacAI,735,1.0,0.0,1.0,0.0,0.0,0.0,0.0,0.0,maps/16x16/basesWorkers16x16.xml,42
211,passiveAI,rojo,LOSS,rojo,755,0.0,1.0,-1.0,0.0,0.0,0.0,0.0,0.0,maps/16x16/basesWorkers16x16.xml,42
212,passiveAI,rojo,LOSS,rojo,755,0.0,1.0,-1.0,0.0,0.0,0.0,0.0,0.0,maps/16x16/basesWorkers16x16.xml,42
213,passiveAI,rojo,LOSS,rojo,755,0.0,1.0,-1.0,0.0,0.0,0.0,0.0,0.0,maps/16x16/basesWorkers16x16.xml,42
214,passiveAI,rojo,LOSS,rojo,755,0.0,1.0,-1.0,0.0,0.0,0.0,0.0,0.0,maps/16x16/basesWorkers16x16.xml,42
215,passiveAI,rojo,LOSS,rojo,755,0.0,1.0,-1.0,0.0,0.0,0.0,0.0,0.0,maps/16x16/basesWorkers16x16.xml,42
216,rojo,passiveAI,WIN,rojo,640,1.0,0.0,1.0,0.0,0.0,0.0,0.0,0.0,maps/16x16/basesWorkers16x16.xml,42
217,rojo,passiveAI,WIN,rojo,640,1.0,0.0,1.0,0.0,0.0,0.0,0.0,0.0,maps/16x16/basesWorkers16x16.xml,42
218,rojo,passiveAI,WIN,rojo,640,1.0,0.0,1.0,0.0,0.0,0.0,0.0,0.0,maps/16x16/basesWorkers16x16.xml,42
219,rojo,passiveAI,WIN,rojo,640,1.0,0.0,1.0,0.0,0.0,0.0,0.0,0.0,maps/16x16/basesWorkers16x16.xml,42
220,rojo,passiveAI,WIN,rojo,640,1.0,0.0,1.0,0.0,0.0,0.0,0.0,0.0,maps/16x16/basesWorkers16x16.xml,42
221,workerRushAI,lightRushAI,WIN,workerRushAI,355,1.0,0.0,1.0,0.0,0.0,0.0,0.0,0.0,maps/16x16/basesWorkers16x16.xml,42
222,workerRushAI,lightRushAI,WIN,workerRushAI,355,1.0,0.0,1.0,0.0,0.0,0.0,0.0,0.0,maps/16x16/basesWorkers16x16.xml,42
223,workerRushAI,lightRushAI,WIN,workerRushAI,355,1.0,0.0,1.0,0.0,0.0,0.0,0.0,0.0,maps/16x16/basesWorkers16x16.xml,42
224,workerRushAI,lightRushAI,WIN,workerRushAI,355,1.0,0.0,1.0,0.0,0.0,0.0,0.0,0.0,maps/16x16/basesWorkers16x16.xml,42
225,workerRushAI,lightRushAI,WIN,workerRushAI,355,1.0,0.0,1.0,0.0,0.0,0.0,0.0,0.0,maps/16x16/basesWorkers16x16.xml,42
226,lightRushAI,workerRushAI,LOSS,workerRushAI,685,0.0,1.0,-1.0,0.0,0.0,0.0,0.0,0.0,maps/16x16/basesWorkers16x16.xml,42
227,lightRushAI,workerRushAI,LOSS,workerRushAI,685,0.0,1.0,-1.0,0.0,0.0,0.0,0.0,0.0,maps/16x16/basesWorkers16x16.xml,42
228,lightRushAI,workerRushAI,LOSS,workerRushAI,685,0.0,1.0,-1.0,0.0,0.0,0.0,0.0,0.0,maps/16x16/basesWorkers16x16.xml,42
229,lightRushAI,workerRushAI,LOSS,workerRushAI,685,0.0,1.0,-1.0,0.0,0.0,0.0,0.0,0.0,maps/16x16/basesWorkers16x16.xml,42
230,lightRushAI,workerRushAI,LOSS,workerRushAI,685,0.0,1.0,-1.0,0.0,0.0,0.0,0.0,0.0,maps/16x16/basesWorkers16x16.xml,42
231,workerRushAI,coacAI,LOSS,coacAI,860,0.0,1.0,-1.0,0.0,0.0,0.0,0.0,0.0,maps/16x16/basesWorkers16x16.xml,42
232,workerRushAI,coacAI,LOSS,coacAI,860,0.0,1.0,-1.0,0.0,0.0,0.0,0.0,0.0,maps/16x16/basesWorkers16x16.xml,42
233,workerRushAI,coacAI,LOSS,coacAI,860,0.0,1.0,-1.0,0.0,0.0,0.0,0.0,0.0,maps/16x16/basesWorkers16x16.xml,42
234,workerRushAI,coacAI,LOSS,coacAI,860,0.0,1.0,-1.0,0.0,0.0,0.0,0.0,0.0,maps/16x16/basesWorkers16x16.xml,42
235,workerRushAI,coacAI,LOSS,coacAI,860,0.0,1.0,-1.0,0.0,0.0,0.0,0.0,0.0,maps/16x16/basesWorkers16x16.xml,42
236,coacAI,workerRushAI,LOSS,workerRushAI,525,0.0,1.0,-1.0,0.0,0.0,0.0,0.0,0.0,maps/16x16/basesWorkers16x16.xml,42
237,coacAI,workerRushAI,LOSS,workerRushAI,525,0.0,1.0,-1.0,0.0,0.0,0.0,0.0,0.0,maps/16x16/basesWorkers16x16.xml,42
238,coacAI,workerRushAI,LOSS,workerRushAI,525,0.0,1.0,-1.0,0.0,0.0,0.0,0.0,0.0,maps/16x16/basesWorkers16x16.xml,42
239,coacAI,workerRushAI,LOSS,workerRushAI,525,0.0,1.0,-1.0,0.0,0.0,0.0,0.0,0.0,maps/16x16/basesWorkers16x16.xml,42
240,coacAI,workerRushAI,LOSS,workerRushAI,525,0.0,1.0,-1.0,0.0,0.0,0.0,0.0,0.0,maps/16x16/basesWorkers16x16.xml,42
241,workerRushAI,rojo,DRAW,DRAW,2000,0.5,0.5,0.0,0.0,0.0,0.0,0.0,0.0,maps/16x16/basesWorkers16x16.xml,42
242,workerRushAI,rojo,DRAW,DRAW,2000,0.5,0.5,0.0,0.0,0.0,0.0,0.0,0.0,maps/16x16/basesWorkers16x16.xml,42
243,workerRushAI,rojo,DRAW,DRAW,2000,0.5,0.5,0.0,0.0,0.0,0.0,0.0,0.0,maps/16x16/basesWorkers16x16.xml,42
244,workerRushAI,rojo,DRAW,DRAW,2000,0.5,0.5,0.0,0.0,0.0,0.0,0.0,0.0,maps/16x16/basesWorkers16x16.xml,42
245,workerRushAI,rojo,DRAW,DRAW,2000,0.5,0.5,0.0,0.0,0.0,0.0,0.0,0.0,maps/16x16/basesWorkers16x16.xml,42
246,rojo,workerRushAI,DRAW,DRAW,2000,0.5,0.5,0.0,0.0,0.0,0.0,0.0,0.0,maps/16x16/basesWorkers16x16.xml,42
247,rojo,workerRushAI,DRAW,DRAW,2000,0.5,0.5,0.0,0.0,0.0,0.0,0.0,0.0,maps/16x16/basesWorkers16x16.xml,42
248,rojo,workerRushAI,DRAW,DRAW,2000,0.5,0.5,0.0,0.0,0.0,0.0,0.0,0.0,maps/16x16/basesWorkers16x16.xml,42
249,rojo,workerRushAI,DRAW,DRAW,2000,0.5,0.5,0.0,0.0,0.0,0.0,0.0,0.0,maps/16x16/basesWorkers16x16.xml,42
250,rojo,workerRushAI,DRAW,DRAW,2000,0.5,0.5,0.0,0.0,0.0,0.0,0.0,0.0,maps/16x16/basesWorkers16x16.xml,42
251,lightRushAI,coacAI,LOSS,coacAI,1343,0.0,1.0,-1.0,0.0,0.0,0.0,0.0,0.0,maps/16x16/basesWorkers16x16.xml,42
252,lightRushAI,coacAI,LOSS,coacAI,1343,0.0,1.0,-1.0,0.0,0.0,0.0,0.0,0.0,maps/16x16/basesWorkers16x16.xml,42
253,lightRushAI,coacAI,LOSS,coacAI,1343,0.0,1.0,-1.0,0.0,0.0,0.0,0.0,0.0,maps/16x16/basesWorkers16x16.xml,42
254,lightRushAI,coacAI,LOSS,coacAI,1343,0.0,1.0,-1.0,0.0,0.0,0.0,0.0,0.0,maps/16x16/basesWorkers16x16.xml,42
255,lightRushAI,coacAI,LOSS,coacAI,1343,0.0,1.0,-1.0,0.0,0.0,0.0,0.0,0.0,maps/16x16/basesWorkers16x16.xml,42
256,coacAI,lightRushAI,WIN,coacAI,1169,1.0,0.0,1.0,0.0,0.0,0.0,0.0,0.0,maps/16x16/basesWorkers16x16.xml,42
257,coacAI,lightRushAI,WIN,coacAI,1169,1.0,0.0,1.0,0.0,0.0,0.0,0.0,0.0,maps/16x16/basesWorkers16x16.xml,42
258,coacAI,lightRushAI,WIN,coacAI,1169,1.0,0.0,1.0,0.0,0.0,0.0,0.0,0.0,maps/16x16/basesWorkers16x16.xml,42
259,coacAI,lightRushAI,WIN,coacAI,1169,1.0,0.0,1.0,0.0,0.0,0.0,0.0,0.0,maps/16x16/basesWorkers16x16.xml,42
260,coacAI,lightRushAI,WIN,coacAI,1169,1.0,0.0,1.0,0.0,0.0,0.0,0.0,0.0,maps/16x16/basesWorkers16x16.xml,42
261,lightRushAI,rojo,WIN,lightRushAI,1401,1.0,0.0,1.0,1.0,0.0,0.0,0.0,0.0,maps/16x16/basesWorkers16x16.xml,42
262,lightRushAI,rojo,WIN,lightRushAI,1401,1.0,0.0,1.0,1.0,0.0,0.0,0.0,0.0,maps/16x16/basesWorkers16x16.xml,42
263,lightRushAI,rojo,WIN,lightRushAI,1401,1.0,0.0,1.0,1.0,0.0,0.0,0.0,0.0,maps/16x16/basesWorkers16x16.xml,42
264,lightRushAI,rojo,WIN,lightRushAI,1401,1.0,0.0,1.0,1.0,0.0,0.0,0.0,0.0,maps/16x16/basesWorkers16x16.xml,42
265,lightRushAI,rojo,WIN,lightRushAI,1401,1.0,0.0,1.0,1.0,0.0,0.0,0.0,0.0,maps/16x16/basesWorkers16x16.xml,42
266,rojo,lightRushAI,LOSS,lightRushAI,1016,0.0,1.0,-1.0,0.0,0.0,0.0,0.0,0.0,maps/16x16/basesWorkers16x16.xml,42
267,rojo,lightRushAI,LOSS,lightRushAI,1016,0.0,1.0,-1.0,0.0,0.0,0.0,0.0,0.0,maps/16x16/basesWorkers16x16.xml,42
268,rojo,lightRushAI,LOSS,lightRushAI,1016,0.0,1.0,-1.0,0.0,0.0,0.0,0.0,0.0,maps/16x16/basesWorkers16x16.xml,42
269,rojo,lightRushAI,LOSS,lightRushAI,1016,0.0,1.0,-1.0,0.0,0.0,0.0,0.0,0.0,maps/16x16/basesWorkers16x16.xml,42
270,rojo,lightRushAI,LOSS,lightRushAI,1016,0.0,1.0,-1.0,0.0,0.0,0.0,0.0,0.0,maps/16x16/basesWorkers16x16.xml,42
271,coacAI,rojo,WIN,coacAI,1115,1.0,0.0,1.0,0.0,0.0,0.0,0.0,0.0,maps/16x16/basesWorkers16x16.xml,42
272,coacAI,rojo,WIN,coacAI,1115,1.0,0.0,1.0,0.0,0.0,0.0,0.0,0.0,maps/16x16/basesWorkers16x16.xml,42
273,coacAI,rojo,WIN,coacAI,1115,1.0,0.0,1.0,0.0,0.0,0.0,0.0,0.0,maps/16x16/basesWorkers16x16.xml,42
274,coacAI,rojo,WIN,coacAI,1115,1.0,0.0,1.0,0.0,0.0,0.0,0.0,0.0,maps/16x16/basesWorkers16x16.xml,42
275,coacAI,rojo,WIN,coacAI,1115,1.0,0.0,1.0,0.0,0.0,0.0,0.0,0.0,maps/16x16/basesWorkers16x16.xml,42
276,rojo,coacAI,LOSS,coacAI,985,0.0,1.0,-1.0,0.0,0.0,0.0,0.0,0.0,maps/16x16/basesWorkers16x16.xml,42
277,rojo,coacAI,LOSS,coacAI,975,0.0,1.0,-1.0,0.0,0.0,0.0,0.0,0.0,maps/16x16/basesWorkers16x16.xml,42
278,rojo,coacAI,LOSS,coacAI,985,0.0,1.0,-1.0,0.0,0.0,0.0,0.0,0.0,maps/16x16/basesWorkers16x16.xml,42
279,rojo,coacAI,LOSS,coacAI,985,0.0,1.0,-1.0,0.0,0.0,0.0,0.0,0.0,maps/16x16/basesWorkers16x16.xml,42
280,rojo,coacAI,LOSS,coacAI,975,0.0,1.0,-1.0,0.0,0.0,0.0,0.0,0.0,maps/16x16/basesWorkers16x16.xml,42
281,FeudalNet,mayari,WIN,FeudalNet,1245,1.0,0.0,1.0,0.0,0.0,0.0,0.0,0.0,maps/16x16/basesWorkers16x16.xml,42
282,FeudalNet,mayari,WIN,FeudalNet,1255,1.0,0.0,1.0,0.0,0.0,0.0,0.0,0.0,maps/16x16/basesWorkers16x16.xml,42
283,FeudalNet,mayari,WIN,FeudalNet,1466,1.0,0.0,1.0,0.0,0.0,0.0,0.0,0.0,maps/16x16/basesWorkers16x16.xml,42
284,FeudalNet,mayari,WIN,FeudalNet,805,1.0,0.0,1.0,0.0,0.0,0.0,0.0,0.0,maps/16x16/basesWorkers16x16.xml,42
285,FeudalNet,mayari,WIN,FeudalNet,935,1.0,0.0,1.0,0.0,0.0,0.0,0.0,0.0,maps/16x16/basesWorkers16x16.xml,42
286,FeudalNet,mayari,WIN,FeudalNet,1006,1.0,0.0,1.0,0.0,0.0,0.0,0.0,0.0,maps/16x16/basesWorkers16x16.xml,42
287,FeudalNet,mayari,WIN,FeudalNet,686,1.0,0.0,1.0,0.0,0.0,0.0,0.0,0.0,maps/16x16/basesWorkers16x16.xml,42
288,FeudalNet,mayari,WIN,FeudalNet,1080,1.0,0.0,1.0,0.0,0.0,0.0,0.0,0.0,maps/16x16/basesWorkers16x16.xml,42
289,FeudalNet,mayari,WIN,FeudalNet,846,1.0,0.0,1.0,0.0,0.0,0.0,0.0,0.0,maps/16x16/basesWorkers16x16.xml,42
290,FeudalNet,mayari,WIN,FeudalNet,1087,1.0,0.0,1.0,0.0,0.0,0.0,0.0,0.0,maps/16x16/basesWorkers16x16.xml,42
291,FeudalNet,mixedBot,LOSS,mixedBot,1335,0.0,1.0,-1.0,0.0,0.0,0.0,0.0,0.0,maps/16x16/basesWorkers16x16.xml,42
292,FeudalNet,mixedBot,LOSS,mixedBot,1013,0.0,1.0,-1.0,0.0,0.0,0.0,0.0,0.0,maps/16x16/basesWorkers16x16.xml,42
293,FeudalNet,mixedBot,WIN,FeudalNet,655,1.0,0.0,1.0,0.0,0.0,0.0,0.0,0.0,maps/16x16/basesWorkers16x16.xml,42
294,FeudalNet,mixedBot,WIN,FeudalNet,1352,1.0,0.0,1.0,0.0,0.0,0.0,0.0,0.0,maps/16x16/basesWorkers16x16.xml,42
295,FeudalNet,mixedBot,WIN,FeudalNet,445,1.0,0.0,1.0,0.0,0.0,0.0,0.0,0.0,maps/16x16/basesWorkers16x16.xml,42
296,FeudalNet,mixedBot,WIN,FeudalNet,666,1.0,0.0,1.0,0.0,0.0,0.0,0.0,0.0,maps/16x16/basesWorkers16x16.xml,42
297,FeudalNet,mixedBot,WIN,FeudalNet,640,1.0,0.0,1.0,0.0,0.0,0.0,0.0,0.0,maps/16x16/basesWorkers16x16.xml,42
298,FeudalNet,mixedBot,WIN,FeudalNet,670,1.0,0.0,1.0,0.0,0.0,0.0,0.0,0.0,maps/16x16/basesWorkers16x16.xml,42
299,FeudalNet,mixedBot,WIN,FeudalNet,1386,1.0,0.0,1.0,0.0,0.0,0.0,0.0,0.0,maps/16x16/basesWorkers16x16.xml,42
300,FeudalNet,mixedBot,LOSS,mixedBot,1650,0.0,1.0,-1.0,0.0,0.0,0.0,0.0,0.0,maps/16x16/basesWorkers16x16.xml,42
301,FeudalNet,izanagi,LOSS,izanagi,995,0.0,1.0,-1.0,0.0,0.0,0.0,0.0,0.0,maps/16x16/basesWorkers16x16.xml,42
302,FeudalNet,izanagi,LOSS,izanagi,1753,0.0,1.0,-1.0,0.0,0.0,0.0,0.0,0.0,maps/16x16/basesWorkers16x16.xml,42
303,FeudalNet,izanagi,DRAW,DRAW,2000,0.5,0.5,0.0,0.0,0.0,0.0,0.0,0.0,maps/16x16/basesWorkers16x16.xml,42
304,FeudalNet,izanagi,LOSS,izanagi,1243,0.0,1.0,-1.0,0.0,0.0,0.0,0.0,0.0,maps/16x16/basesWorkers16x16.xml,42
305,FeudalNet,izanagi,WIN,FeudalNet,909,1.0,0.0,1.0,0.0,0.0,0.0,0.0,0.0,maps/16x16/basesWorkers16x16.xml,42
306,FeudalNet,izanagi,WIN,FeudalNet,635,1.0,0.0,1.0,0.0,0.0,0.0,0.0,0.0,maps/16x16/basesWorkers16x16.xml,42
307,FeudalNet,izanagi,LOSS,izanagi,1342,0.0,1.0,-1.0,0.0,0.0,0.0,0.0,0.0,maps/16x16/basesWorkers16x16.xml,42
308,FeudalNet,izanagi,WIN,FeudalNet,756,1.0,0.0,1.0,0.0,0.0,0.0,0.0,0.0,maps/16x16/basesWorkers16x16.xml,42
309,FeudalNet,izanagi,WIN,FeudalNet,1036,1.0,0.0,1.0,0.0,0.0,0.0,0.0,0.0,maps/16x16/basesWorkers16x16.xml,42
310,FeudalNet,izanagi,WIN,FeudalNet,1450,1.0,0.0,1.0,0.0,0.0,0.0,0.0,0.0,maps/16x16/basesWorkers16x16.xml,42
311,FeudalNet,tiamat,WIN,FeudalNet,645,1.0,0.0,1.0,0.0,0.0,0.0,0.0,1.0,maps/16x16/basesWorkers16x16.xml,42
312,FeudalNet,tiamat,WIN,FeudalNet,1607,1.0,0.0,1.0,0.0,0.0,0.0,0.0,0.0,maps/16x16/basesWorkers16x16.xml,42
313,FeudalNet,tiamat,WIN,FeudalNet,1140,1.0,0.0,1.0,0.0,0.0,0.0,0.0,0.0,maps/16x16/basesWorkers16x16.xml,42
314,FeudalNet,tiamat,WIN,FeudalNet,856,1.0,0.0,1.0,0.0,0.0,0.0,0.0,0.0,maps/16x16/basesWorkers16x16.xml,42
315,FeudalNet,tiamat,LOSS,tiamat,1947,0.0,1.0,-1.0,0.0,0.0,0.0,0.0,0.0,maps/16x16/basesWorkers16x16.xml,42
316,FeudalNet,tiamat,WIN,FeudalNet,657,1.0,0.0,1.0,0.0,0.0,0.0,0.0,0.0,maps/16x16/basesWorkers16x16.xml,42
317,FeudalNet,tiamat,WIN,FeudalNet,1108,1.0,0.0,1.0,0.0,0.0,0.0,0.0,0.0,maps/16x16/basesWorkers16x16.xml,42
318,FeudalNet,tiamat,LOSS,tiamat,1802,0.0,1.0,-1.0,0.0,0.0,0.0,0.0,0.0,maps/16x16/basesWorkers16x16.xml,42
319,FeudalNet,tiamat,WIN,FeudalNet,623,1.0,0.0,1.0,0.0,0.0,0.0,0.0,0.0,maps/16x16/basesWorkers16x16.xml,42
320,FeudalNet,tiamat,WIN,FeudalNet,505,1.0,0.0,1.0,0.0,0.0,0.0,0.0,0.0,maps/16x16/basesWorkers16x16.xml,42
321,FeudalNet,droplet,WIN,FeudalNet,836,1.0,0.0,1.0,0.0,0.0,0.0,0.0,0.0,maps/16x16/basesWorkers16x16.xml,42
322,FeudalNet,droplet,WIN,FeudalNet,841,1.0,0.0,1.0,0.0,0.0,0.0,0.0,0.0,maps/16x16/basesWorkers16x16.xml,42
323,FeudalNet,droplet,WIN,FeudalNet,746,1.0,0.0,1.0,0.0,0.0,0.0,0.0,0.0,maps/16x16/basesWorkers16x16.xml,42
324,FeudalNet,droplet,WIN,FeudalNet,794,1.0,0.0,1.0,0.0,0.0,0.0,0.0,0.0,maps/16x16/basesWorkers16x16.xml,42
325,FeudalNet,droplet,WIN,FeudalNet,779,1.0,0.0,1.0,0.0,0.0,0.0,0.0,0.0,maps/16x16/basesWorkers16x16.xml,42
326,FeudalNet,droplet,WIN,FeudalNet,846,1.0,0.0,1.0,0.0,0.0,0.0,0.0,0.0,maps/16x16/basesWorkers16x16.xml,42
327,FeudalNet,droplet,WIN,FeudalNet,890,1.0,0.0,1.0,0.0,0.0,0.0,0.0,0.0,maps/16x16/basesWorkers16x16.xml,42
328,FeudalNet,droplet,WIN,FeudalNet,736,1.0,0.0,1.0,0.0,0.0,0.0,0.0,0.0,maps/16x16/basesWorkers16x16.xml,42
329,FeudalNet,droplet,WIN,FeudalNet,806,1.0,0.0,1.0,0.0,0.0,0.0,0.0,0.0,maps/16x16/basesWorkers16x16.xml,42
330,FeudalNet,droplet,WIN,FeudalNet,846,1.0,0.0,1.0,0.0,0.0,0.0,0.0,0.0,maps/16x16/basesWorkers16x16.xml,42
331,FeudalNet,guidedRojoA3N,WIN,FeudalNet,786,1.0,0.0,1.0,0.0,0.0,0.0,0.0,0.0,maps/16x16/basesWorkers16x16.xml,42
332,FeudalNet,guidedRojoA3N,WIN,FeudalNet,710,1.0,0.0,1.0,0.0,0.0,0.0,0.0,0.0,maps/16x16/basesWorkers16x16.xml,42
333,FeudalNet,guidedRojoA3N,WIN,FeudalNet,771,1.0,0.0,1.0,1.0,0.0,0.0,0.0,0.0,maps/16x16/basesWorkers16x16.xml,42
334,FeudalNet,guidedRojoA3N,WIN,FeudalNet,691,1.0,0.0,1.0,1.0,0.0,0.0,0.0,0.0,maps/16x16/basesWorkers16x16.xml,42
335,FeudalNet,guidedRojoA3N,WIN,FeudalNet,912,1.0,0.0,1.0,0.0,0.0,0.0,1.0,0.0,maps/16x16/basesWorkers16x16.xml,42
336,FeudalNet,guidedRojoA3N,WIN,FeudalNet,716,1.0,0.0,1.0,0.0,0.0,0.0,1.0,0.0,maps/16x16/basesWorkers16x16.xml,42
337,FeudalNet,guidedRojoA3N,WIN,FeudalNet,735,1.0,0.0,1.0,0.0,0.0,0.0,0.0,0.0,maps/16x16/basesWorkers16x16.xml,42
338,FeudalNet,guidedRojoA3N,WIN,FeudalNet,805,1.0,0.0,1.0,0.0,0.0,0.0,0.0,0.0,maps/16x16/basesWorkers16x16.xml,42
339,FeudalNet,guidedRojoA3N,WIN,FeudalNet,805,1.0,0.0,1.0,0.0,0.0,0.0,0.0,0.0,maps/16x16/basesWorkers16x16.xml,42
340,FeudalNet,guidedRojoA3N,WIN,FeudalNet,806,1.0,0.0,1.0,0.0,0.0,0.0,0.0,0.0,maps/16x16/basesWorkers16x16.xml,42
341,FeudalNet,naiveMCTSAI,WIN,FeudalNet,796,1.0,0.0,1.0,0.0,0.0,0.0,0.0,0.0,maps/16x16/basesWorkers16x16.xml,42
342,FeudalNet,naiveMCTSAI,WIN,FeudalNet,1465,1.0,0.0,1.0,0.0,0.0,0.0,0.0,0.0,maps/16x16/basesWorkers16x16.xml,42
343,FeudalNet,naiveMCTSAI,WIN,FeudalNet,951,1.0,0.0,1.0,0.0,1.0,0.0,0.0,0.0,maps/16x16/basesWorkers16x16.xml,42
344,FeudalNet,naiveMCTSAI,WIN,FeudalNet,1020,1.0,0.0,1.0,0.0,0.0,0.0,0.0,0.0,maps/16x16/basesWorkers16x16.xml,42
345,FeudalNet,naiveMCTSAI,DRAW,DRAW,2000,0.5,0.5,0.0,0.0,0.0,0.0,0.0,0.0,maps/16x16/basesWorkers16x16.xml,42
346,FeudalNet,naiveMCTSAI,WIN,FeudalNet,1370,1.0,0.0,1.0,0.0,0.0,0.0,0.0,0.0,maps/16x16/basesWorkers16x16.xml,42
347,FeudalNet,naiveMCTSAI,WIN,FeudalNet,1035,1.0,0.0,1.0,0.0,0.0,0.0,0.0,0.0,maps/16x16/basesWorkers16x16.xml,42
348,FeudalNet,naiveMCTSAI,WIN,FeudalNet,1315,1.0,0.0,1.0,0.0,0.0,0.0,0.0,0.0,maps/16x16/basesWorkers16x16.xml,42
349,FeudalNet,naiveMCTSAI,WIN,FeudalNet,851,1.0,0.0,1.0,1.0,1.0,0.0,0.0,0.0,maps/16x16/basesWorkers16x16.xml,42
350,FeudalNet,naiveMCTSAI,WIN,FeudalNet,1280,1.0,0.0,1.0,0.0,0.0,0.0,0.0,0.0,maps/16x16/basesWorkers16x16.xml,42
351,randomAI,mayari,LOSS,mayari,908,0.0,1.0,-1.0,0.0,0.0,0.0,0.0,0.0,maps/16x16/basesWorkers16x16.xml,42
352,randomAI,mayari,LOSS,mayari,745,0.0,1.0,-1.0,0.0,0.0,0.0,0.0,0.0,maps/16x16/basesWorkers16x16.xml,42
353,randomAI,mayari,LOSS,mayari,763,0.0,1.0,-1.0,0.0,0.0,0.0,0.0,0.0,maps/16x16/basesWorkers16x16.xml,42
354,randomAI,mayari,LOSS,mayari,795,0.0,1.0,-1.0,0.0,0.0,0.0,0.0,0.0,maps/16x16/basesWorkers16x16.xml,42
355,randomAI,mayari,LOSS,mayari,739,0.0,1.0,-1.0,0.0,0.0,0.0,0.0,0.0,maps/16x16/basesWorkers16x16.xml,42
356,mayari,randomAI,WIN,mayari,716,1.0,0.0,1.0,0.0,0.0,0.0,0.0,0.0,maps/16x16/basesWorkers16x16.xml,42
357,mayari,randomAI,WIN,mayari,784,1.0,0.0,1.0,0.0,0.0,0.0,0.0,0.0,maps/16x16/basesWorkers16x16.xml,42
358,mayari,randomAI,WIN,mayari,780,1.0,0.0,1.0,0.0,0.0,0.0,0.0,0.0,maps/16x16/basesWorkers16x16.xml,42
359,mayari,randomAI,WIN,mayari,687,1.0,0.0,1.0,0.0,0.0,0.0,0.0,0.0,maps/16x16/basesWorkers16x16.xml,42
360,mayari,randomAI,WIN,mayari,796,1.0,0.0,1.0,0.0,0.0,0.0,0.0,0.0,maps/16x16/basesWorkers16x16.xml,42
361,randomAI,mixedBot,LOSS,mixedBot,742,0.0,1.0,-1.0,0.0,0.0,0.0,0.0,0.0,maps/16x16/basesWorkers16x16.xml,42
362,randomAI,mixedBot,LOSS,mixedBot,785,0.0,1.0,-1.0,0.0,0.0,0.0,0.0,0.0,maps/16x16/basesWorkers16x16.xml,42
363,randomAI,mixedBot,LOSS,mixedBot,645,0.0,1.0,-1.0,0.0,0.0,0.0,0.0,0.0,maps/16x16/basesWorkers16x16.xml,42
364,randomAI,mixedBot,LOSS,mixedBot,647,0.0,1.0,-1.0,0.0,0.0,0.0,0.0,0.0,maps/16x16/basesWorkers16x16.xml,42
365,randomAI,mixedBot,LOSS,mixedBot,604,0.0,1.0,-1.0,0.0,0.0,0.0,0.0,0.0,maps/16x16/basesWorkers16x16.xml,42
366,mixedBot,randomAI,WIN,mixedBot,695,1.0,0.0,1.0,0.0,0.0,0.0,0.0,0.0,maps/16x16/basesWorkers16x16.xml,42
367,mixedBot,randomAI,WIN,mixedBot,769,1.0,0.0,1.0,0.0,0.0,0.0,0.0,0.0,maps/16x16/basesWorkers16x16.xml,42
368,mixedBot,randomAI,WIN,mixedBot,636,1.0,0.0,1.0,0.0,0.0,0.0,0.0,0.0,maps/16x16/basesWorkers16x16.xml,42
369,mixedBot,randomAI,WIN,mixedBot,621,1.0,0.0,1.0,1.0,0.0,0.0,0.0,0.0,maps/16x16/basesWorkers16x16.xml,42
370,mixedBot,randomAI,WIN,mixedBot,679,1.0,0.0,1.0,0.0,0.0,0.0,0.0,0.0,maps/16x16/basesWorkers16x16.xml,42
371,randomAI,izanagi,LOSS,izanagi,585,0.0,1.0,-1.0,0.0,0.0,0.0,0.0,0.0,maps/16x16/basesWorkers16x16.xml,42
372,randomAI,izanagi,LOSS,izanagi,635,0.0,1.0,-1.0,0.0,0.0,0.0,0.0,0.0,maps/16x16/basesWorkers16x16.xml,42
373,randomAI,izanagi,LOSS,izanagi,609,0.0,1.0,-1.0,0.0,0.0,0.0,0.0,0.0,maps/16x16/basesWorkers16x16.xml,42
374,randomAI,izanagi,LOSS,izanagi,805,0.0,1.0,-1.0,0.0,0.0,0.0,0.0,0.0,maps/16x16/basesWorkers16x16.xml,42
375,randomAI,izanagi,LOSS,izanagi,721,0.0,1.0,-1.0,0.0,0.0,0.0,0.0,0.0,maps/16x16/basesWorkers16x16.xml,42
376,izanagi,randomAI,WIN,izanagi,704,1.0,0.0,1.0,0.0,0.0,0.0,0.0,0.0,maps/16x16/basesWorkers16x16.xml,42
377,izanagi,randomAI,WIN,izanagi,768,1.0,0.0,1.0,0.0,0.0,0.0,0.0,0.0,maps/16x16/basesWorkers16x16.xml,42
378,izanagi,randomAI,WIN,izanagi,639,1.0,0.0,1.0,0.0,0.0,0.0,0.0,0.0,maps/16x16/basesWorkers16x16.xml,42
379,izanagi,randomAI,WIN,izanagi,699,1.0,0.0,1.0,0.0,0.0,0.0,0.0,0.0,maps/16x16/basesWorkers16x16.xml,42
380,izanagi,randomAI,WIN,izanagi,805,1.0,0.0,1.0,0.0,0.0,0.0,0.0,0.0,maps/16x16/basesWorkers16x16.xml,42
381,randomAI,tiamat,LOSS,tiamat,607,0.0,1.0,-1.0,0.0,0.0,0.0,0.0,0.0,maps/16x16/basesWorkers16x16.xml,42
382,randomAI,tiamat,LOSS,tiamat,655,0.0,1.0,-1.0,0.0,0.0,0.0,0.0,0.0,maps/16x16/basesWorkers16x16.xml,42
383,randomAI,tiamat,LOSS,tiamat,714,0.0,1.0,-1.0,0.0,0.0,0.0,0.0,0.0,maps/16x16/basesWorkers16x16.xml,42
384,randomAI,tiamat,LOSS,tiamat,770,0.0,1.0,-1.0,0.0,0.0,0.0,0.0,0.0,maps/16x16/basesWorkers16x16.xml,42
385,randomAI,tiamat,LOSS,tiamat,735,0.0,1.0,-1.0,0.0,0.0,0.0,0.0,0.0,maps/16x16/basesWorkers16x16.xml,42
386,tiamat,randomAI,WIN,tiamat,705,1.0,0.0,1.0,0.0,0.0,0.0,0.0,0.0,maps/16x16/basesWorkers16x16.xml,42
387,tiamat,randomAI,WIN,tiamat,552,1.0,0.0,1.0,0.0,0.0,0.0,0.0,0.0,maps/16x16/basesWorkers16x16.xml,42
388,tiamat,randomAI,WIN,tiamat,586,1.0,0.0,1.0,0.0,0.0,0.0,0.0,0.0,maps/16x16/basesWorkers16x16.xml,42
389,tiamat,randomAI,WIN,tiamat,606,1.0,0.0,1.0,0.0,0.0,0.0,0.0,0.0,maps/16x16/basesWorkers16x16.xml,42
390,tiamat,randomAI,WIN,tiamat,615,1.0,0.0,1.0,0.0,0.0,0.0,0.0,0.0,maps/16x16/basesWorkers16x16.xml,42
391,randomAI,droplet,LOSS,droplet,345,0.0,1.0,-1.0,0.0,0.0,0.0,0.0,0.0,maps/16x16/basesWorkers16x16.xml,42
392,randomAI,droplet,LOSS,droplet,440,0.0,1.0,-1.0,0.0,0.0,0.0,0.0,0.0,maps/16x16/basesWorkers16x16.xml,42
393,randomAI,droplet,LOSS,droplet,435,0.0,1.0,-1.0,0.0,0.0,0.0,0.0,0.0,maps/16x16/basesWorkers16x16.xml,42
394,randomAI,droplet,LOSS,droplet,420,0.0,1.0,-1.0,0.0,0.0,0.0,0.0,0.0,maps/16x16/basesWorkers16x16.xml,42
395,randomAI,droplet,LOSS,droplet,355,0.0,1.0,-1.0,0.0,0.0,0.0,0.0,0.0,maps/16x16/basesWorkers16x16.xml,42
396,droplet,randomAI,WIN,droplet,355,1.0,0.0,1.0,0.0,0.0,0.0,0.0,0.0,maps/16x16/basesWorkers16x16.xml,42
397,droplet,randomAI,WIN,droplet,370,1.0,0.0,1.0,0.0,0.0,0.0,0.0,0.0,maps/16x16/basesWorkers16x16.xml,42
398,droplet,randomAI,WIN,droplet,385,1.0,0.0,1.0,0.0,0.0,0.0,0.0,0.0,maps/16x16/basesWorkers16x16.xml,42
399,droplet,randomAI,WIN,droplet,365,1.0,0.0,1.0,0.0,0.0,0.0,0.0,0.0,maps/16x16/basesWorkers16x16.xml,42
400,droplet,randomAI,WIN,droplet,375,1.0,0.0,1.0,0.0,0.0,0.0,0.0,0.0,maps/16x16/basesWorkers16x16.xml,42
401,randomAI,guidedRojoA3N,LOSS,guidedRojoA3N,721,0.0,1.0,-1.0,0.0,0.0,0.0,0.0,0.0,maps/16x16/basesWorkers16x16.xml,42
402,randomAI,guidedRojoA3N,LOSS,guidedRojoA3N,795,0.0,1.0,-1.0,0.0,0.0,0.0,0.0,0.0,maps/16x16/basesWorkers16x16.xml,42
403,randomAI,guidedRojoA3N,LOSS,guidedRojoA3N,800,0.0,1.0,-1.0,0.0,0.0,0.0,0.0,0.0,maps/16x16/basesWorkers16x16.xml,42
404,randomAI,guidedRojoA3N,LOSS,guidedRojoA3N,865,0.0,1.0,-1.0,0.0,0.0,0.0,0.0,0.0,maps/16x16/basesWorkers16x16.xml,42
405,randomAI,guidedRojoA3N,LOSS,guidedRojoA3N,736,0.0,1.0,-1.0,0.0,0.0,0.0,0.0,0.0,maps/16x16/basesWorkers16x16.xml,42
406,guidedRojoA3N,randomAI,WIN,guidedRojoA3N,851,1.0,0.0,1.0,0.0,0.0,0.0,0.0,0.0,maps/16x16/basesWorkers16x16.xml,42
407,guidedRojoA3N,randomAI,WIN,guidedRojoA3N,911,1.0,0.0,1.0,1.0,0.0,0.0,0.0,0.0,maps/16x16/basesWorkers16x16.xml,42
408,guidedRojoA3N,randomAI,WIN,guidedRojoA3N,915,1.0,0.0,1.0,0.0,0.0,0.0,0.0,0.0,maps/16x16/basesWorkers16x16.xml,42
409,guidedRojoA3N,randomAI,WIN,guidedRojoA3N,735,1.0,0.0,1.0,0.0,0.0,0.0,0.0,0.0,maps/16x16/basesWorkers16x16.xml,42
410,guidedRojoA3N,randomAI,WIN,guidedRojoA3N,801,1.0,0.0,1.0,1.0,1.0,0.0,1.0,0.0,maps/16x16/basesWorkers16x16.xml,42
411,randomAI,naiveMCTSAI,LOSS,naiveMCTSAI,937,0.0,1.0,-1.0,0.0,0.0,0.0,0.0,0.0,maps/16x16/basesWorkers16x16.xml,42
412,randomAI,naiveMCTSAI,LOSS,naiveMCTSAI,1185,0.0,1.0,-1.0,0.0,0.0,0.0,0.0,0.0,maps/16x16/basesWorkers16x16.xml,42
413,randomAI,naiveMCTSAI,LOSS,naiveMCTSAI,1050,0.0,1.0,-1.0,0.0,0.0,0.0,0.0,0.0,maps/16x16/basesWorkers16x16.xml,42
414,randomAI,naiveMCTSAI,LOSS,naiveMCTSAI,1055,0.0,1.0,-1.0,0.0,0.0,0.0,0.0,0.0,maps/16x16/basesWorkers16x16.xml,42
415,randomAI,naiveMCTSAI,DRAW,DRAW,2000,0.5,0.5,0.0,0.0,0.0,0.0,0.0,0.0,maps/16x16/basesWorkers16x16.xml,42
416,naiveMCTSAI,randomAI,WIN,naiveMCTSAI,976,1.0,0.0,1.0,0.0,0.0,0.0,0.0,0.0,maps/16x16/basesWorkers16x16.xml,42
417,naiveMCTSAI,randomAI,WIN,naiveMCTSAI,1180,1.0,0.0,1.0,0.0,0.0,0.0,0.0,0.0,maps/16x16/basesWorkers16x16.xml,42
418,naiveMCTSAI,randomAI,WIN,naiveMCTSAI,1045,1.0,0.0,1.0,0.0,0.0,0.0,0.0,0.0,maps/16x16/basesWorkers16x16.xml,42
419,naiveMCTSAI,randomAI,WIN,naiveMCTSAI,1060,1.0,0.0,1.0,0.0,0.0,0.0,0.0,0.0,maps/16x16/basesWorkers16x16.xml,42
420,naiveMCTSAI,randomAI,WIN,naiveMCTSAI,1105,1.0,0.0,1.0,0.0,0.0,0.0,0.0,0.0,maps/16x16/basesWorkers16x16.xml,42
421,randomBiasedAI,mayari,LOSS,mayari,885,0.0,1.0,-1.0,0.0,0.0,0.0,0.0,0.0,maps/16x16/basesWorkers16x16.xml,42
422,randomBiasedAI,mayari,LOSS,mayari,1126,0.0,1.0,-1.0,0.0,0.0,0.0,0.0,0.0,maps/16x16/basesWorkers16x16.xml,42
423,randomBiasedAI,mayari,LOSS,mayari,945,0.0,1.0,-1.0,0.0,0.0,0.0,0.0,0.0,maps/16x16/basesWorkers16x16.xml,42
424,randomBiasedAI,mayari,LOSS,mayari,1107,0.0,1.0,-1.0,0.0,0.0,0.0,0.0,0.0,maps/16x16/basesWorkers16x16.xml,42
425,randomBiasedAI,mayari,LOSS,mayari,927,0.0,1.0,-1.0,0.0,0.0,0.0,0.0,0.0,maps/16x16/basesWorkers16x16.xml,42
426,mayari,randomBiasedAI,WIN,mayari,918,1.0,0.0,1.0,0.0,0.0,0.0,0.0,0.0,maps/16x16/basesWorkers16x16.xml,42
427,mayari,randomBiasedAI,WIN,mayari,798,1.0,0.0,1.0,0.0,0.0,0.0,0.0,0.0,maps/16x16/basesWorkers16x16.xml,42
428,mayari,randomBiasedAI,WIN,mayari,950,1.0,0.0,1.0,0.0,0.0,0.0,0.0,0.0,maps/16x16/basesWorkers16x16.xml,42
429,mayari,randomBiasedAI,WIN,mayari,1206,1.0,0.0,1.0,0.0,0.0,0.0,0.0,0.0,maps/16x16/basesWorkers16x16.xml,42
430,mayari,randomBiasedAI,WIN,mayari,965,1.0,0.0,1.0,0.0,0.0,0.0,0.0,0.0,maps/16x16/basesWorkers16x16.xml,42
431,randomBiasedAI,mixedBot,LOSS,mixedBot,879,0.0,1.0,-1.0,0.0,0.0,0.0,0.0,0.0,maps/16x16/basesWorkers16x16.xml,42
432,randomBiasedAI,mixedBot,LOSS,mixedBot,827,0.0,1.0,-1.0,0.0,0.0,0.0,0.0,0.0,maps/16x16/basesWorkers16x16.xml,42
433,randomBiasedAI,mixedBot,LOSS,mixedBot,615,0.0,1.0,-1.0,0.0,0.0,0.0,0.0,0.0,maps/16x16/basesWorkers16x16.xml,42
434,randomBiasedAI,mixedBot,LOSS,mixedBot,757,0.0,1.0,-1.0,0.0,0.0,0.0,0.0,0.0,maps/16x16/basesWorkers16x16.xml,42
435,randomBiasedAI,mixedBot,LOSS,mixedBot,612,0.0,1.0,-1.0,0.0,0.0,0.0,0.0,0.0,maps/16x16/basesWorkers16x16.xml,42
436,mixedBot,randomBiasedAI,WIN,mixedBot,738,1.0,0.0,1.0,0.0,0.0,0.0,0.0,0.0,maps/16x16/basesWorkers16x16.xml,42
437,mixedBot,randomBiasedAI,WIN,mixedBot,801,1.0,0.0,1.0,2.0,0.0,0.0,0.0,0.0,maps/16x16/basesWorkers16x16.xml,42
438,mixedBot,randomBiasedAI,WIN,mixedBot,888,1.0,0.0,1.0,0.0,0.0,0.0,0.0,0.0,maps/16x16/basesWorkers16x16.xml,42
439,mixedBot,randomBiasedAI,WIN,mixedBot,895,1.0,0.0,1.0,0.0,0.0,0.0,0.0,0.0,maps/16x16/basesWorkers16x16.xml,42
440,mixedBot,randomBiasedAI,WIN,mixedBot,715,1.0,0.0,1.0,0.0,0.0,0.0,0.0,0.0,maps/16x16/basesWorkers16x16.xml,42
441,randomBiasedAI,izanagi,LOSS,izanagi,685,0.0,1.0,-1.0,0.0,0.0,0.0,0.0,0.0,maps/16x16/basesWorkers16x16.xml,42
442,randomBiasedAI,izanagi,LOSS,izanagi,722,0.0,1.0,-1.0,0.0,0.0,0.0,0.0,0.0,maps/16x16/basesWorkers16x16.xml,42
443,randomBiasedAI,izanagi,LOSS,izanagi,811,0.0,1.0,-1.0,0.0,0.0,0.0,0.0,0.0,maps/16x16/basesWorkers16x16.xml,42
444,randomBiasedAI,izanagi,LOSS,izanagi,696,0.0,1.0,-1.0,0.0,0.0,0.0,1.0,0.0,maps/16x16/basesWorkers16x16.xml,42
445,randomBiasedAI,izanagi,LOSS,izanagi,786,0.0,1.0,-1.0,0.0,0.0,0.0,0.0,0.0,maps/16x16/basesWorkers16x16.xml,42
446,izanagi,randomBiasedAI,WIN,izanagi,799,1.0,0.0,1.0,0.0,0.0,0.0,0.0,0.0,maps/16x16/basesWorkers16x16.xml,42
447,izanagi,randomBiasedAI,WIN,izanagi,827,1.0,0.0,1.0,0.0,0.0,0.0,0.0,0.0,maps/16x16/basesWorkers16x16.xml,42
448,izanagi,randomBiasedAI,WIN,izanagi,748,1.0,0.0,1.0,0.0,0.0,0.0,0.0,0.0,maps/16x16/basesWorkers16x16.xml,42
449,izanagi,randomBiasedAI,WIN,izanagi,756,1.0,0.0,1.0,0.0,0.0,0.0,0.0,0.0,maps/16x16/basesWorkers16x16.xml,42
450,izanagi,randomBiasedAI,WIN,izanagi,805,1.0,0.0,1.0,0.0,0.0,0.0,0.0,0.0,maps/16x16/basesWorkers16x16.xml,42
451,randomBiasedAI,tiamat,LOSS,tiamat,844,0.0,1.0,-1.0,0.0,0.0,0.0,0.0,0.0,maps/16x16/basesWorkers16x16.xml,42
452,randomBiasedAI,tiamat,LOSS,tiamat,896,0.0,1.0,-1.0,0.0,0.0,0.0,0.0,0.0,maps/16x16/basesWorkers16x16.xml,42
453,randomBiasedAI,tiamat,LOSS,tiamat,640,0.0,1.0,-1.0,0.0,0.0,0.0,0.0,0.0,maps/16x16/basesWorkers16x16.xml,42
454,randomBiasedAI,tiamat,LOSS,tiamat,762,0.0,1.0,-1.0,0.0,0.0,0.0,0.0,0.0,maps/16x16/basesWorkers16x16.xml,42
455,randomBiasedAI,tiamat,LOSS,tiamat,873,0.0,1.0,-1.0,0.0,0.0,0.0,0.0,0.0,maps/16x16/basesWorkers16x16.xml,42
456,tiamat,randomBiasedAI,WIN,tiamat,765,1.0,0.0,1.0,0.0,0.0,0.0,0.0,0.0,maps/16x16/basesWorkers16x16.xml,42
457,tiamat,randomBiasedAI,WIN,tiamat,795,1.0,0.0,1.0,0.0,0.0,0.0,0.0,0.0,maps/16x16/basesWorkers16x16.xml,42
458,tiamat,randomBiasedAI,WIN,tiamat,821,1.0,0.0,1.0,1.0,0.0,0.0,0.0,1.0,maps/16x16/basesWorkers16x16.xml,42
459,tiamat,randomBiasedAI,WIN,tiamat,785,1.0,0.0,1.0,0.0,0.0,0.0,0.0,0.0,maps/16x16/basesWorkers16x16.xml,42
460,tiamat,randomBiasedAI,WIN,tiamat,823,1.0,0.0,1.0,0.0,0.0,0.0,0.0,0.0,maps/16x16/basesWorkers16x16.xml,42
461,randomBiasedAI,droplet,LOSS,droplet,355,0.0,1.0,-1.0,0.0,0.0,0.0,0.0,0.0,maps/16x16/basesWorkers16x16.xml,42
462,randomBiasedAI,droplet,LOSS,droplet,535,0.0,1.0,-1.0,0.0,0.0,0.0,0.0,0.0,maps/16x16/basesWorkers16x16.xml,42
463,randomBiasedAI,droplet,LOSS,droplet,825,0.0,1.0,-1.0,0.0,0.0,0.0,0.0,0.0,maps/16x16/basesWorkers16x16.xml,42
464,randomBiasedAI,droplet,LOSS,droplet,470,0.0,1.0,-1.0,0.0,0.0,0.0,0.0,0.0,maps/16x16/basesWorkers16x16.xml,42
465,randomBiasedAI,droplet,LOSS,droplet,485,0.0,1.0,-1.0,0.0,0.0,0.0,0.0,0.0,maps/16x16/basesWorkers16x16.xml,42
466,droplet,randomBiasedAI,WIN,droplet,390,1.0,0.0,1.0,0.0,0.0,0.0,0.0,0.0,maps/16x16/basesWorkers16x16.xml,42
467,droplet,randomBiasedAI,WIN,droplet,525,1.0,0.0,1.0,0.0,0.0,0.0,0.0,0.0,maps/16x16/basesWorkers16x16.xml,42
468,droplet,randomBiasedAI,WIN,droplet,685,1.0,0.0,1.0,0.0,0.0,0.0,0.0,0.0,maps/16x16/basesWorkers16x16.xml,42
469,droplet,randomBiasedAI,WIN,droplet,475,1.0,0.0,1.0,0.0,0.0,0.0,0.0,0.0,maps/16x16/basesWorkers16x16.xml,42
470,droplet,randomBiasedAI,WIN,droplet,505,1.0,0.0,1.0,0.0,0.0,0.0,0.0,0.0,maps/16x16/basesWorkers16x16.xml,42
471,randomBiasedAI,guidedRojoA3N,LOSS,guidedRojoA3N,1085,0.0,1.0,-1.0,0.0,0.0,0.0,0.0,0.0,maps/16x16/basesWorkers16x16.xml,42
472,randomBiasedAI,guidedRojoA3N,LOSS,guidedRojoA3N,1135,0.0,1.0,-1.0,0.0,0.0,0.0,0.0,0.0,maps/16x16/basesWorkers16x16.xml,42
473,randomBiasedAI,guidedRojoA3N,LOSS,guidedRojoA3N,1075,0.0,1.0,-1.0,0.0,0.0,0.0,0.0,0.0,maps/16x16/basesWorkers16x16.xml,42
474,randomBiasedAI,guidedRojoA3N,LOSS,guidedRojoA3N,715,0.0,1.0,-1.0,0.0,0.0,0.0,0.0,0.0,maps/16x16/basesWorkers16x16.xml,42
475,randomBiasedAI,guidedRojoA3N,LOSS,guidedRojoA3N,1365,0.0,1.0,-1.0,0.0,0.0,0.0,0.0,0.0,maps/16x16/basesWorkers16x16.xml,42
476,guidedRojoA3N,randomBiasedAI,WIN,guidedRojoA3N,971,1.0,0.0,1.0,0.0,0.0,0.0,0.0,0.0,maps/16x16/basesWorkers16x16.xml,42
477,guidedRojoA3N,randomBiasedAI,WIN,guidedRojoA3N,1125,1.0,0.0,1.0,0.0,0.0,0.0,0.0,0.0,maps/16x16/basesWorkers16x16.xml,42
478,guidedRojoA3N,randomBiasedAI,WIN,guidedRojoA3N,1075,1.0,0.0,1.0,0.0,0.0,0.0,0.0,0.0,maps/16x16/basesWorkers16x16.xml,42
479,guidedRojoA3N,randomBiasedAI,WIN,guidedRojoA3N,856,1.0,0.0,1.0,0.0,0.0,0.0,0.0,0.0,maps/16x16/basesWorkers16x16.xml,42
480,guidedRojoA3N,randomBiasedAI,WIN,guidedRojoA3N,1146,1.0,0.0,1.0,0.0,0.0,0.0,0.0,0.0,maps/16x16/basesWorkers16x16.xml,42
481,randomBiasedAI,naiveMCTSAI,LOSS,naiveMCTSAI,1570,0.0,1.0,-1.0,0.0,0.0,0.0,0.0,0.0,maps/16x16/basesWorkers16x16.xml,42
482,randomBiasedAI,naiveMCTSAI,LOSS,naiveMCTSAI,1577,0.0,1.0,-1.0,0.0,0.0,0.0,0.0,0.0,maps/16x16/basesWorkers16x16.xml,42
483,randomBiasedAI,naiveMCTSAI,LOSS,naiveMCTSAI,1095,0.0,1.0,-1.0,0.0,0.0,0.0,0.0,0.0,maps/16x16/basesWorkers16x16.xml,42
484,randomBiasedAI,naiveMCTSAI,DRAW,DRAW,2000,0.5,0.5,0.0,0.0,0.0,0.0,0.0,0.0,maps/16x16/basesWorkers16x16.xml,42
485,randomBiasedAI,naiveMCTSAI,LOSS,naiveMCTSAI,1490,0.0,1.0,-1.0,0.0,0.0,0.0,0.0,0.0,maps/16x16/basesWorkers16x16.xml,42
486,naiveMCTSAI,randomBiasedAI,WIN,naiveMCTSAI,1990,1.0,0.0,1.0,0.0,0.0,0.0,0.0,0.0,maps/16x16/basesWorkers16x16.xml,42
487,naiveMCTSAI,randomBiasedAI,WIN,naiveMCTSAI,1305,1.0,0.0,1.0,0.0,0.0,0.0,0.0,0.0,maps/16x16/basesWorkers16x16.xml,42
488,naiveMCTSAI,randomBiasedAI,WIN,naiveMCTSAI,1275,1.0,0.0,1.0,0.0,0.0,0.0,0.0,0.0,maps/16x16/basesWorkers16x16.xml,42
489,naiveMCTSAI,randomBiasedAI,WIN,naiveMCTSAI,1560,1.0,0.0,1.0,0.0,0.0,0.0,0.0,0.0,maps/16x16/basesWorkers16x16.xml,42
490,naiveMCTSAI,randomBiasedAI,WIN,naiveMCTSAI,1255,1.0,0.0,1.0,0.0,0.0,0.0,0.0,0.0,maps/16x16/basesWorkers16x16.xml,42
491,passiveAI,mayari,LOSS,mayari,694,0.0,1.0,-1.0,0.0,0.0,0.0,0.0,0.0,maps/16x16/basesWorkers16x16.xml,42
492,passiveAI,mayari,LOSS,mayari,694,0.0,1.0,-1.0,0.0,0.0,0.0,0.0,0.0,maps/16x16/basesWorkers16x16.xml,42
493,passiveAI,mayari,LOSS,mayari,694,0.0,1.0,-1.0,0.0,0.0,0.0,0.0,0.0,maps/16x16/basesWorkers16x16.xml,42
494,passiveAI,mayari,LOSS,mayari,694,0.0,1.0,-1.0,0.0,0.0,0.0,0.0,0.0,maps/16x16/basesWorkers16x16.xml,42
495,passiveAI,mayari,LOSS,mayari,694,0.0,1.0,-1.0,0.0,0.0,0.0,0.0,0.0,maps/16x16/basesWorkers16x16.xml,42
496,mayari,passiveAI,WIN,mayari,694,1.0,0.0,1.0,0.0,0.0,0.0,0.0,0.0,maps/16x16/basesWorkers16x16.xml,42
497,mayari,passiveAI,WIN,mayari,694,1.0,0.0,1.0,0.0,0.0,0.0,0.0,0.0,maps/16x16/basesWorkers16x16.xml,42
498,mayari,passiveAI,WIN,mayari,694,1.0,0.0,1.0,0.0,0.0,0.0,0.0,0.0,maps/16x16/basesWorkers16x16.xml,42
499,mayari,passiveAI,WIN,mayari,694,1.0,0.0,1.0,0.0,0.0,0.0,0.0,0.0,maps/16x16/basesWorkers16x16.xml,42
500,mayari,passiveAI,WIN,mayari,694,1.0,0.0,1.0,0.0,0.0,0.0,0.0,0.0,maps/16x16/basesWorkers16x16.xml,42
501,passiveAI,mixedBot,LOSS,mixedBot,560,0.0,1.0,-1.0,0.0,0.0,0.0,0.0,0.0,maps/16x16/basesWorkers16x16.xml,42
502,passiveAI,mixedBot,LOSS,mixedBot,550,0.0,1.0,-1.0,0.0,0.0,0.0,0.0,0.0,maps/16x16/basesWorkers16x16.xml,42
503,passiveAI,mixedBot,LOSS,mixedBot,671,0.0,1.0,-1.0,0.0,0.0,0.0,0.0,0.0,maps/16x16/basesWorkers16x16.xml,42
504,passiveAI,mixedBot,LOSS,mixedBot,582,0.0,1.0,-1.0,0.0,0.0,0.0,0.0,0.0,maps/16x16/basesWorkers16x16.xml,42
505,passiveAI,mixedBot,LOSS,mixedBot,670,0.0,1.0,-1.0,0.0,0.0,0.0,0.0,0.0,maps/16x16/basesWorkers16x16.xml,42
506,mixedBot,passiveAI,WIN,mixedBot,550,1.0,0.0,1.0,0.0,0.0,0.0,0.0,0.0,maps/16x16/basesWorkers16x16.xml,42
507,mixedBot,passiveAI,WIN,mixedBot,560,1.0,0.0,1.0,0.0,0.0,0.0,0.0,0.0,maps/16x16/basesWorkers16x16.xml,42
508,mixedBot,passiveAI,WIN,mixedBot,550,1.0,0.0,1.0,0.0,0.0,0.0,0.0,0.0,maps/16x16/basesWorkers16x16.xml,42
509,mixedBot,passiveAI,WIN,mixedBot,658,1.0,0.0,1.0,0.0,0.0,0.0,0.0,0.0,maps/16x16/basesWorkers16x16.xml,42
510,mixedBot,passiveAI,WIN,mixedBot,550,1.0,0.0,1.0,0.0,0.0,0.0,0.0,0.0,maps/16x16/basesWorkers16x16.xml,42
511,passiveAI,izanagi,LOSS,izanagi,789,0.0,1.0,-1.0,0.0,0.0,0.0,0.0,0.0,maps/16x16/basesWorkers16x16.xml,42
512,passiveAI,izanagi,LOSS,izanagi,795,0.0,1.0,-1.0,0.0,0.0,0.0,0.0,0.0,maps/16x16/basesWorkers16x16.xml,42
513,passiveAI,izanagi,LOSS,izanagi,735,0.0,1.0,-1.0,0.0,0.0,0.0,0.0,0.0,maps/16x16/basesWorkers16x16.xml,42
514,passiveAI,izanagi,LOSS,izanagi,570,0.0,1.0,-1.0,0.0,0.0,0.0,0.0,0.0,maps/16x16/basesWorkers16x16.xml,42
515,passiveAI,izanagi,LOSS,izanagi,761,0.0,1.0,-1.0,0.0,0.0,0.0,0.0,0.0,maps/16x16/basesWorkers16x16.xml,42
516,izanagi,passiveAI,WIN,izanagi,600,1.0,0.0,1.0,0.0,0.0,0.0,0.0,0.0,maps/16x16/basesWorkers16x16.xml,42
517,izanagi,passiveAI,WIN,izanagi,783,1.0,0.0,1.0,0.0,0.0,0.0,0.0,0.0,maps/16x16/basesWorkers16x16.xml,42
518,izanagi,passiveAI,WIN,izanagi,600,1.0,0.0,1.0,0.0,0.0,0.0,0.0,0.0,maps/16x16/basesWorkers16x16.xml,42
519,izanagi,passiveAI,WIN,izanagi,600,1.0,0.0,1.0,0.0,0.0,0.0,0.0,0.0,maps/16x16/basesWorkers16x16.xml,42
520,izanagi,passiveAI,WIN,izanagi,856,1.0,0.0,1.0,0.0,0.0,0.0,0.0,0.0,maps/16x16/basesWorkers16x16.xml,42
521,passiveAI,tiamat,LOSS,tiamat,550,0.0,1.0,-1.0,0.0,0.0,0.0,0.0,0.0,maps/16x16/basesWorkers16x16.xml,42
522,passiveAI,tiamat,LOSS,tiamat,660,0.0,1.0,-1.0,0.0,0.0,0.0,0.0,0.0,maps/16x16/basesWorkers16x16.xml,42
523,passiveAI,tiamat,LOSS,tiamat,666,0.0,1.0,-1.0,0.0,0.0,0.0,0.0,0.0,maps/16x16/basesWorkers16x16.xml,42
524,passiveAI,tiamat,LOSS,tiamat,550,0.0,1.0,-1.0,0.0,0.0,0.0,0.0,0.0,maps/16x16/basesWorkers16x16.xml,42
525,passiveAI,tiamat,LOSS,tiamat,660,0.0,1.0,-1.0,0.0,0.0,0.0,0.0,0.0,maps/16x16/basesWorkers16x16.xml,42
526,tiamat,passiveAI,WIN,tiamat,550,1.0,0.0,1.0,0.0,0.0,0.0,0.0,0.0,maps/16x16/basesWorkers16x16.xml,42
527,tiamat,passiveAI,WIN,tiamat,550,1.0,0.0,1.0,0.0,0.0,0.0,0.0,0.0,maps/16x16/basesWorkers16x16.xml,42
528,tiamat,passiveAI,WIN,tiamat,550,1.0,0.0,1.0,0.0,0.0,0.0,0.0,0.0,maps/16x16/basesWorkers16x16.xml,42
529,tiamat,passiveAI,WIN,tiamat,650,1.0,0.0,1.0,0.0,0.0,0.0,0.0,0.0,maps/16x16/basesWorkers16x16.xml,42
530,tiamat,passiveAI,WIN,tiamat,650,1.0,0.0,1.0,0.0,0.0,0.0,0.0,0.0,maps/16x16/basesWorkers16x16.xml,42
531,passiveAI,droplet,LOSS,droplet,345,0.0,1.0,-1.0,0.0,0.0,0.0,0.0,0.0,maps/16x16/basesWorkers16x16.xml,42
532,passiveAI,droplet,LOSS,droplet,345,0.0,1.0,-1.0,0.0,0.0,0.0,0.0,0.0,maps/16x16/basesWorkers16x16.xml,42
533,passiveAI,droplet,LOSS,droplet,345,0.0,1.0,-1.0,0.0,0.0,0.0,0.0,0.0,maps/16x16/basesWorkers16x16.xml,42
534,passiveAI,droplet,LOSS,droplet,345,0.0,1.0,-1.0,0.0,0.0,0.0,0.0,0.0,maps/16x16/basesWorkers16x16.xml,42
535,passiveAI,droplet,LOSS,droplet,375,0.0,1.0,-1.0,0.0,0.0,0.0,0.0,0.0,maps/16x16/basesWorkers16x16.xml,42
536,droplet,passiveAI,WIN,droplet,345,1.0,0.0,1.0,0.0,0.0,0.0,0.0,0.0,maps/16x16/basesWorkers16x16.xml,42
537,droplet,passiveAI,WIN,droplet,345,1.0,0.0,1.0,0.0,0.0,0.0,0.0,0.0,maps/16x16/basesWorkers16x16.xml,42
538,droplet,passiveAI,WIN,droplet,345,1.0,0.0,1.0,0.0,0.0,0.0,0.0,0.0,maps/16x16/basesWorkers16x16.xml,42
539,droplet,passiveAI,WIN,droplet,345,1.0,0.0,1.0,0.0,0.0,0.0,0.0,0.0,maps/16x16/basesWorkers16x16.xml,42
540,droplet,passiveAI,WIN,droplet,345,1.0,0.0,1.0,0.0,0.0,0.0,0.0,0.0,maps/16x16/basesWorkers16x16.xml,42
541,passiveAI,guidedRojoA3N,LOSS,guidedRojoA3N,801,0.0,1.0,-1.0,0.0,0.0,0.0,0.0,0.0,maps/16x16/basesWorkers16x16.xml,42
542,passiveAI,guidedRojoA3N,LOSS,guidedRojoA3N,825,0.0,1.0,-1.0,0.0,0.0,0.0,0.0,0.0,maps/16x16/basesWorkers16x16.xml,42
543,passiveAI,guidedRojoA3N,LOSS,guidedRojoA3N,890,0.0,1.0,-1.0,0.0,0.0,0.0,0.0,0.0,maps/16x16/basesWorkers16x16.xml,42
544,passiveAI,guidedRojoA3N,LOSS,guidedRojoA3N,791,0.0,1.0,-1.0,0.0,0.0,0.0,0.0,0.0,maps/16x16/basesWorkers16x16.xml,42
545,passiveAI,guidedRojoA3N,LOSS,guidedRojoA3N,940,0.0,1.0,-1.0,0.0,0.0,0.0,0.0,0.0,maps/16x16/basesWorkers16x16.xml,42
546,guidedRojoA3N,passiveAI,WIN,guidedRojoA3N,831,1.0,0.0,1.0,1.0,0.0,0.0,0.0,0.0,maps/16x16/basesWorkers16x16.xml,42
547,guidedRojoA3N,passiveAI,WIN,guidedRojoA3N,695,1.0,0.0,1.0,0.0,0.0,0.0,0.0,0.0,maps/16x16/basesWorkers16x16.xml,42
548,guidedRojoA3N,passiveAI,WIN,guidedRojoA3N,821,1.0,0.0,1.0,1.0,1.0,0.0,0.0,0.0,maps/16x16/basesWorkers16x16.xml,42
549,guidedRojoA3N,passiveAI,WIN,guidedRojoA3N,820,1.0,0.0,1.0,0.0,0.0,0.0,0.0,0.0,maps/16x16/basesWorkers16x16.xml,42
550,guidedRojoA3N,passiveAI,WIN,guidedRojoA3N,641,1.0,0.0,1.0,1.0,0.0,0.0,0.0,0.0,maps/16x16/basesWorkers16x16.xml,42
551,passiveAI,naiveMCTSAI,LOSS,naiveMCTSAI,985,0.0,1.0,-1.0,0.0,0.0,0.0,0.0,0.0,maps/16x16/basesWorkers16x16.xml,42
552,passiveAI,naiveMCTSAI,LOSS,naiveMCTSAI,1255,0.0,1.0,-1.0,0.0,0.0,0.0,0.0,0.0,maps/16x16/basesWorkers16x16.xml,42
553,passiveAI,naiveMCTSAI,LOSS,naiveMCTSAI,1285,0.0,1.0,-1.0,0.0,0.0,0.0,0.0,0.0,maps/16x16/basesWorkers16x16.xml,42
554,passiveAI,naiveMCTSAI,LOSS,naiveMCTSAI,905,0.0,1.0,-1.0,0.0,0.0,0.0,0.0,0.0,maps/16x16/basesWorkers16x16.xml,42
555,passiveAI,naiveMCTSAI,LOSS,naiveMCTSAI,1430,0.0,1.0,-1.0,0.0,0.0,0.0,0.0,0.0,maps/16x16/basesWorkers16x16.xml,42
556,naiveMCTSAI,passiveAI,WIN,naiveMCTSAI,965,1.0,0.0,1.0,0.0,0.0,0.0,0.0,0.0,maps/16x16/basesWorkers16x16.xml,42
557,naiveMCTSAI,passiveAI,WIN,naiveMCTSAI,1375,1.0,0.0,1.0,0.0,0.0,0.0,0.0,0.0,maps/16x16/basesWorkers16x16.xml,42
558,naiveMCTSAI,passiveAI,WIN,naiveMCTSAI,1085,1.0,0.0,1.0,0.0,0.0,0.0,0.0,0.0,maps/16x16/basesWorkers16x16.xml,42
559,naiveMCTSAI,passiveAI,WIN,naiveMCTSAI,1115,1.0,0.0,1.0,0.0,0.0,0.0,0.0,0.0,maps/16x16/basesWorkers16x16.xml,42
560,naiveMCTSAI,passiveAI,WIN,naiveMCTSAI,1285,1.0,0.0,1.0,0.0,0.0,0.0,0.0,0.0,maps/16x16/basesWorkers16x16.xml,42
561,workerRushAI,mayari,WIN,workerRushAI,585,1.0,0.0,1.0,0.0,0.0,0.0,0.0,0.0,maps/16x16/basesWorkers16x16.xml,42
562,workerRushAI,mayari,WIN,workerRushAI,895,1.0,0.0,1.0,0.0,0.0,0.0,0.0,0.0,maps/16x16/basesWorkers16x16.xml,42
563,workerRushAI,mayari,WIN,workerRushAI,635,1.0,0.0,1.0,0.0,0.0,0.0,0.0,0.0,maps/16x16/basesWorkers16x16.xml,42
564,workerRushAI,mayari,LOSS,mayari,1171,0.0,1.0,-1.0,0.0,0.0,0.0,0.0,0.0,maps/16x16/basesWorkers16x16.xml,42
565,workerRushAI,mayari,LOSS,mayari,993,0.0,1.0,-1.0,0.0,0.0,0.0,0.0,0.0,maps/16x16/basesWorkers16x16.xml,42
566,mayari,workerRushAI,WIN,mayari,943,1.0,0.0,1.0,0.0,0.0,0.0,0.0,0.0,maps/16x16/basesWorkers16x16.xml,42
567,mayari,workerRushAI,WIN,mayari,943,1.0,0.0,1.0,0.0,0.0,0.0,0.0,0.0,maps/16x16/basesWorkers16x16.xml,42
568,mayari,workerRushAI,WIN,mayari,939,1.0,0.0,1.0,0.0,0.0,0.0,0.0,0.0,maps/16x16/basesWorkers16x16.xml,42
569,mayari,workerRushAI,WIN,mayari,1027,1.0,0.0,1.0,0.0,0.0,0.0,0.0,0.0,maps/16x16/basesWorkers16x16.xml,42
570,mayari,workerRushAI,WIN,mayari,950,1.0,0.0,1.0,0.0,0.0,0.0,0.0,0.0,maps/16x16/basesWorkers16x16.xml,42
571,workerRushAI,mixedBot,WIN,workerRushAI,340,1.0,0.0,1.0,0.0,0.0,0.0,0.0,0.0,maps/16x16/basesWorkers16x16.xml,42
572,workerRushAI,mixedBot,WIN,workerRushAI,385,1.0,0.0,1.0,0.0,0.0,0.0,0.0,0.0,maps/16x16/basesWorkers16x16.xml,42
573,workerRushAI,mixedBot,WIN,workerRushAI,340,1.0,0.0,1.0,0.0,0.0,0.0,0.0,0.0,maps/16x16/basesWorkers16x16.xml,42
574,workerRushAI,mixedBot,WIN,workerRushAI,385,1.0,0.0,1.0,0.0,0.0,0.0,0.0,0.0,maps/16x16/basesWorkers16x16.xml,42
575,workerRushAI,mixedBot,WIN,workerRushAI,375,1.0,0.0,1.0,0.0,0.0,0.0,0.0,0.0,maps/16x16/basesWorkers16x16.xml,42
576,mixedBot,workerRushAI,LOSS,workerRushAI,365,0.0,1.0,-1.0,0.0,0.0,0.0,0.0,0.0,maps/16x16/basesWorkers16x16.xml,42
577,mixedBot,workerRushAI,LOSS,workerRushAI,395,0.0,1.0,-1.0,0.0,0.0,0.0,0.0,0.0,maps/16x16/basesWorkers16x16.xml,42
578,mixedBot,workerRushAI,LOSS,workerRushAI,395,0.0,1.0,-1.0,0.0,0.0,0.0,0.0,0.0,maps/16x16/basesWorkers16x16.xml,42
579,mixedBot,workerRushAI,LOSS,workerRushAI,395,0.0,1.0,-1.0,0.0,0.0,0.0,0.0,0.0,maps/16x16/basesWorkers16x16.xml,42
580,mixedBot,workerRushAI,LOSS,workerRushAI,395,0.0,1.0,-1.0,0.0,0.0,0.0,0.0,0.0,maps/16x16/basesWorkers16x16.xml,42
581,workerRushAI,izanagi,WIN,workerRushAI,385,1.0,0.0,1.0,0.0,0.0,0.0,0.0,0.0,maps/16x16/basesWorkers16x16.xml,42
582,workerRushAI,izanagi,WIN,workerRushAI,350,1.0,0.0,1.0,0.0,0.0,0.0,0.0,0.0,maps/16x16/basesWorkers16x16.xml,42
583,workerRushAI,izanagi,WIN,workerRushAI,415,1.0,0.0,1.0,0.0,0.0,0.0,0.0,0.0,maps/16x16/basesWorkers16x16.xml,42
584,workerRushAI,izanagi,WIN,workerRushAI,405,1.0,0.0,1.0,0.0,0.0,0.0,0.0,0.0,maps/16x16/basesWorkers16x16.xml,42
585,workerRushAI,izanagi,WIN,workerRushAI,375,1.0,0.0,1.0,0.0,0.0,0.0,0.0,0.0,maps/16x16/basesWorkers16x16.xml,42
586,izanagi,workerRushAI,LOSS,workerRushAI,425,0.0,1.0,-1.0,0.0,0.0,0.0,0.0,0.0,maps/16x16/basesWorkers16x16.xml,42
587,izanagi,workerRushAI,LOSS,workerRushAI,395,0.0,1.0,-1.0,0.0,0.0,0.0,0.0,0.0,maps/16x16/basesWorkers16x16.xml,42
588,izanagi,workerRushAI,LOSS,workerRushAI,385,0.0,1.0,-1.0,0.0,0.0,0.0,0.0,0.0,maps/16x16/basesWorkers16x16.xml,42
589,izanagi,workerRushAI,LOSS,workerRushAI,395,0.0,1.0,-1.0,0.0,0.0,0.0,0.0,0.0,maps/16x16/basesWorkers16x16.xml,42
590,izanagi,workerRushAI,LOSS,workerRushAI,370,0.0,1.0,-1.0,0.0,0.0,0.0,0.0,0.0,maps/16x16/basesWorkers16x16.xml,42
591,workerRushAI,tiamat,WIN,workerRushAI,360,1.0,0.0,1.0,0.0,0.0,0.0,0.0,0.0,maps/16x16/basesWorkers16x16.xml,42
592,workerRushAI,tiamat,WIN,workerRushAI,340,1.0,0.0,1.0,0.0,0.0,0.0,0.0,0.0,maps/16x16/basesWorkers16x16.xml,42
593,workerRushAI,tiamat,WIN,workerRushAI,360,1.0,0.0,1.0,0.0,0.0,0.0,0.0,0.0,maps/16x16/basesWorkers16x16.xml,42
594,workerRushAI,tiamat,WIN,workerRushAI,360,1.0,0.0,1.0,0.0,0.0,0.0,0.0,0.0,maps/16x16/basesWorkers16x16.xml,42
595,workerRushAI,tiamat,WIN,workerRushAI,360,1.0,0.0,1.0,0.0,0.0,0.0,0.0,0.0,maps/16x16/basesWorkers16x16.xml,42
596,tiamat,workerRushAI,LOSS,workerRushAI,360,0.0,1.0,-1.0,0.0,0.0,0.0,0.0,0.0,maps/16x16/basesWorkers16x16.xml,42
597,tiamat,workerRushAI,LOSS,workerRushAI,360,0.0,1.0,-1.0,0.0,0.0,0.0,0.0,0.0,maps/16x16/basesWorkers16x16.xml,42
598,tiamat,workerRushAI,LOSS,workerRushAI,360,0.0,1.0,-1.0,0.0,0.0,0.0,0.0,0.0,maps/16x16/basesWorkers16x16.xml,42
599,tiamat,workerRushAI,LOSS,workerRushAI,360,0.0,1.0,-1.0,0.0,0.0,0.0,0.0,0.0,maps/16x16/basesWorkers16x16.xml,42
600,tiamat,workerRushAI,LOSS,workerRushAI,360,0.0,1.0,-1.0,0.0,0.0,0.0,0.0,0.0,maps/16x16/basesWorkers16x16.xml,42
601,workerRushAI,droplet,DRAW,DRAW,2000,0.5,0.5,0.0,0.0,0.0,0.0,0.0,0.0,maps/16x16/basesWorkers16x16.xml,42
602,workerRushAI,droplet,DRAW,DRAW,2000,0.5,0.5,0.0,0.0,0.0,0.0,0.0,0.0,maps/16x16/basesWorkers16x16.xml,42
603,workerRushAI,droplet,DRAW,DRAW,2000,0.5,0.5,0.0,0.0,0.0,0.0,0.0,0.0,maps/16x16/basesWorkers16x16.xml,42
604,workerRushAI,droplet,DRAW,DRAW,2000,0.5,0.5,0.0,0.0,0.0,0.0,0.0,0.0,maps/16x16/basesWorkers16x16.xml,42
605,workerRushAI,droplet,DRAW,DRAW,2000,0.5,0.5,0.0,0.0,0.0,0.0,0.0,0.0,maps/16x16/basesWorkers16x16.xml,42
606,droplet,workerRushAI,DRAW,DRAW,2000,0.5,0.5,0.0,0.0,0.0,0.0,0.0,0.0,maps/16x16/basesWorkers16x16.xml,42
607,droplet,workerRushAI,DRAW,DRAW,2000,0.5,0.5,0.0,0.0,0.0,0.0,0.0,0.0,maps/16x16/basesWorkers16x16.xml,42
608,droplet,workerRushAI,DRAW,DRAW,2000,0.5,0.5,0.0,0.0,0.0,0.0,0.0,0.0,maps/16x16/basesWorkers16x16.xml,42
609,droplet,workerRushAI,DRAW,DRAW,2000,0.5,0.5,0.0,0.0,0.0,0.0,0.0,0.0,maps/16x16/basesWorkers16x16.xml,42
610,droplet,workerRushAI,DRAW,DRAW,2000,0.5,0.5,0.0,0.0,0.0,0.0,0.0,0.0,maps/16x16/basesWorkers16x16.xml,42
611,workerRushAI,guidedRojoA3N,LOSS,guidedRojoA3N,1911,0.0,1.0,-1.0,0.0,0.0,0.0,0.0,0.0,maps/16x16/basesWorkers16x16.xml,42
612,workerRushAI,guidedRojoA3N,LOSS,guidedRojoA3N,1525,0.0,1.0,-1.0,0.0,0.0,0.0,0.0,0.0,maps/16x16/basesWorkers16x16.xml,42
613,workerRushAI,guidedRojoA3N,LOSS,guidedRojoA3N,1715,0.0,1.0,-1.0,0.0,0.0,0.0,0.0,0.0,maps/16x16/basesWorkers16x16.xml,42
614,workerRushAI,guidedRojoA3N,LOSS,guidedRojoA3N,1997,0.0,1.0,-1.0,0.0,0.0,0.0,0.0,0.0,maps/16x16/basesWorkers16x16.xml,42
615,workerRushAI,guidedRojoA3N,LOSS,guidedRojoA3N,1745,0.0,1.0,-1.0,0.0,0.0,0.0,0.0,0.0,maps/16x16/basesWorkers16x16.xml,42
616,guidedRojoA3N,workerRushAI,WIN,guidedRojoA3N,1801,1.0,0.0,1.0,0.0,0.0,0.0,0.0,0.0,maps/16x16/basesWorkers16x16.xml,42
617,guidedRojoA3N,workerRushAI,WIN,guidedRojoA3N,1767,1.0,0.0,1.0,0.0,0.0,0.0,0.0,0.0,maps/16x16/basesWorkers16x16.xml,42
618,guidedRojoA3N,workerRushAI,WIN,guidedRojoA3N,1941,1.0,0.0,1.0,0.0,0.0,0.0,0.0,0.0,maps/16x16/basesWorkers16x16.xml,42
619,guidedRojoA3N,workerRushAI,DRAW,DRAW,2000,0.5,0.5,0.0,0.0,0.0,0.0,0.0,0.0,maps/16x16/basesWorkers16x16.xml,42
620,guidedRojoA3N,workerRushAI,WIN,guidedRojoA3N,1697,1.0,0.0,1.0,0.0,0.0,0.0,0.0,0.0,maps/16x16/basesWorkers16x16.xml,42
621,workerRushAI,naiveMCTSAI,WIN,workerRushAI,1045,1.0,0.0,1.0,0.0,0.0,0.0,0.0,0.0,maps/16x16/basesWorkers16x16.xml,42
622,workerRushAI,naiveMCTSAI,DRAW,DRAW,2000,0.5,0.5,0.0,0.0,0.0,0.0,0.0,0.0,maps/16x16/basesWorkers16x16.xml,42
623,workerRushAI,naiveMCTSAI,DRAW,DRAW,2000,0.5,0.5,0.0,0.0,0.0,0.0,0.0,0.0,maps/16x16/basesWorkers16x16.xml,42
624,workerRushAI,naiveMCTSAI,DRAW,DRAW,2000,0.5,0.5,0.0,0.0,0.0,0.0,0.0,0.0,maps/16x16/basesWorkers16x16.xml,42
625,workerRushAI,naiveMCTSAI,DRAW,DRAW,2000,0.5,0.5,0.0,0.0,0.0,0.0,0.0,0.0,maps/16x16/basesWorkers16x16.xml,42
626,naiveMCTSAI,workerRushAI,DRAW,DRAW,2000,0.5,0.5,0.0,0.0,0.0,0.0,0.0,0.0,maps/16x16/basesWorkers16x16.xml,42
627,naiveMCTSAI,workerRushAI,DRAW,DRAW,2000,0.5,0.5,0.0,0.0,0.0,0.0,0.0,0.0,maps/16x16/basesWorkers16x16.xml,42
628,naiveMCTSAI,workerRushAI,DRAW,DRAW,2000,0.5,0.5,0.0,0.0,0.0,0.0,0.0,0.0,maps/16x16/basesWorkers16x16.xml,42
629,naiveMCTSAI,workerRushAI,DRAW,DRAW,2000,0.5,0.5,0.0,0.0,0.0,0.0,0.0,0.0,maps/16x16/basesWorkers16x16.xml,42
630,naiveMCTSAI,workerRushAI,DRAW,DRAW,2000,0.5,0.5,0.0,0.0,0.0,0.0,0.0,0.0,maps/16x16/basesWorkers16x16.xml,42
631,lightRushAI,mayari,LOSS,mayari,1065,0.0,1.0,-1.0,0.0,0.0,0.0,0.0,0.0,maps/16x16/basesWorkers16x16.xml,42
632,lightRushAI,mayari,LOSS,mayari,1065,0.0,1.0,-1.0,0.0,0.0,0.0,0.0,0.0,maps/16x16/basesWorkers16x16.xml,42
633,lightRushAI,mayari,LOSS,mayari,1065,0.0,1.0,-1.0,0.0,0.0,0.0,0.0,0.0,maps/16x16/basesWorkers16x16.xml,42
634,lightRushAI,mayari,LOSS,mayari,1065,0.0,1.0,-1.0,0.0,0.0,0.0,0.0,0.0,maps/16x16/basesWorkers16x16.xml,42
635,lightRushAI,mayari,LOSS,mayari,1065,0.0,1.0,-1.0,0.0,0.0,0.0,0.0,0.0,maps/16x16/basesWorkers16x16.xml,42
636,mayari,lightRushAI,WIN,mayari,1264,1.0,0.0,1.0,0.0,0.0,0.0,0.0,0.0,maps/16x16/basesWorkers16x16.xml,42
637,mayari,lightRushAI,WIN,mayari,1264,1.0,0.0,1.0,0.0,0.0,0.0,0.0,0.0,maps/16x16/basesWorkers16x16.xml,42
638,mayari,lightRushAI,WIN,mayari,1264,1.0,0.0,1.0,0.0,0.0,0.0,0.0,0.0,maps/16x16/basesWorkers16x16.xml,42
639,mayari,lightRushAI,WIN,mayari,1264,1.0,0.0,1.0,0.0,0.0,0.0,0.0,0.0,maps/16x16/basesWorkers16x16.xml,42
640,mayari,lightRushAI,WIN,mayari,1264,1.0,0.0,1.0,0.0,0.0,0.0,0.0,0.0,maps/16x16/basesWorkers16x16.xml,42
641,lightRushAI,mixedBot,LOSS,mixedBot,842,0.0,1.0,-1.0,0.0,0.0,0.0,0.0,0.0,maps/16x16/basesWorkers16x16.xml,42
642,lightRushAI,mixedBot,LOSS,mixedBot,1292,0.0,1.0,-1.0,0.0,0.0,0.0,0.0,0.0,maps/16x16/basesWorkers16x16.xml,42
643,lightRushAI,mixedBot,DRAW,DRAW,2000,0.5,0.5,0.0,0.0,0.0,0.0,0.0,0.0,maps/16x16/basesWorkers16x16.xml,42
644,lightRushAI,mixedBot,LOSS,mixedBot,805,0.0,1.0,-1.0,0.0,0.0,0.0,0.0,0.0,maps/16x16/basesWorkers16x16.xml,42
645,lightRushAI,mixedBot,LOSS,mixedBot,1393,0.0,1.0,-1.0,0.0,0.0,0.0,0.0,0.0,maps/16x16/basesWorkers16x16.xml,42
646,mixedBot,lightRushAI,LOSS,lightRushAI,1295,0.0,1.0,-1.0,0.0,0.0,0.0,0.0,0.0,maps/16x16/basesWorkers16x16.xml,42
647,mixedBot,lightRushAI,WIN,mixedBot,759,1.0,0.0,1.0,0.0,0.0,0.0,0.0,0.0,maps/16x16/basesWorkers16x16.xml,42
648,mixedBot,lightRushAI,WIN,mixedBot,862,1.0,0.0,1.0,0.0,0.0,0.0,0.0,0.0,maps/16x16/basesWorkers16x16.xml,42
649,mixedBot,lightRushAI,WIN,mixedBot,963,1.0,0.0,1.0,0.0,0.0,0.0,0.0,0.0,maps/16x16/basesWorkers16x16.xml,42
650,mixedBot,lightRushAI,WIN,mixedBot,815,1.0,0.0,1.0,0.0,0.0,0.0,0.0,0.0,maps/16x16/basesWorkers16x16.xml,42
651,lightRushAI,izanagi,LOSS,izanagi,1039,0.0,1.0,-1.0,0.0,0.0,0.0,0.0,0.0,maps/16x16/basesWorkers16x16.xml,42
652,lightRushAI,izanagi,DRAW,DRAW,2000,0.5,0.5,0.0,0.0,0.0,0.0,0.0,0.0,maps/16x16/basesWorkers16x16.xml,42
653,lightRushAI,izanagi,LOSS,izanagi,1165,0.0,1.0,-1.0,0.0,0.0,0.0,0.0,0.0,maps/16x16/basesWorkers16x16.xml,42
654,lightRushAI,izanagi,LOSS,izanagi,965,0.0,1.0,-1.0,0.0,0.0,0.0,0.0,0.0,maps/16x16/basesWorkers16x16.xml,42
655,lightRushAI,izanagi,LOSS,izanagi,1265,0.0,1.0,-1.0,0.0,0.0,0.0,0.0,0.0,maps/16x16/basesWorkers16x16.xml,42
656,izanagi,lightRushAI,WIN,izanagi,1141,1.0,0.0,1.0,1.0,0.0,0.0,0.0,0.0,maps/16x16/basesWorkers16x16.xml,42
657,izanagi,lightRushAI,WIN,izanagi,1260,1.0,0.0,1.0,0.0,0.0,0.0,0.0,0.0,maps/16x16/basesWorkers16x16.xml,42
658,izanagi,lightRushAI,WIN,izanagi,1051,1.0,0.0,1.0,2.0,0.0,0.0,0.0,0.0,maps/16x16/basesWorkers16x16.xml,42
659,izanagi,lightRushAI,WIN,izanagi,1157,1.0,0.0,1.0,0.0,0.0,0.0,0.0,0.0,maps/16x16/basesWorkers16x16.xml,42
660,izanagi,lightRushAI,WIN,izanagi,1141,1.0,0.0,1.0,1.0,0.0,0.0,0.0,0.0,maps/16x16/basesWorkers16x16.xml,42
661,lightRushAI,tiamat,LOSS,tiamat,1467,0.0,1.0,-1.0,0.0,0.0,0.0,0.0,0.0,maps/16x16/basesWorkers16x16.xml,42
662,lightRushAI,tiamat,DRAW,DRAW,2000,0.5,0.5,0.0,0.0,0.0,0.0,0.0,0.0,maps/16x16/basesWorkers16x16.xml,42
663,lightRushAI,tiamat,LOSS,tiamat,1433,0.0,1.0,-1.0,0.0,0.0,0.0,0.0,0.0,maps/16x16/basesWorkers16x16.xml,42
664,lightRushAI,tiamat,LOSS,tiamat,1376,0.0,1.0,-1.0,0.0,0.0,0.0,0.0,0.0,maps/16x16/basesWorkers16x16.xml,42
665,lightRushAI,tiamat,DRAW,DRAW,2000,0.5,0.5,0.0,0.0,0.0,0.0,0.0,0.0,maps/16x16/basesWorkers16x16.xml,42
666,tiamat,lightRushAI,WIN,tiamat,1255,1.0,0.0,1.0,0.0,0.0,0.0,0.0,0.0,maps/16x16/basesWorkers16x16.xml,42
667,tiamat,lightRushAI,WIN,tiamat,1499,1.0,0.0,1.0,0.0,0.0,0.0,0.0,0.0,maps/16x16/basesWorkers16x16.xml,42
668,tiamat,lightRushAI,WIN,tiamat,950,1.0,0.0,1.0,0.0,0.0,0.0,0.0,0.0,maps/16x16/basesWorkers16x16.xml,42
669,tiamat,lightRushAI,WIN,tiamat,1589,1.0,0.0,1.0,0.0,0.0,0.0,0.0,0.0,maps/16x16/basesWorkers16x16.xml,42
670,tiamat,lightRushAI,WIN,tiamat,1215,1.0,0.0,1.0,0.0,0.0,0.0,0.0,0.0,maps/16x16/basesWorkers16x16.xml,42
671,lightRushAI,droplet,LOSS,droplet,385,0.0,1.0,-1.0,0.0,0.0,0.0,0.0,0.0,maps/16x16/basesWorkers16x16.xml,42
672,lightRushAI,droplet,LOSS,droplet,385,0.0,1.0,-1.0,0.0,0.0,0.0,0.0,0.0,maps/16x16/basesWorkers16x16.xml,42
673,lightRushAI,droplet,LOSS,droplet,562,0.0,1.0,-1.0,0.0,0.0,0.0,0.0,0.0,maps/16x16/basesWorkers16x16.xml,42
674,lightRushAI,droplet,LOSS,droplet,385,0.0,1.0,-1.0,0.0,0.0,0.0,0.0,0.0,maps/16x16/basesWorkers16x16.xml,42
675,lightRushAI,droplet,LOSS,droplet,461,0.0,1.0,-1.0,0.0,0.0,0.0,0.0,0.0,maps/16x16/basesWorkers16x16.xml,42
676,droplet,lightRushAI,WIN,droplet,500,1.0,0.0,1.0,0.0,0.0,0.0,0.0,0.0,maps/16x16/basesWorkers16x16.xml,42
677,droplet,lightRushAI,WIN,droplet,395,1.0,0.0,1.0,0.0,0.0,0.0,0.0,0.0,maps/16x16/basesWorkers16x16.xml,42
678,droplet,lightRushAI,WIN,droplet,395,1.0,0.0,1.0,0.0,0.0,0.0,0.0,0.0,maps/16x16/basesWorkers16x16.xml,42
679,droplet,lightRushAI,WIN,droplet,395,1.0,0.0,1.0,0.0,0.0,0.0,0.0,0.0,maps/16x16/basesWorkers16x16.xml,42
680,droplet,lightRushAI,WIN,droplet,405,1.0,0.0,1.0,0.0,0.0,0.0,0.0,0.0,maps/16x16/basesWorkers16x16.xml,42
681,lightRushAI,guidedRojoA3N,WIN,lightRushAI,957,1.0,0.0,1.0,0.0,0.0,0.0,0.0,0.0,maps/16x16/basesWorkers16x16.xml,42
682,lightRushAI,guidedRojoA3N,WIN,lightRushAI,967,1.0,0.0,1.0,0.0,0.0,0.0,0.0,0.0,maps/16x16/basesWorkers16x16.xml,42
683,lightRushAI,guidedRojoA3N,WIN,lightRushAI,918,1.0,0.0,1.0,0.0,0.0,0.0,0.0,0.0,maps/16x16/basesWorkers16x16.xml,42
684,lightRushAI,guidedRojoA3N,WIN,lightRushAI,1082,1.0,0.0,1.0,0.0,0.0,0.0,1.0,0.0,maps/16x16/basesWorkers16x16.xml,42
685,lightRushAI,guidedRojoA3N,WIN,lightRushAI,1114,1.0,0.0,1.0,0.0,0.0,0.0,0.0,0.0,maps/16x16/basesWorkers16x16.xml,42
686,guidedRojoA3N,lightRushAI,LOSS,lightRushAI,1046,0.0,1.0,-1.0,0.0,0.0,0.0,0.0,0.0,maps/16x16/basesWorkers16x16.xml,42
687,guidedRojoA3N,lightRushAI,LOSS,lightRushAI,1026,0.0,1.0,-1.0,0.0,0.0,0.0,0.0,0.0,maps/16x16/basesWorkers16x16.xml,42
688,guidedRojoA3N,lightRushAI,LOSS,lightRushAI,895,0.0,1.0,-1.0,0.0,0.0,0.0,0.0,0.0,maps/16x16/basesWorkers16x16.xml,42
689,guidedRojoA3N,lightRushAI,LOSS,lightRushAI,979,0.0,1.0,-1.0,0.0,0.0,0.0,0.0,0.0,maps/16x16/basesWorkers16x16.xml,42
690,guidedRojoA3N,lightRushAI,LOSS,lightRushAI,1016,0.0,1.0,-1.0,0.0,0.0,0.0,1.0,0.0,maps/16x16/basesWorkers16x16.xml,42
691,lightRushAI,naiveMCTSAI,WIN,lightRushAI,957,1.0,0.0,1.0,0.0,0.0,0.0,0.0,0.0,maps/16x16/basesWorkers16x16.xml,42
692,lightRushAI,naiveMCTSAI,WIN,lightRushAI,1953,1.0,0.0,1.0,0.0,0.0,0.0,0.0,0.0,maps/16x16/basesWorkers16x16.xml,42
693,lightRushAI,naiveMCTSAI,WIN,lightRushAI,1869,1.0,0.0,1.0,0.0,0.0,0.0,0.0,0.0,maps/16x16/basesWorkers16x16.xml,42
694,lightRushAI,naiveMCTSAI,WIN,lightRushAI,892,1.0,0.0,1.0,0.0,0.0,0.0,0.0,0.0,maps/16x16/basesWorkers16x16.xml,42
695,lightRushAI,naiveMCTSAI,WIN,lightRushAI,904,1.0,0.0,1.0,0.0,0.0,0.0,0.0,0.0,maps/16x16/basesWorkers16x16.xml,42
696,naiveMCTSAI,lightRushAI,LOSS,lightRushAI,1405,0.0,1.0,-1.0,0.0,0.0,0.0,0.0,0.0,maps/16x16/basesWorkers16x16.xml,42
697,naiveMCTSAI,lightRushAI,DRAW,DRAW,2000,0.5,0.5,0.0,0.0,0.0,0.0,0.0,0.0,maps/16x16/basesWorkers16x16.xml,42
698,naiveMCTSAI,lightRushAI,LOSS,lightRushAI,1433,0.0,1.0,-1.0,0.0,0.0,0.0,0.0,0.0,maps/16x16/basesWorkers16x16.xml,42
699,naiveMCTSAI,lightRushAI,LOSS,lightRushAI,1273,0.0,1.0,-1.0,0.0,0.0,0.0,0.0,0.0,maps/16x16/basesWorkers16x16.xml,42
700,naiveMCTSAI,lightRushAI,LOSS,lightRushAI,1757,0.0,1.0,-1.0,0.0,0.0,0.0,0.0,0.0,maps/16x16/basesWorkers16x16.xml,42
701,coacAI,mayari,WIN,coacAI,1007,1.0,0.0,1.0,0.0,0.0,0.0,0.0,0.0,maps/16x16/basesWorkers16x16.xml,42
702,coacAI,mayari,WIN,coacAI,1007,1.0,0.0,1.0,0.0,0.0,0.0,0.0,0.0,maps/16x16/basesWorkers16x16.xml,42
703,coacAI,mayari,WIN,coacAI,982,1.0,0.0,1.0,0.0,0.0,0.0,0.0,0.0,maps/16x16/basesWorkers16x16.xml,42
704,coacAI,mayari,WIN,coacAI,977,1.0,0.0,1.0,0.0,0.0,0.0,0.0,0.0,maps/16x16/basesWorkers16x16.xml,42
705,coacAI,mayari,WIN,coacAI,992,1.0,0.0,1.0,0.0,0.0,0.0,0.0,0.0,maps/16x16/basesWorkers16x16.xml,42
706,mayari,coacAI,LOSS,coacAI,906,0.0,1.0,-1.0,0.0,0.0,0.0,0.0,0.0,maps/16x16/basesWorkers16x16.xml,42
707,mayari,coacAI,LOSS,coacAI,906,0.0,1.0,-1.0,0.0,0.0,0.0,0.0,0.0,maps/16x16/basesWorkers16x16.xml,42
708,mayari,coacAI,LOSS,coacAI,906,0.0,1.0,-1.0,0.0,0.0,0.0,0.0,0.0,maps/16x16/basesWorkers16x16.xml,42
709,mayari,coacAI,LOSS,coacAI,906,0.0,1.0,-1.0,0.0,0.0,0.0,0.0,0.0,maps/16x16/basesWorkers16x16.xml,42
710,mayari,coacAI,LOSS,coacAI,906,0.0,1.0,-1.0,0.0,0.0,0.0,0.0,0.0,maps/16x16/basesWorkers16x16.xml,42
711,coacAI,mixedBot,WIN,coacAI,1084,1.0,0.0,1.0,0.0,0.0,0.0,0.0,0.0,maps/16x16/basesWorkers16x16.xml,42
712,coacAI,mixedBot,WIN,coacAI,1285,1.0,0.0,1.0,0.0,0.0,0.0,0.0,0.0,maps/16x16/basesWorkers16x16.xml,42
713,coacAI,mixedBot,WIN,coacAI,1455,1.0,0.0,1.0,0.0,0.0,0.0,0.0,0.0,maps/16x16/basesWorkers16x16.xml,42
714,coacAI,mixedBot,WIN,coacAI,1590,1.0,0.0,1.0,0.0,0.0,0.0,0.0,0.0,maps/16x16/basesWorkers16x16.xml,42
715,coacAI,mixedBot,WIN,coacAI,1465,1.0,0.0,1.0,0.0,0.0,0.0,0.0,0.0,maps/16x16/basesWorkers16x16.xml,42
716,mixedBot,coacAI,LOSS,coacAI,1558,0.0,1.0,-1.0,0.0,0.0,0.0,0.0,0.0,maps/16x16/basesWorkers16x16.xml,42
717,mixedBot,coacAI,LOSS,coacAI,1715,0.0,1.0,-1.0,0.0,0.0,0.0,0.0,0.0,maps/16x16/basesWorkers16x16.xml,42
718,mixedBot,coacAI,LOSS,coacAI,1367,0.0,1.0,-1.0,0.0,0.0,0.0,0.0,0.0,maps/16x16/basesWorkers16x16.xml,42
719,mixedBot,coacAI,WIN,mixedBot,1957,1.0,0.0,1.0,0.0,0.0,0.0,0.0,0.0,maps/16x16/basesWorkers16x16.xml,42
720,mixedBot,coacAI,LOSS,coacAI,1302,0.0,1.0,-1.0,0.0,0.0,0.0,0.0,0.0,maps/16x16/basesWorkers16x16.xml,42
721,coacAI,izanagi,WIN,coacAI,1735,1.0,0.0,1.0,0.0,0.0,0.0,0.0,0.0,maps/16x16/basesWorkers16x16.xml,42
722,coacAI,izanagi,LOSS,izanagi,1164,0.0,1.0,-1.0,0.0,0.0,0.0,0.0,0.0,maps/16x16/basesWorkers16x16.xml,42
723,coacAI,izanagi,WIN,coacAI,1735,1.0,0.0,1.0,0.0,0.0,0.0,0.0,0.0,maps/16x16/basesWorkers16x16.xml,42
724,coacAI,izanagi,LOSS,izanagi,1150,0.0,1.0,-1.0,0.0,0.0,0.0,0.0,0.0,maps/16x16/basesWorkers16x16.xml,42
725,coacAI,izanagi,WIN,coacAI,1735,1.0,0.0,1.0,0.0,0.0,0.0,0.0,0.0,maps/16x16/basesWorkers16x16.xml,42
726,izanagi,coacAI,DRAW,DRAW,2000,0.5,0.5,0.0,0.0,0.0,0.0,0.0,0.0,maps/16x16/basesWorkers16x16.xml,42
727,izanagi,coacAI,WIN,izanagi,1231,1.0,0.0,1.0,0.0,0.0,0.0,1.0,0.0,maps/16x16/basesWorkers16x16.xml,42
728,izanagi,coacAI,DRAW,DRAW,2000,0.5,0.5,0.0,0.0,0.0,0.0,0.0,0.0,maps/16x16/basesWorkers16x16.xml,42
729,izanagi,coacAI,DRAW,DRAW,2000,0.5,0.5,0.0,0.0,0.0,0.0,0.0,0.0,maps/16x16/basesWorkers16x16.xml,42
730,izanagi,coacAI,DRAW,DRAW,2000,0.5,0.5,0.0,0.0,0.0,0.0,0.0,0.0,maps/16x16/basesWorkers16x16.xml,42
731,coacAI,tiamat,WIN,coacAI,795,1.0,0.0,1.0,0.0,0.0,0.0,0.0,0.0,maps/16x16/basesWorkers16x16.xml,42
732,coacAI,tiamat,WIN,coacAI,1048,1.0,0.0,1.0,0.0,0.0,0.0,0.0,0.0,maps/16x16/basesWorkers16x16.xml,42
733,coacAI,tiamat,WIN,coacAI,825,1.0,0.0,1.0,0.0,0.0,0.0,0.0,0.0,maps/16x16/basesWorkers16x16.xml,42
734,coacAI,tiamat,WIN,coacAI,1135,1.0,0.0,1.0,0.0,0.0,0.0,0.0,0.0,maps/16x16/basesWorkers16x16.xml,42
735,coacAI,tiamat,WIN,coacAI,1416,1.0,0.0,1.0,0.0,0.0,0.0,0.0,0.0,maps/16x16/basesWorkers16x16.xml,42
736,tiamat,coacAI,LOSS,coacAI,775,0.0,1.0,-1.0,0.0,0.0,0.0,0.0,0.0,maps/16x16/basesWorkers16x16.xml,42
737,tiamat,coacAI,LOSS,coacAI,1585,0.0,1.0,-1.0,0.0,0.0,0.0,0.0,0.0,maps/16x16/basesWorkers16x16.xml,42
738,tiamat,coacAI,LOSS,coacAI,1700,0.0,1.0,-1.0,0.0,0.0,0.0,0.0,0.0,maps/16x16/basesWorkers16x16.xml,42
739,tiamat,coacAI,LOSS,coacAI,1439,0.0,1.0,-1.0,0.0,0.0,0.0,0.0,0.0,maps/16x16/basesWorkers16x16.xml,42
740,tiamat,coacAI,LOSS,coacAI,1822,0.0,1.0,-1.0,0.0,0.0,0.0,0.0,0.0,maps/16x16/basesWorkers16x16.xml,42
741,coacAI,droplet,LOSS,droplet,515,0.0,1.0,-1.0,0.0,0.0,0.0,0.0,0.0,maps/16x16/basesWorkers16x16.xml,42
742,coacAI,droplet,LOSS,droplet,455,0.0,1.0,-1.0,0.0,0.0,0.0,0.0,0.0,maps/16x16/basesWorkers16x16.xml,42
743,coacAI,droplet,LOSS,droplet,585,0.0,1.0,-1.0,0.0,0.0,0.0,0.0,0.0,maps/16x16/basesWorkers16x16.xml,42
744,coacAI,droplet,LOSS,droplet,425,0.0,1.0,-1.0,0.0,0.0,0.0,0.0,0.0,maps/16x16/basesWorkers16x16.xml,42
745,coacAI,droplet,LOSS,droplet,365,0.0,1.0,-1.0,0.0,0.0,0.0,0.0,0.0,maps/16x16/basesWorkers16x16.xml,42
746,droplet,coacAI,LOSS,coacAI,1125,0.0,1.0,-1.0,0.0,0.0,0.0,0.0,0.0,maps/16x16/basesWorkers16x16.xml,42
747,droplet,coacAI,LOSS,coacAI,755,0.0,1.0,-1.0,0.0,0.0,0.0,0.0,0.0,maps/16x16/basesWorkers16x16.xml,42
748,droplet,coacAI,LOSS,coacAI,1135,0.0,1.0,-1.0,0.0,0.0,0.0,0.0,0.0,maps/16x16/basesWorkers16x16.xml,42
749,droplet,coacAI,LOSS,coacAI,1135,0.0,1.0,-1.0,0.0,0.0,0.0,0.0,0.0,maps/16x16/basesWorkers16x16.xml,42
750,droplet,coacAI,LOSS,coacAI,825,0.0,1.0,-1.0,0.0,0.0,0.0,0.0,0.0,maps/16x16/basesWorkers16x16.xml,42
751,coacAI,guidedRojoA3N,WIN,coacAI,830,1.0,0.0,1.0,0.0,0.0,0.0,0.0,0.0,maps/16x16/basesWorkers16x16.xml,42
752,coacAI,guidedRojoA3N,WIN,coacAI,800,1.0,0.0,1.0,0.0,0.0,0.0,0.0,0.0,maps/16x16/basesWorkers16x16.xml,42
753,coacAI,guidedRojoA3N,WIN,coacAI,955,1.0,0.0,1.0,0.0,0.0,0.0,0.0,0.0,maps/16x16/basesWorkers16x16.xml,42
754,coacAI,guidedRojoA3N,WIN,coacAI,916,1.0,0.0,1.0,0.0,0.0,0.0,0.0,0.0,maps/16x16/basesWorkers16x16.xml,42
755,coacAI,guidedRojoA3N,WIN,coacAI,860,1.0,0.0,1.0,0.0,0.0,0.0,0.0,0.0,maps/16x16/basesWorkers16x16.xml,42
756,guidedRojoA3N,coacAI,LOSS,coacAI,842,0.0,1.0,-1.0,0.0,0.0,0.0,0.0,0.0,maps/16x16/basesWorkers16x16.xml,42
757,guidedRojoA3N,coacAI,LOSS,coacAI,996,0.0,1.0,-1.0,0.0,0.0,0.0,0.0,0.0,maps/16x16/basesWorkers16x16.xml,42
758,guidedRojoA3N,coacAI,LOSS,coacAI,1075,0.0,1.0,-1.0,0.0,0.0,0.0,0.0,0.0,maps/16x16/basesWorkers16x16.xml,42
759,guidedRojoA3N,coacAI,LOSS,coacAI,1035,0.0,1.0,-1.0,0.0,0.0,0.0,0.0,0.0,maps/16x16/basesWorkers16x16.xml,42
760,guidedRojoA3N,coacAI,LOSS,coacAI,855,0.0,1.0,-1.0,0.0,0.0,0.0,0.0,0.0,maps/16x16/basesWorkers16x16.xml,42
761,coacAI,naiveMCTSAI,WIN,coacAI,1405,1.0,0.0,1.0,0.0,0.0,0.0,0.0,0.0,maps/16x16/basesWorkers16x16.xml,42
762,coacAI,naiveMCTSAI,WIN,coacAI,1185,1.0,0.0,1.0,0.0,0.0,0.0,0.0,0.0,maps/16x16/basesWorkers16x16.xml,42
763,coacAI,naiveMCTSAI,WIN,coacAI,995,1.0,0.0,1.0,0.0,0.0,0.0,0.0,0.0,maps/16x16/basesWorkers16x16.xml,42
764,coacAI,naiveMCTSAI,WIN,coacAI,1445,1.0,0.0,1.0,0.0,0.0,0.0,0.0,0.0,maps/16x16/basesWorkers16x16.xml,42
765,coacAI,naiveMCTSAI,WIN,coacAI,1215,1.0,0.0,1.0,0.0,0.0,0.0,0.0,0.0,maps/16x16/basesWorkers16x16.xml,42
766,naiveMCTSAI,coacAI,LOSS,coacAI,1055,0.0,1.0,-1.0,0.0,0.0,0.0,0.0,0.0,maps/16x16/basesWorkers16x16.xml,42
767,naiveMCTSAI,coacAI,LOSS,coacAI,1155,0.0,1.0,-1.0,0.0,0.0,0.0,0.0,0.0,maps/16x16/basesWorkers16x16.xml,42
768,naiveMCTSAI,coacAI,LOSS,coacAI,950,0.0,1.0,-1.0,0.0,0.0,0.0,0.0,0.0,maps/16x16/basesWorkers16x16.xml,42
769,naiveMCTSAI,coacAI,LOSS,coacAI,1305,0.0,1.0,-1.0,0.0,0.0,0.0,0.0,0.0,maps/16x16/basesWorkers16x16.xml,42
770,naiveMCTSAI,coacAI,LOSS,coacAI,1265,0.0,1.0,-1.0,0.0,0.0,0.0,0.0,0.0,maps/16x16/basesWorkers16x16.xml,42
771,rojo,mayari,LOSS,mayari,1866,0.0,1.0,-1.0,0.0,0.0,0.0,0.0,0.0,maps/16x16/basesWorkers16x16.xml,42
772,rojo,mayari,LOSS,mayari,1210,0.0,1.0,-1.0,0.0,0.0,0.0,0.0,0.0,maps/16x16/basesWorkers16x16.xml,42
773,rojo,mayari,LOSS,mayari,1382,0.0,1.0,-1.0,0.0,0.0,0.0,0.0,0.0,maps/16x16/basesWorkers16x16.xml,42
774,rojo,mayari,LOSS,mayari,1065,0.0,1.0,-1.0,0.0,0.0,0.0,0.0,0.0,maps/16x16/basesWorkers16x16.xml,42
775,rojo,mayari,LOSS,mayari,1350,0.0,1.0,-1.0,0.0,0.0,0.0,0.0,0.0,maps/16x16/basesWorkers16x16.xml,42
776,mayari,rojo,WIN,mayari,1540,1.0,0.0,1.0,0.0,0.0,0.0,0.0,0.0,maps/16x16/basesWorkers16x16.xml,42
777,mayari,rojo,WIN,mayari,1220,1.0,0.0,1.0,0.0,0.0,0.0,0.0,0.0,maps/16x16/basesWorkers16x16.xml,42
778,mayari,rojo,WIN,mayari,1355,1.0,0.0,1.0,0.0,0.0,0.0,0.0,0.0,maps/16x16/basesWorkers16x16.xml,42
779,mayari,rojo,WIN,mayari,1207,1.0,0.0,1.0,0.0,0.0,0.0,0.0,0.0,maps/16x16/basesWorkers16x16.xml,42
780,mayari,rojo,WIN,mayari,1675,1.0,0.0,1.0,0.0,0.0,0.0,0.0,0.0,maps/16x16/basesWorkers16x16.xml,42
781,rojo,mixedBot,LOSS,mixedBot,779,0.0,1.0,-1.0,0.0,0.0,0.0,0.0,0.0,maps/16x16/basesWorkers16x16.xml,42
782,rojo,mixedBot,LOSS,mixedBot,829,0.0,1.0,-1.0,0.0,0.0,0.0,0.0,0.0,maps/16x16/basesWorkers16x16.xml,42
783,rojo,mixedBot,LOSS,mixedBot,864,0.0,1.0,-1.0,0.0,0.0,0.0,0.0,0.0,maps/16x16/basesWorkers16x16.xml,42
784,rojo,mixedBot,LOSS,mixedBot,920,0.0,1.0,-1.0,0.0,0.0,0.0,0.0,0.0,maps/16x16/basesWorkers16x16.xml,42
785,rojo,mixedBot,LOSS,mixedBot,980,0.0,1.0,-1.0,0.0,0.0,0.0,0.0,0.0,maps/16x16/basesWorkers16x16.xml,42
786,mixedBot,rojo,WIN,mixedBot,844,1.0,0.0,1.0,0.0,0.0,0.0,0.0,0.0,maps/16x16/basesWorkers16x16.xml,42
787,mixedBot,rojo,WIN,mixedBot,769,1.0,0.0,1.0,0.0,0.0,0.0,0.0,0.0,maps/16x16/basesWorkers16x16.xml,42
788,mixedBot,rojo,WIN,mixedBot,1153,1.0,0.0,1.0,0.0,0.0,0.0,0.0,0.0,maps/16x16/basesWorkers16x16.xml,42
789,mixedBot,rojo,WIN,mixedBot,1079,1.0,0.0,1.0,0.0,0.0,0.0,0.0,0.0,maps/16x16/basesWorkers16x16.xml,42
790,mixedBot,rojo,WIN,mixedBot,815,1.0,0.0,1.0,0.0,0.0,0.0,0.0,0.0,maps/16x16/basesWorkers16x16.xml,42
791,rojo,izanagi,LOSS,izanagi,835,0.0,1.0,-1.0,0.0,0.0,0.0,0.0,0.0,maps/16x16/basesWorkers16x16.xml,42
792,rojo,izanagi,LOSS,izanagi,944,0.0,1.0,-1.0,0.0,0.0,0.0,0.0,0.0,maps/16x16/basesWorkers16x16.xml,42
793,rojo,izanagi,LOSS,izanagi,935,0.0,1.0,-1.0,0.0,0.0,0.0,0.0,0.0,maps/16x16/basesWorkers16x16.xml,42
794,rojo,izanagi,LOSS,izanagi,973,0.0,1.0,-1.0,0.0,0.0,0.0,0.0,0.0,maps/16x16/basesWorkers16x16.xml,42
795,rojo,izanagi,LOSS,izanagi,973,0.0,1.0,-1.0,0.0,0.0,0.0,0.0,0.0,maps/16x16/basesWorkers16x16.xml,42
796,izanagi,rojo,WIN,izanagi,900,1.0,0.0,1.0,0.0,0.0,0.0,0.0,0.0,maps/16x16/basesWorkers16x16.xml,42
797,izanagi,rojo,WIN,izanagi,855,1.0,0.0,1.0,0.0,0.0,0.0,0.0,0.0,maps/16x16/basesWorkers16x16.xml,42
798,izanagi,rojo,WIN,izanagi,948,1.0,0.0,1.0,0.0,0.0,0.0,0.0,0.0,maps/16x16/basesWorkers16x16.xml,42
799,izanagi,rojo,WIN,izanagi,948,1.0,0.0,1.0,0.0,0.0,0.0,0.0,0.0,maps/16x16/basesWorkers16x16.xml,42
800,izanagi,rojo,WIN,izanagi,948,1.0,0.0,1.0,0.0,0.0,0.0,0.0,0.0,maps/16x16/basesWorkers16x16.xml,42
801,rojo,tiamat,LOSS,tiamat,968,0.0,1.0,-1.0,0.0,0.0,0.0,0.0,0.0,maps/16x16/basesWorkers16x16.xml,42
802,rojo,tiamat,LOSS,tiamat,965,0.0,1.0,-1.0,0.0,0.0,0.0,0.0,0.0,maps/16x16/basesWorkers16x16.xml,42
803,rojo,tiamat,LOSS,tiamat,968,0.0,1.0,-1.0,0.0,0.0,0.0,0.0,0.0,maps/16x16/basesWorkers16x16.xml,42
804,rojo,tiamat,LOSS,tiamat,908,0.0,1.0,-1.0,0.0,0.0,0.0,0.0,0.0,maps/16x16/basesWorkers16x16.xml,42
805,rojo,tiamat,LOSS,tiamat,1209,0.0,1.0,-1.0,0.0,0.0,0.0,0.0,0.0,maps/16x16/basesWorkers16x16.xml,42
806,tiamat,rojo,WIN,tiamat,925,1.0,0.0,1.0,0.0,0.0,0.0,1.0,0.0,maps/16x16/basesWorkers16x16.xml,42
807,tiamat,rojo,WIN,tiamat,945,1.0,0.0,1.0,0.0,0.0,0.0,0.0,0.0,maps/16x16/basesWorkers16x16.xml,42
808,tiamat,rojo,WIN,tiamat,910,1.0,0.0,1.0,0.0,0.0,0.0,0.0,0.0,maps/16x16/basesWorkers16x16.xml,42
809,tiamat,rojo,WIN,tiamat,1018,1.0,0.0,1.0,0.0,0.0,0.0,0.0,0.0,maps/16x16/basesWorkers16x16.xml,42
810,tiamat,rojo,WIN,tiamat,768,1.0,0.0,1.0,0.0,0.0,0.0,0.0,0.0,maps/16x16/basesWorkers16x16.xml,42
811,rojo,droplet,DRAW,DRAW,2000,0.5,0.5,0.0,0.0,0.0,0.0,0.0,0.0,maps/16x16/basesWorkers16x16.xml,42
812,rojo,droplet,DRAW,DRAW,2000,0.5,0.5,0.0,0.0,0.0,0.0,0.0,0.0,maps/16x16/basesWorkers16x16.xml,42
813,rojo,droplet,DRAW,DRAW,2000,0.5,0.5,0.0,0.0,0.0,0.0,0.0,0.0,maps/16x16/basesWorkers16x16.xml,42
814,rojo,droplet,DRAW,DRAW,2000,0.5,0.5,0.0,0.0,0.0,0.0,0.0,0.0,maps/16x16/basesWorkers16x16.xml,42
815,rojo,droplet,DRAW,DRAW,2000,0.5,0.5,0.0,0.0,0.0,0.0,0.0,0.0,maps/16x16/basesWorkers16x16.xml,42
816,droplet,rojo,DRAW,DRAW,2000,0.5,0.5,0.0,0.0,0.0,0.0,0.0,0.0,maps/16x16/basesWorkers16x16.xml,42
817,droplet,rojo,DRAW,DRAW,2000,0.5,0.5,0.0,0.0,0.0,0.0,0.0,0.0,maps/16x16/basesWorkers16x16.xml,42
818,droplet,rojo,LOSS,rojo,1890,0.0,1.0,-1.0,0.0,0.0,0.0,0.0,0.0,maps/16x16/basesWorkers16x16.xml,42
819,droplet,rojo,DRAW,DRAW,2000,0.5,0.5,0.0,0.0,0.0,0.0,0.0,0.0,maps/16x16/basesWorkers16x16.xml,42
820,droplet,rojo,LOSS,rojo,1975,0.0,1.0,-1.0,0.0,0.0,0.0,0.0,0.0,maps/16x16/basesWorkers16x16.xml,42
821,rojo,guidedRojoA3N,LOSS,guidedRojoA3N,1635,0.0,1.0,-1.0,0.0,0.0,0.0,0.0,0.0,maps/16x16/basesWorkers16x16.xml,42
822,rojo,guidedRojoA3N,DRAW,DRAW,2000,0.5,0.5,0.0,0.0,0.0,0.0,0.0,0.0,maps/16x16/basesWorkers16x16.xml,42
823,rojo,guidedRojoA3N,DRAW,DRAW,2000,0.5,0.5,0.0,0.0,0.0,0.0,0.0,0.0,maps/16x16/basesWorkers16x16.xml,42
824,rojo,guidedRojoA3N,DRAW,DRAW,2000,0.5,0.5,0.0,0.0,0.0,0.0,0.0,0.0,maps/16x16/basesWorkers16x16.xml,42
825,rojo,guidedRojoA3N,DRAW,DRAW,2000,0.5,0.5,0.0,0.0,0.0,0.0,0.0,0.0,maps/16x16/basesWorkers16x16.xml,42
826,guidedRojoA3N,rojo,DRAW,DRAW,2000,0.5,0.5,0.0,0.0,0.0,0.0,0.0,0.0,maps/16x16/basesWorkers16x16.xml,42
827,guidedRojoA3N,rojo,WIN,guidedRojoA3N,1366,1.0,0.0,1.0,0.0,0.0,0.0,0.0,0.0,maps/16x16/basesWorkers16x16.xml,42
828,guidedRojoA3N,rojo,DRAW,DRAW,2000,0.5,0.5,0.0,0.0,0.0,0.0,0.0,0.0,maps/16x16/basesWorkers16x16.xml,42
829,guidedRojoA3N,rojo,DRAW,DRAW,2000,0.5,0.5,0.0,0.0,0.0,0.0,0.0,0.0,maps/16x16/basesWorkers16x16.xml,42
830,guidedRojoA3N,rojo,DRAW,DRAW,2000,0.5,0.5,0.0,0.0,0.0,0.0,0.0,0.0,maps/16x16/basesWorkers16x16.xml,42
831,rojo,naiveMCTSAI,DRAW,DRAW,2000,0.5,0.5,0.0,0.0,0.0,0.0,0.0,0.0,maps/16x16/basesWorkers16x16.xml,42
832,rojo,naiveMCTSAI,DRAW,DRAW,2000,0.5,0.5,0.0,0.0,0.0,0.0,0.0,0.0,maps/16x16/basesWorkers16x16.xml,42
833,rojo,naiveMCTSAI,DRAW,DRAW,2000,0.5,0.5,0.0,0.0,0.0,0.0,0.0,0.0,maps/16x16/basesWorkers16x16.xml,42
834,rojo,naiveMCTSAI,DRAW,DRAW,2000,0.5,0.5,0.0,0.0,0.0,0.0,0.0,0.0,maps/16x16/basesWorkers16x16.xml,42
835,rojo,naiveMCTSAI,DRAW,DRAW,2000,0.5,0.5,0.0,0.0,0.0,0.0,0.0,0.0,maps/16x16/basesWorkers16x16.xml,42
836,naiveMCTSAI,rojo,DRAW,DRAW,2000,0.5,0.5,0.0,0.0,0.0,0.0,0.0,0.0,maps/16x16/basesWorkers16x16.xml,42
837,naiveMCTSAI,rojo,DRAW,DRAW,2000,0.5,0.5,0.0,0.0,0.0,0.0,0.0,0.0,maps/16x16/basesWorkers16x16.xml,42
838,naiveMCTSAI,rojo,DRAW,DRAW,2000,0.5,0.5,0.0,0.0,0.0,0.0,0.0,0.0,maps/16x16/basesWorkers16x16.xml,42
839,naiveMCTSAI,rojo,DRAW,DRAW,2000,0.5,0.5,0.0,0.0,0.0,0.0,0.0,0.0,maps/16x16/basesWorkers16x16.xml,42
840,naiveMCTSAI,rojo,DRAW,DRAW,2000,0.5,0.5,0.0,0.0,0.0,0.0,0.0,0.0,maps/16x16/basesWorkers16x16.xml,42
841,mayari,mixedBot,WIN,mayari,1279,1.0,0.0,1.0,0.0,0.0,0.0,0.0,0.0,maps/16x16/basesWorkers16x16.xml,42
842,mayari,mixedBot,DRAW,DRAW,2000,0.5,0.5,0.0,0.0,0.0,0.0,0.0,0.0,maps/16x16/basesWorkers16x16.xml,42
843,mayari,mixedBot,DRAW,DRAW,2000,0.5,0.5,0.0,0.0,0.0,0.0,0.0,0.0,maps/16x16/basesWorkers16x16.xml,42
844,mayari,mixedBot,LOSS,mixedBot,1044,0.0,1.0,-1.0,0.0,0.0,0.0,0.0,0.0,maps/16x16/basesWorkers16x16.xml,42
845,mayari,mixedBot,LOSS,mixedBot,973,0.0,1.0,-1.0,0.0,0.0,0.0,0.0,0.0,maps/16x16/basesWorkers16x16.xml,42
846,mixedBot,mayari,WIN,mixedBot,1035,1.0,0.0,1.0,0.0,0.0,0.0,0.0,0.0,maps/16x16/basesWorkers16x16.xml,42
847,mixedBot,mayari,LOSS,mayari,1107,0.0,1.0,-1.0,0.0,0.0,0.0,0.0,0.0,maps/16x16/basesWorkers16x16.xml,42
848,mixedBot,mayari,WIN,mixedBot,1220,1.0,0.0,1.0,0.0,0.0,0.0,0.0,0.0,maps/16x16/basesWorkers16x16.xml,42
849,mixedBot,mayari,WIN,mixedBot,940,1.0,0.0,1.0,0.0,0.0,0.0,0.0,0.0,maps/16x16/basesWorkers16x16.xml,42
850,mixedBot,mayari,LOSS,mayari,1930,0.0,1.0,-1.0,0.0,0.0,0.0,0.0,0.0,maps/16x16/basesWorkers16x16.xml,42
851,mayari,izanagi,WIN,mayari,1918,1.0,0.0,1.0,0.0,0.0,0.0,0.0,0.0,maps/16x16/basesWorkers16x16.xml,42
852,mayari,izanagi,LOSS,izanagi,917,0.0,1.0,-1.0,0.0,0.0,0.0,0.0,0.0,maps/16x16/basesWorkers16x16.xml,42
853,mayari,izanagi,LOSS,izanagi,1293,0.0,1.0,-1.0,0.0,0.0,0.0,0.0,0.0,maps/16x16/basesWorkers16x16.xml,42
854,mayari,izanagi,LOSS,izanagi,1457,0.0,1.0,-1.0,0.0,0.0,0.0,0.0,0.0,maps/16x16/basesWorkers16x16.xml,42
855,mayari,izanagi,LOSS,izanagi,1220,0.0,1.0,-1.0,0.0,0.0,0.0,0.0,0.0,maps/16x16/basesWorkers16x16.xml,42
856,izanagi,mayari,LOSS,mayari,1206,0.0,1.0,-1.0,0.0,0.0,0.0,0.0,0.0,maps/16x16/basesWorkers16x16.xml,42
857,izanagi,mayari,WIN,izanagi,1231,1.0,0.0,1.0,0.0,0.0,0.0,0.0,0.0,maps/16x16/basesWorkers16x16.xml,42
858,izanagi,mayari,LOSS,mayari,1206,0.0,1.0,-1.0,0.0,0.0,0.0,0.0,0.0,maps/16x16/basesWorkers16x16.xml,42
859,izanagi,mayari,WIN,izanagi,1396,1.0,0.0,1.0,0.0,0.0,0.0,0.0,0.0,maps/16x16/basesWorkers16x16.xml,42
860,izanagi,mayari,LOSS,mayari,1206,0.0,1.0,-1.0,0.0,0.0,0.0,0.0,0.0,maps/16x16/basesWorkers16x16.xml,42
861,mayari,tiamat,WIN,mayari,897,1.0,0.0,1.0,0.0,0.0,0.0,0.0,0.0,maps/16x16/basesWorkers16x16.xml,42
862,mayari,tiamat,WIN,mayari,829,1.0,0.0,1.0,0.0,0.0,0.0,0.0,0.0,maps/16x16/basesWorkers16x16.xml,42
863,mayari,tiamat,WIN,mayari,812,1.0,0.0,1.0,0.0,0.0,0.0,0.0,0.0,maps/16x16/basesWorkers16x16.xml,42
864,mayari,tiamat,WIN,mayari,1187,1.0,0.0,1.0,0.0,0.0,0.0,0.0,0.0,maps/16x16/basesWorkers16x16.xml,42
865,mayari,tiamat,WIN,mayari,1137,1.0,0.0,1.0,0.0,0.0,0.0,0.0,0.0,maps/16x16/basesWorkers16x16.xml,42
866,tiamat,mayari,LOSS,mayari,1295,0.0,1.0,-1.0,0.0,0.0,0.0,0.0,0.0,maps/16x16/basesWorkers16x16.xml,42
867,tiamat,mayari,LOSS,mayari,956,0.0,1.0,-1.0,0.0,0.0,0.0,0.0,0.0,maps/16x16/basesWorkers16x16.xml,42
868,tiamat,mayari,LOSS,mayari,1143,0.0,1.0,-1.0,0.0,0.0,0.0,0.0,0.0,maps/16x16/basesWorkers16x16.xml,42
869,tiamat,mayari,LOSS,mayari,831,0.0,1.0,-1.0,0.0,0.0,0.0,0.0,0.0,maps/16x16/basesWorkers16x16.xml,42
870,tiamat,mayari,LOSS,mayari,1172,0.0,1.0,-1.0,0.0,0.0,0.0,0.0,0.0,maps/16x16/basesWorkers16x16.xml,42
871,mayari,droplet,WIN,mayari,850,1.0,0.0,1.0,0.0,0.0,0.0,0.0,0.0,maps/16x16/basesWorkers16x16.xml,42
872,mayari,droplet,WIN,mayari,1243,1.0,0.0,1.0,0.0,0.0,0.0,0.0,0.0,maps/16x16/basesWorkers16x16.xml,42
873,mayari,droplet,WIN,mayari,885,1.0,0.0,1.0,0.0,0.0,0.0,0.0,0.0,maps/16x16/basesWorkers16x16.xml,42
874,mayari,droplet,WIN,mayari,1155,1.0,0.0,1.0,0.0,0.0,0.0,0.0,0.0,maps/16x16/basesWorkers16x16.xml,42
875,mayari,droplet,WIN,mayari,765,1.0,0.0,1.0,0.0,0.0,0.0,0.0,0.0,maps/16x16/basesWorkers16x16.xml,42
876,droplet,mayari,LOSS,mayari,1435,0.0,1.0,-1.0,0.0,0.0,0.0,0.0,0.0,maps/16x16/basesWorkers16x16.xml,42
877,droplet,mayari,LOSS,mayari,1165,0.0,1.0,-1.0,0.0,0.0,0.0,0.0,0.0,maps/16x16/basesWorkers16x16.xml,42
878,droplet,mayari,WIN,droplet,1085,1.0,0.0,1.0,0.0,0.0,0.0,0.0,0.0,maps/16x16/basesWorkers16x16.xml,42
879,droplet,mayari,LOSS,mayari,1205,0.0,1.0,-1.0,0.0,0.0,0.0,0.0,0.0,maps/16x16/basesWorkers16x16.xml,42
880,droplet,mayari,LOSS,mayari,1115,0.0,1.0,-1.0,0.0,0.0,0.0,0.0,0.0,maps/16x16/basesWorkers16x16.xml,42
881,mayari,guidedRojoA3N,WIN,mayari,1902,1.0,0.0,1.0,0.0,0.0,0.0,0.0,0.0,maps/16x16/basesWorkers16x16.xml,42
882,mayari,guidedRojoA3N,WIN,mayari,1362,1.0,0.0,1.0,0.0,0.0,0.0,0.0,0.0,maps/16x16/basesWorkers16x16.xml,42
883,mayari,guidedRojoA3N,WIN,mayari,960,1.0,0.0,1.0,0.0,0.0,0.0,0.0,0.0,maps/16x16/basesWorkers16x16.xml,42
884,mayari,guidedRojoA3N,WIN,mayari,1247,1.0,0.0,1.0,0.0,0.0,0.0,0.0,0.0,maps/16x16/basesWorkers16x16.xml,42
885,mayari,guidedRojoA3N,WIN,mayari,1383,1.0,0.0,1.0,0.0,0.0,0.0,0.0,0.0,maps/16x16/basesWorkers16x16.xml,42
886,guidedRojoA3N,mayari,LOSS,mayari,1439,0.0,1.0,-1.0,0.0,0.0,0.0,0.0,0.0,maps/16x16/basesWorkers16x16.xml,42
887,guidedRojoA3N,mayari,LOSS,mayari,1936,0.0,1.0,-1.0,0.0,0.0,0.0,0.0,0.0,maps/16x16/basesWorkers16x16.xml,42
888,guidedRojoA3N,mayari,LOSS,mayari,1388,0.0,1.0,-1.0,0.0,0.0,0.0,0.0,0.0,maps/16x16/basesWorkers16x16.xml,42
889,guidedRojoA3N,mayari,LOSS,mayari,1439,0.0,1.0,-1.0,0.0,0.0,0.0,0.0,0.0,maps/16x16/basesWorkers16x16.xml,42
890,guidedRojoA3N,mayari,LOSS,mayari,1886,0.0,1.0,-1.0,0.0,0.0,0.0,0.0,0.0,maps/16x16/basesWorkers16x16.xml,42
891,mayari,naiveMCTSAI,WIN,mayari,1945,1.0,0.0,1.0,0.0,0.0,0.0,0.0,0.0,maps/16x16/basesWorkers16x16.xml,42
892,mayari,naiveMCTSAI,WIN,mayari,1345,1.0,0.0,1.0,0.0,0.0,0.0,0.0,0.0,maps/16x16/basesWorkers16x16.xml,42
893,mayari,naiveMCTSAI,WIN,mayari,1245,1.0,0.0,1.0,1.0,0.0,0.0,0.0,0.0,maps/16x16/basesWorkers16x16.xml,42
894,mayari,naiveMCTSAI,WIN,mayari,998,1.0,0.0,1.0,0.0,0.0,0.0,0.0,0.0,maps/16x16/basesWorkers16x16.xml,42
895,mayari,naiveMCTSAI,WIN,mayari,1499,1.0,0.0,1.0,0.0,0.0,0.0,0.0,0.0,maps/16x16/basesWorkers16x16.xml,42
896,naiveMCTSAI,mayari,DRAW,DRAW,2000,0.5,0.5,0.0,0.0,0.0,0.0,0.0,0.0,maps/16x16/basesWorkers16x16.xml,42
897,naiveMCTSAI,mayari,DRAW,DRAW,2000,0.5,0.5,0.0,0.0,0.0,0.0,0.0,0.0,maps/16x16/basesWorkers16x16.xml,42
898,naiveMCTSAI,mayari,LOSS,mayari,1470,0.0,1.0,-1.0,0.0,0.0,0.0,0.0,0.0,maps/16x16/basesWorkers16x16.xml,42
899,naiveMCTSAI,mayari,DRAW,DRAW,2000,0.5,0.5,0.0,0.0,0.0,0.0,0.0,0.0,maps/16x16/basesWorkers16x16.xml,42
900,naiveMCTSAI,mayari,DRAW,DRAW,2000,0.5,0.5,0.0,0.0,0.0,0.0,0.0,0.0,maps/16x16/basesWorkers16x16.xml,42
901,mixedBot,izanagi,LOSS,izanagi,867,0.0,1.0,-1.0,0.0,0.0,0.0,0.0,0.0,maps/16x16/basesWorkers16x16.xml,42
902,mixedBot,izanagi,LOSS,izanagi,1820,0.0,1.0,-1.0,0.0,0.0,0.0,0.0,0.0,maps/16x16/basesWorkers16x16.xml,42
903,mixedBot,izanagi,DRAW,DRAW,2000,0.5,0.5,0.0,0.0,0.0,0.0,0.0,0.0,maps/16x16/basesWorkers16x16.xml,42
904,mixedBot,izanagi,WIN,mixedBot,891,1.0,0.0,1.0,1.0,0.0,0.0,0.0,0.0,maps/16x16/basesWorkers16x16.xml,42
905,mixedBot,izanagi,LOSS,izanagi,985,0.0,1.0,-1.0,0.0,0.0,0.0,0.0,0.0,maps/16x16/basesWorkers16x16.xml,42
906,izanagi,mixedBot,WIN,izanagi,1116,1.0,0.0,1.0,0.0,0.0,0.0,0.0,0.0,maps/16x16/basesWorkers16x16.xml,42
907,izanagi,mixedBot,LOSS,mixedBot,1612,0.0,1.0,-1.0,0.0,0.0,0.0,0.0,0.0,maps/16x16/basesWorkers16x16.xml,42
908,izanagi,mixedBot,WIN,izanagi,1493,1.0,0.0,1.0,0.0,0.0,0.0,0.0,0.0,maps/16x16/basesWorkers16x16.xml,42
909,izanagi,mixedBot,WIN,izanagi,1138,1.0,0.0,1.0,0.0,0.0,0.0,0.0,0.0,maps/16x16/basesWorkers16x16.xml,42
910,izanagi,mixedBot,WIN,izanagi,1321,1.0,0.0,1.0,1.0,0.0,0.0,0.0,0.0,maps/16x16/basesWorkers16x16.xml,42
911,mixedBot,tiamat,WIN,mixedBot,1125,1.0,0.0,1.0,0.0,0.0,0.0,0.0,0.0,maps/16x16/basesWorkers16x16.xml,42
912,mixedBot,tiamat,LOSS,tiamat,1316,0.0,1.0,-1.0,0.0,0.0,0.0,1.0,0.0,maps/16x16/basesWorkers16x16.xml,42
913,mixedBot,tiamat,WIN,mixedBot,885,1.0,0.0,1.0,0.0,0.0,0.0,0.0,0.0,maps/16x16/basesWorkers16x16.xml,42
914,mixedBot,tiamat,WIN,mixedBot,1486,1.0,0.0,1.0,0.0,0.0,0.0,0.0,0.0,maps/16x16/basesWorkers16x16.xml,42
915,mixedBot,tiamat,WIN,mixedBot,750,1.0,0.0,1.0,0.0,0.0,0.0,0.0,0.0,maps/16x16/basesWorkers16x16.xml,42
916,tiamat,mixedBot,WIN,tiamat,785,1.0,0.0,1.0,0.0,0.0,0.0,0.0,0.0,maps/16x16/basesWorkers16x16.xml,42
917,tiamat,mixedBot,LOSS,mixedBot,949,0.0,1.0,-1.0,0.0,0.0,0.0,0.0,0.0,maps/16x16/basesWorkers16x16.xml,42
918,tiamat,mixedBot,LOSS,mixedBot,1093,0.0,1.0,-1.0,0.0,0.0,0.0,0.0,0.0,maps/16x16/basesWorkers16x16.xml,42
919,tiamat,mixedBot,LOSS,mixedBot,722,0.0,1.0,-1.0,0.0,0.0,0.0,0.0,0.0,maps/16x16/basesWorkers16x16.xml,42
920,tiamat,mixedBot,WIN,tiamat,1782,1.0,0.0,1.0,0.0,0.0,0.0,0.0,0.0,maps/16x16/basesWorkers16x16.xml,42
921,mixedBot,droplet,LOSS,droplet,375,0.0,1.0,-1.0,0.0,0.0,0.0,0.0,0.0,maps/16x16/basesWorkers16x16.xml,42
922,mixedBot,droplet,LOSS,droplet,365,0.0,1.0,-1.0,0.0,0.0,0.0,0.0,0.0,maps/16x16/basesWorkers16x16.xml,42
923,mixedBot,droplet,LOSS,droplet,355,0.0,1.0,-1.0,0.0,0.0,0.0,0.0,0.0,maps/16x16/basesWorkers16x16.xml,42
924,mixedBot,droplet,LOSS,droplet,355,0.0,1.0,-1.0,0.0,0.0,0.0,0.0,0.0,maps/16x16/basesWorkers16x16.xml,42
925,mixedBot,droplet,LOSS,droplet,365,0.0,1.0,-1.0,0.0,0.0,0.0,0.0,0.0,maps/16x16/basesWorkers16x16.xml,42
926,droplet,mixedBot,WIN,droplet,505,1.0,0.0,1.0,0.0,0.0,0.0,0.0,0.0,maps/16x16/basesWorkers16x16.xml,42
927,droplet,mixedBot,WIN,droplet,360,1.0,0.0,1.0,0.0,0.0,0.0,0.0,0.0,maps/16x16/basesWorkers16x16.xml,42
928,droplet,mixedBot,LOSS,mixedBot,867,0.0,1.0,-1.0,0.0,0.0,0.0,0.0,0.0,maps/16x16/basesWorkers16x16.xml,42
929,droplet,mixedBot,WIN,droplet,435,1.0,0.0,1.0,0.0,0.0,0.0,0.0,0.0,maps/16x16/basesWorkers16x16.xml,42
930,droplet,mixedBot,WIN,droplet,340,1.0,0.0,1.0,0.0,0.0,0.0,0.0,0.0,maps/16x16/basesWorkers16x16.xml,42
931,mixedBot,guidedRojoA3N,WIN,mixedBot,832,1.0,0.0,1.0,0.0,0.0,0.0,0.0,0.0,maps/16x16/basesWorkers16x16.xml,42
932,mixedBot,guidedRojoA3N,WIN,mixedBot,734,1.0,0.0,1.0,0.0,0.0,0.0,0.0,0.0,maps/16x16/basesWorkers16x16.xml,42
933,mixedBot,guidedRojoA3N,WIN,mixedBot,865,1.0,0.0,1.0,0.0,0.0,0.0,0.0,0.0,maps/16x16/basesWorkers16x16.xml,42
934,mixedBot,guidedRojoA3N,WIN,mixedBot,934,1.0,0.0,1.0,0.0,0.0,0.0,0.0,0.0,maps/16x16/basesWorkers16x16.xml,42
935,mixedBot,guidedRojoA3N,WIN,mixedBot,1093,1.0,0.0,1.0,0.0,0.0,0.0,0.0,0.0,maps/16x16/basesWorkers16x16.xml,42
936,guidedRojoA3N,mixedBot,LOSS,mixedBot,1414,0.0,1.0,-1.0,0.0,0.0,0.0,0.0,0.0,maps/16x16/basesWorkers16x16.xml,42
937,guidedRojoA3N,mixedBot,LOSS,mixedBot,876,0.0,1.0,-1.0,0.0,0.0,0.0,0.0,0.0,maps/16x16/basesWorkers16x16.xml,42
938,guidedRojoA3N,mixedBot,LOSS,mixedBot,895,0.0,1.0,-1.0,0.0,0.0,0.0,0.0,0.0,maps/16x16/basesWorkers16x16.xml,42
939,guidedRojoA3N,mixedBot,LOSS,mixedBot,966,0.0,1.0,-1.0,0.0,0.0,0.0,0.0,0.0,maps/16x16/basesWorkers16x16.xml,42
940,guidedRojoA3N,mixedBot,LOSS,mixedBot,686,0.0,1.0,-1.0,0.0,0.0,0.0,1.0,0.0,maps/16x16/basesWorkers16x16.xml,42
941,mixedBot,naiveMCTSAI,WIN,mixedBot,869,1.0,0.0,1.0,0.0,0.0,0.0,0.0,0.0,maps/16x16/basesWorkers16x16.xml,42
942,mixedBot,naiveMCTSAI,WIN,mixedBot,869,1.0,0.0,1.0,0.0,0.0,0.0,0.0,0.0,maps/16x16/basesWorkers16x16.xml,42
943,mixedBot,naiveMCTSAI,WIN,mixedBot,1095,1.0,0.0,1.0,0.0,0.0,0.0,0.0,0.0,maps/16x16/basesWorkers16x16.xml,42
944,mixedBot,naiveMCTSAI,WIN,mixedBot,1537,1.0,0.0,1.0,0.0,0.0,0.0,0.0,0.0,maps/16x16/basesWorkers16x16.xml,42
945,mixedBot,naiveMCTSAI,WIN,mixedBot,1145,1.0,0.0,1.0,0.0,0.0,0.0,0.0,0.0,maps/16x16/basesWorkers16x16.xml,42
946,naiveMCTSAI,mixedBot,LOSS,mixedBot,1351,0.0,1.0,-1.0,0.0,0.0,0.0,0.0,0.0,maps/16x16/basesWorkers16x16.xml,42
947,naiveMCTSAI,mixedBot,LOSS,mixedBot,1523,0.0,1.0,-1.0,0.0,0.0,0.0,0.0,0.0,maps/16x16/basesWorkers16x16.xml,42
948,naiveMCTSAI,mixedBot,LOSS,mixedBot,875,0.0,1.0,-1.0,0.0,0.0,0.0,0.0,0.0,maps/16x16/basesWorkers16x16.xml,42
949,naiveMCTSAI,mixedBot,LOSS,mixedBot,1628,0.0,1.0,-1.0,0.0,0.0,0.0,0.0,0.0,maps/16x16/basesWorkers16x16.xml,42
950,naiveMCTSAI,mixedBot,LOSS,mixedBot,1448,0.0,1.0,-1.0,0.0,0.0,0.0,0.0,0.0,maps/16x16/basesWorkers16x16.xml,42
951,izanagi,tiamat,WIN,izanagi,846,1.0,0.0,1.0,0.0,0.0,0.0,0.0,0.0,maps/16x16/basesWorkers16x16.xml,42
952,izanagi,tiamat,WIN,izanagi,985,1.0,0.0,1.0,0.0,0.0,0.0,0.0,0.0,maps/16x16/basesWorkers16x16.xml,42
953,izanagi,tiamat,WIN,izanagi,755,1.0,0.0,1.0,0.0,0.0,0.0,0.0,0.0,maps/16x16/basesWorkers16x16.xml,42
954,izanagi,tiamat,WIN,izanagi,846,1.0,0.0,1.0,0.0,0.0,0.0,0.0,0.0,maps/16x16/basesWorkers16x16.xml,42
955,izanagi,tiamat,WIN,izanagi,898,1.0,0.0,1.0,0.0,0.0,0.0,0.0,0.0,maps/16x16/basesWorkers16x16.xml,42
956,tiamat,izanagi,LOSS,izanagi,798,0.0,1.0,-1.0,0.0,0.0,0.0,0.0,0.0,maps/16x16/basesWorkers16x16.xml,42
957,tiamat,izanagi,LOSS,izanagi,1103,0.0,1.0,-1.0,0.0,0.0,0.0,0.0,0.0,maps/16x16/basesWorkers16x16.xml,42
958,tiamat,izanagi,LOSS,izanagi,942,0.0,1.0,-1.0,0.0,0.0,0.0,0.0,0.0,maps/16x16/basesWorkers16x16.xml,42
959,tiamat,izanagi,LOSS,izanagi,1026,0.0,1.0,-1.0,0.0,0.0,0.0,0.0,0.0,maps/16x16/basesWorkers16x16.xml,42
960,tiamat,izanagi,LOSS,izanagi,1728,0.0,1.0,-1.0,0.0,0.0,0.0,0.0,0.0,maps/16x16/basesWorkers16x16.xml,42
961,izanagi,droplet,LOSS,droplet,425,0.0,1.0,-1.0,0.0,0.0,0.0,0.0,0.0,maps/16x16/basesWorkers16x16.xml,42
962,izanagi,droplet,LOSS,droplet,380,0.0,1.0,-1.0,0.0,0.0,0.0,0.0,0.0,maps/16x16/basesWorkers16x16.xml,42
963,izanagi,droplet,LOSS,droplet,385,0.0,1.0,-1.0,0.0,0.0,0.0,0.0,0.0,maps/16x16/basesWorkers16x16.xml,42
964,izanagi,droplet,LOSS,droplet,635,0.0,1.0,-1.0,0.0,0.0,0.0,0.0,0.0,maps/16x16/basesWorkers16x16.xml,42
965,izanagi,droplet,LOSS,droplet,405,0.0,1.0,-1.0,0.0,0.0,0.0,0.0,0.0,maps/16x16/basesWorkers16x16.xml,42
966,droplet,izanagi,WIN,droplet,415,1.0,0.0,1.0,0.0,0.0,0.0,0.0,0.0,maps/16x16/basesWorkers16x16.xml,42
967,droplet,izanagi,WIN,droplet,375,1.0,0.0,1.0,0.0,0.0,0.0,0.0,0.0,maps/16x16/basesWorkers16x16.xml,42
968,droplet,izanagi,WIN,droplet,570,1.0,0.0,1.0,0.0,0.0,0.0,0.0,0.0,maps/16x16/basesWorkers16x16.xml,42
969,droplet,izanagi,WIN,droplet,515,1.0,0.0,1.0,0.0,0.0,0.0,0.0,0.0,maps/16x16/basesWorkers16x16.xml,42
970,droplet,izanagi,WIN,droplet,476,1.0,0.0,1.0,0.0,0.0,0.0,1.0,0.0,maps/16x16/basesWorkers16x16.xml,42
971,izanagi,guidedRojoA3N,WIN,izanagi,905,1.0,0.0,1.0,0.0,0.0,0.0,0.0,0.0,maps/16x16/basesWorkers16x16.xml,42
972,izanagi,guidedRojoA3N,WIN,izanagi,865,1.0,0.0,1.0,0.0,0.0,0.0,0.0,0.0,maps/16x16/basesWorkers16x16.xml,42
973,izanagi,guidedRojoA3N,WIN,izanagi,844,1.0,0.0,1.0,0.0,0.0,0.0,0.0,0.0,maps/16x16/basesWorkers16x16.xml,42
974,izanagi,guidedRojoA3N,WIN,izanagi,1053,1.0,0.0,1.0,0.0,0.0,0.0,0.0,0.0,maps/16x16/basesWorkers16x16.xml,42
975,izanagi,guidedRojoA3N,WIN,izanagi,769,1.0,0.0,1.0,0.0,0.0,0.0,0.0,0.0,maps/16x16/basesWorkers16x16.xml,42
976,guidedRojoA3N,izanagi,LOSS,izanagi,975,0.0,1.0,-1.0,0.0,0.0,0.0,0.0,0.0,maps/16x16/basesWorkers16x16.xml,42
977,guidedRojoA3N,izanagi,LOSS,izanagi,927,0.0,1.0,-1.0,0.0,0.0,0.0,0.0,0.0,maps/16x16/basesWorkers16x16.xml,42
978,guidedRojoA3N,izanagi,LOSS,izanagi,869,0.0,1.0,-1.0,0.0,0.0,0.0,0.0,0.0,maps/16x16/basesWorkers16x16.xml,42
979,guidedRojoA3N,izanagi,LOSS,izanagi,1045,0.0,1.0,-1.0,0.0,0.0,0.0,0.0,0.0,maps/16x16/basesWorkers16x16.xml,42
980,guidedRojoA3N,izanagi,LOSS,izanagi,933,0.0,1.0,-1.0,0.0,0.0,0.0,0.0,0.0,maps/16x16/basesWorkers16x16.xml,42
981,izanagi,naiveMCTSAI,WIN,izanagi,846,1.0,0.0,1.0,0.0,0.0,0.0,0.0,0.0,maps/16x16/basesWorkers16x16.xml,42
982,izanagi,naiveMCTSAI,WIN,izanagi,1278,1.0,0.0,1.0,0.0,0.0,0.0,0.0,0.0,maps/16x16/basesWorkers16x16.xml,42
983,izanagi,naiveMCTSAI,WIN,izanagi,1171,1.0,0.0,1.0,0.0,0.0,0.0,0.0,1.0,maps/16x16/basesWorkers16x16.xml,42
984,izanagi,naiveMCTSAI,WIN,izanagi,1316,1.0,0.0,1.0,0.0,0.0,0.0,0.0,0.0,maps/16x16/basesWorkers16x16.xml,42
985,izanagi,naiveMCTSAI,WIN,izanagi,1850,1.0,0.0,1.0,0.0,0.0,0.0,1.0,0.0,maps/16x16/basesWorkers16x16.xml,42
986,naiveMCTSAI,izanagi,LOSS,izanagi,1110,0.0,1.0,-1.0,0.0,0.0,0.0,0.0,0.0,maps/16x16/basesWorkers16x16.xml,42
987,naiveMCTSAI,izanagi,LOSS,izanagi,988,0.0,1.0,-1.0,0.0,0.0,0.0,0.0,0.0,maps/16x16/basesWorkers16x16.xml,42
988,naiveMCTSAI,izanagi,LOSS,izanagi,1265,0.0,1.0,-1.0,0.0,0.0,0.0,0.0,0.0,maps/16x16/basesWorkers16x16.xml,42
989,naiveMCTSAI,izanagi,LOSS,izanagi,1076,0.0,1.0,-1.0,0.0,0.0,0.0,0.0,0.0,maps/16x16/basesWorkers16x16.xml,42
990,naiveMCTSAI,izanagi,LOSS,izanagi,1086,0.0,1.0,-1.0,0.0,0.0,0.0,0.0,0.0,maps/16x16/basesWorkers16x16.xml,42
991,tiamat,droplet,LOSS,droplet,345,0.0,1.0,-1.0,0.0,0.0,0.0,0.0,0.0,maps/16x16/basesWorkers16x16.xml,42
992,tiamat,droplet,LOSS,droplet,365,0.0,1.0,-1.0,0.0,0.0,0.0,0.0,0.0,maps/16x16/basesWorkers16x16.xml,42
993,tiamat,droplet,LOSS,droplet,415,0.0,1.0,-1.0,0.0,0.0,0.0,0.0,0.0,maps/16x16/basesWorkers16x16.xml,42
994,tiamat,droplet,LOSS,droplet,370,0.0,1.0,-1.0,0.0,0.0,0.0,0.0,0.0,maps/16x16/basesWorkers16x16.xml,42
995,tiamat,droplet,LOSS,droplet,345,0.0,1.0,-1.0,0.0,0.0,0.0,0.0,0.0,maps/16x16/basesWorkers16x16.xml,42
996,droplet,tiamat,WIN,droplet,340,1.0,0.0,1.0,0.0,0.0,0.0,0.0,0.0,maps/16x16/basesWorkers16x16.xml,42
997,droplet,tiamat,WIN,droplet,345,1.0,0.0,1.0,0.0,0.0,0.0,0.0,0.0,maps/16x16/basesWorkers16x16.xml,42
998,droplet,tiamat,WIN,droplet,415,1.0,0.0,1.0,0.0,0.0,0.0,0.0,0.0,maps/16x16/basesWorkers16x16.xml,42
999,droplet,tiamat,WIN,droplet,350,1.0,0.0,1.0,0.0,0.0,0.0,0.0,0.0,maps/16x16/basesWorkers16x16.xml,42
1000,droplet,tiamat,WIN,droplet,610,1.0,0.0,1.0,0.0,0.0,0.0,0.0,0.0,maps/16x16/basesWorkers16x16.xml,42
1001,tiamat,guidedRojoA3N,WIN,tiamat,1073,1.0,0.0,1.0,0.0,0.0,0.0,0.0,0.0,maps/16x16/basesWorkers16x16.xml,42
1002,tiamat,guidedRojoA3N,WIN,tiamat,916,1.0,0.0,1.0,0.0,0.0,0.0,0.0,0.0,maps/16x16/basesWorkers16x16.xml,42
1003,tiamat,guidedRojoA3N,WIN,tiamat,1083,1.0,0.0,1.0,0.0,0.0,0.0,0.0,0.0,maps/16x16/basesWorkers16x16.xml,42
1004,tiamat,guidedRojoA3N,WIN,tiamat,1127,1.0,0.0,1.0,0.0,0.0,0.0,1.0,0.0,maps/16x16/basesWorkers16x16.xml,42
1005,tiamat,guidedRojoA3N,WIN,tiamat,922,1.0,0.0,1.0,0.0,0.0,0.0,0.0,0.0,maps/16x16/basesWorkers16x16.xml,42
1006,guidedRojoA3N,tiamat,LOSS,tiamat,1335,0.0,1.0,-1.0,0.0,0.0,0.0,0.0,0.0,maps/16x16/basesWorkers16x16.xml,42
1007,guidedRojoA3N,tiamat,LOSS,tiamat,1024,0.0,1.0,-1.0,0.0,0.0,0.0,0.0,0.0,maps/16x16/basesWorkers16x16.xml,42
1008,guidedRojoA3N,tiamat,LOSS,tiamat,865,0.0,1.0,-1.0,0.0,0.0,0.0,0.0,0.0,maps/16x16/basesWorkers16x16.xml,42
1009,guidedRojoA3N,tiamat,LOSS,tiamat,845,0.0,1.0,-1.0,0.0,0.0,0.0,0.0,0.0,maps/16x16/basesWorkers16x16.xml,42
1010,guidedRojoA3N,tiamat,LOSS,tiamat,967,0.0,1.0,-1.0,0.0,0.0,0.0,0.0,0.0,maps/16x16/basesWorkers16x16.xml,42
1011,tiamat,naiveMCTSAI,DRAW,DRAW,2000,0.5,0.5,0.0,0.0,0.0,0.0,0.0,0.0,maps/16x16/basesWorkers16x16.xml,42
1012,tiamat,naiveMCTSAI,DRAW,DRAW,2000,0.5,0.5,0.0,0.0,0.0,0.0,0.0,0.0,maps/16x16/basesWorkers16x16.xml,42
1013,tiamat,naiveMCTSAI,WIN,tiamat,809,1.0,0.0,1.0,0.0,0.0,0.0,0.0,0.0,maps/16x16/basesWorkers16x16.xml,42
1014,tiamat,naiveMCTSAI,WIN,tiamat,956,1.0,0.0,1.0,0.0,0.0,0.0,0.0,0.0,maps/16x16/basesWorkers16x16.xml,42
1015,tiamat,naiveMCTSAI,DRAW,DRAW,2000,0.5,0.5,0.0,0.0,0.0,0.0,0.0,0.0,maps/16x16/basesWorkers16x16.xml,42
1016,naiveMCTSAI,tiamat,LOSS,tiamat,863,0.0,1.0,-1.0,0.0,0.0,0.0,0.0,0.0,maps/16x16/basesWorkers16x16.xml,42
1017,naiveMCTSAI,tiamat,DRAW,DRAW,2000,0.5,0.5,0.0,0.0,0.0,0.0,0.0,0.0,maps/16x16/basesWorkers16x16.xml,42
1018,naiveMCTSAI,tiamat,LOSS,tiamat,1643,0.0,1.0,-1.0,0.0,0.0,0.0,0.0,0.0,maps/16x16/basesWorkers16x16.xml,42
1019,naiveMCTSAI,tiamat,LOSS,tiamat,1338,0.0,1.0,-1.0,0.0,0.0,0.0,0.0,0.0,maps/16x16/basesWorkers16x16.xml,42
1020,naiveMCTSAI,tiamat,LOSS,tiamat,995,0.0,1.0,-1.0,0.0,0.0,0.0,0.0,0.0,maps/16x16/basesWorkers16x16.xml,42
1021,droplet,guidedRojoA3N,DRAW,DRAW,2000,0.5,0.5,0.0,0.0,0.0,0.0,0.0,0.0,maps/16x16/basesWorkers16x16.xml,42
1022,droplet,guidedRojoA3N,LOSS,guidedRojoA3N,1846,0.0,1.0,-1.0,0.0,0.0,0.0,0.0,0.0,maps/16x16/basesWorkers16x16.xml,42
1023,droplet,guidedRojoA3N,DRAW,DRAW,2000,0.5,0.5,0.0,0.0,0.0,0.0,0.0,0.0,maps/16x16/basesWorkers16x16.xml,42
1024,droplet,guidedRojoA3N,DRAW,DRAW,2000,0.5,0.5,0.0,0.0,0.0,0.0,0.0,0.0,maps/16x16/basesWorkers16x16.xml,42
1025,droplet,guidedRojoA3N,LOSS,guidedRojoA3N,1795,0.0,1.0,-1.0,0.0,0.0,0.0,0.0,0.0,maps/16x16/basesWorkers16x16.xml,42
1026,guidedRojoA3N,droplet,WIN,guidedRojoA3N,1741,1.0,0.0,1.0,0.0,0.0,0.0,0.0,0.0,maps/16x16/basesWorkers16x16.xml,42
1027,guidedRojoA3N,droplet,DRAW,DRAW,2000,0.5,0.5,0.0,0.0,0.0,0.0,0.0,0.0,maps/16x16/basesWorkers16x16.xml,42
1028,guidedRojoA3N,droplet,DRAW,DRAW,2000,0.5,0.5,0.0,0.0,0.0,0.0,0.0,0.0,maps/16x16/basesWorkers16x16.xml,42
1029,guidedRojoA3N,droplet,LOSS,droplet,1770,0.0,1.0,-1.0,0.0,0.0,0.0,0.0,0.0,maps/16x16/basesWorkers16x16.xml,42
1030,guidedRojoA3N,droplet,DRAW,DRAW,2000,0.5,0.5,0.0,0.0,0.0,0.0,0.0,0.0,maps/16x16/basesWorkers16x16.xml,42
1031,droplet,naiveMCTSAI,WIN,droplet,1380,1.0,0.0,1.0,0.0,0.0,0.0,0.0,0.0,maps/16x16/basesWorkers16x16.xml,42
1032,droplet,naiveMCTSAI,DRAW,DRAW,2000,0.5,0.5,0.0,0.0,0.0,0.0,0.0,0.0,maps/16x16/basesWorkers16x16.xml,42
1033,droplet,naiveMCTSAI,WIN,droplet,1295,1.0,0.0,1.0,0.0,0.0,0.0,0.0,0.0,maps/16x16/basesWorkers16x16.xml,42
1034,droplet,naiveMCTSAI,DRAW,DRAW,2000,0.5,0.5,0.0,0.0,0.0,0.0,0.0,0.0,maps/16x16/basesWorkers16x16.xml,42
1035,droplet,naiveMCTSAI,DRAW,DRAW,2000,0.5,0.5,0.0,0.0,0.0,0.0,0.0,0.0,maps/16x16/basesWorkers16x16.xml,42
1036,naiveMCTSAI,droplet,LOSS,droplet,1920,0.0,1.0,-1.0,0.0,0.0,0.0,0.0,0.0,maps/16x16/basesWorkers16x16.xml,42
1037,naiveMCTSAI,droplet,DRAW,DRAW,2000,0.5,0.5,0.0,0.0,0.0,0.0,0.0,0.0,maps/16x16/basesWorkers16x16.xml,42
1038,naiveMCTSAI,droplet,LOSS,droplet,1515,0.0,1.0,-1.0,0.0,0.0,0.0,0.0,0.0,maps/16x16/basesWorkers16x16.xml,42
1039,naiveMCTSAI,droplet,DRAW,DRAW,2000,0.5,0.5,0.0,0.0,0.0,0.0,0.0,0.0,maps/16x16/basesWorkers16x16.xml,42
1040,naiveMCTSAI,droplet,DRAW,DRAW,2000,0.5,0.5,0.0,0.0,0.0,0.0,0.0,0.0,maps/16x16/basesWorkers16x16.xml,42
1041,guidedRojoA3N,naiveMCTSAI,DRAW,DRAW,2000,0.5,0.5,0.0,0.0,0.0,0.0,0.0,0.0,maps/16x16/basesWorkers16x16.xml,42
1042,guidedRojoA3N,naiveMCTSAI,DRAW,DRAW,2000,0.5,0.5,0.0,0.0,0.0,0.0,0.0,0.0,maps/16x16/basesWorkers16x16.xml,42
1043,guidedRojoA3N,naiveMCTSAI,DRAW,DRAW,2000,0.5,0.5,0.0,0.0,0.0,0.0,0.0,0.0,maps/16x16/basesWorkers16x16.xml,42
1044,guidedRojoA3N,naiveMCTSAI,DRAW,DRAW,2000,0.5,0.5,0.0,0.0,0.0,0.0,0.0,0.0,maps/16x16/basesWorkers16x16.xml,42
1045,guidedRojoA3N,naiveMCTSAI,LOSS,naiveMCTSAI,1070,0.0,1.0,-1.0,0.0,0.0,0.0,0.0,0.0,maps/16x16/basesWorkers16x16.xml,42
1046,naiveMCTSAI,guidedRojoA3N,DRAW,DRAW,2000,0.5,0.5,0.0,0.0,0.0,0.0,0.0,0.0,maps/16x16/basesWorkers16x16.xml,42
1047,naiveMCTSAI,guidedRojoA3N,DRAW,DRAW,2000,0.5,0.5,0.0,0.0,0.0,0.0,0.0,0.0,maps/16x16/basesWorkers16x16.xml,42
1048,naiveMCTSAI,guidedRojoA3N,WIN,naiveMCTSAI,1995,1.0,0.0,1.0,0.0,0.0,0.0,0.0,0.0,maps/16x16/basesWorkers16x16.xml,42
1049,naiveMCTSAI,guidedRojoA3N,WIN,naiveMCTSAI,1275,1.0,0.0,1.0,0.0,0.0,0.0,0.0,0.0,maps/16x16/basesWorkers16x16.xml,42
1050,naiveMCTSAI,guidedRojoA3N,WIN,naiveMCTSAI,1555,1.0,0.0,1.0,0.0,0.0,0.0,0.0,0.0,maps/16x16/basesWorkers16x16.xml,42
