opponent,game,repeat,side,result,steps,reward_WinLoss,reward_ResourceGather,reward_ProduceWorker,reward_ProduceBuilding,reward_Attack,reward_ProduceCombatUnit,checkpoint,map,sides,seed,num_games,repeats,parallel
coacAI,1,1,p1,WIN,1014,1.0,0.0,0.0,0.0,0.0,0.0,example_models/16x16/agent.pt,maps/16x16/basesWorkers16x16.xml,p1,42,250,4,28
coacAI,2,1,p1,WIN,1071,1.0,0.0,0.0,0.0,0.0,0.0,example_models/16x16/agent.pt,maps/16x16/basesWorkers16x16.xml,p1,42,250,4,28
coacAI,3,1,p1,WIN,1087,1.0,0.0,0.0,0.0,0.0,0.0,example_models/16x16/agent.pt,maps/16x16/basesWorkers16x16.xml,p1,42,250,4,28
coacAI,4,1,p1,WIN,1089,1.0,0.0,0.0,0.0,0.0,0.0,example_models/16x16/agent.pt,maps/16x16/basesWorkers16x16.xml,p1,42,250,4,28
coacAI,5,1,p1,WIN,1090,1.0,0.0,0.0,0.0,0.0,0.0,example_models/16x16/agent.pt,maps/16x16/basesWorkers16x16.xml,p1,42,250,4,28
coacAI,6,1,p1,WIN,1092,1.0,0.0,0.0,0.0,0.0,0.0,example_models/16x16/agent.pt,maps/16x16/basesWorkers16x16.xml,p1,42,250,4,28
coacAI,7,1,p1,WIN,1092,1.0,0.0,0.0,0.0,0.0,0.0,example_models/16x16/agent.pt,maps/16x16/basesWorkers16x16.xml,p1,42,250,4,28
coacAI,8,1,p1,WIN,1096,1.0,0.0,0.0,0.0,0.0,0.0,example_models/16x16/agent.pt,maps/16x16/basesWorkers16x16.xml,p1,42,250,4,28
coacAI,9,1,p1,WIN,1096,1.0,0.0,0.0,0.0,0.0,0.0,example_models/16x16/agent.pt,maps/16x16/basesWorkers16x16.xml,p1,42,250,4,28
coacAI,10,1,p1,WIN,1096,1.0,0.0,0.0,0.0,0.0,0.0,example_models/16x16/agent.pt,maps/16x16/basesWorkers16x16.xml,p1,42,250,4,28
coacAI,11,1,p1,WIN,1098,1.0,0.0,0.0,0.0,0.0,0.0,example_models/16x16/agent.pt,maps/16x16/basesWorkers16x16.xml,p1,42,250,4,28
coacAI,12,1,p1,WIN,1106,1.0,0.0,0.0,0.0,0.0,0.0,example_models/16x16/agent.pt,maps/16x16/basesWorkers16x16.xml,p1,42,250,4,28
coacAI,13,1,p1,WIN,1108,1.0,0.0,0.0,0.0,0.0,0.0,example_models/16x16/agent.pt,maps/16x16/basesWorkers16x16.xml,p1,42,250,4,28
coacAI,14,1,p1,WIN,1108,1.0,0.0,0.0,0.0,0.0,0.0,example_models/16x16/agent.pt,maps/16x16/basesWorkers16x16.xml,p1,42,250,4,28
coacAI,15,1,p1,WIN,1112,1.0,1.0,0.0,0.0,0.0,0.0,example_models/16x16/agent.pt,maps/16x16/basesWorkers16x16.xml,p1,42,250,4,28
coacAI,16,1,p1,WIN,1116,1.0,0.0,0.0,0.0,1.0,0.0,example_models/16x16/agent.pt,maps/16x16/basesWorkers16x16.xml,p1,42,250,4,28
coacAI,17,1,p1,WIN,1137,1.0,0.0,0.0,0.0,0.0,0.0,example_models/16x16/agent.pt,maps/16x16/basesWorkers16x16.xml,p1,42,250,4,28
coacAI,18,1,p1,WIN,1141,1.0,0.0,0.0,0.0,0.0,0.0,example_models/16x16/agent.pt,maps/16x16/basesWorkers16x16.xml,p1,42,250,4,28
coacAI,19,1,p1,WIN,1145,1.0,0.0,0.0,0.0,0.0,0.0,example_models/16x16/agent.pt,maps/16x16/basesWorkers16x16.xml,p1,42,250,4,28
coacAI,20,1,p1,WIN,1156,1.0,0.0,0.0,0.0,0.0,0.0,example_models/16x16/agent.pt,maps/16x16/basesWorkers16x16.xml,p1,42,250,4,28
coacAI,21,1,p1,WIN,1158,1.0,0.0,0.0,0.0,0.0,0.0,example_models/16x16/agent.pt,maps/16x16/basesWorkers16x16.xml,p1,42,250,4,28
coacAI,22,1,p1,WIN,1167,1.0,0.0,0.0,0.0,0.0,0.0,example_models/16x16/agent.pt,maps/16x16/basesWorkers16x16.xml,p1,42,250,4,28
coacAI,23,1,p1,WIN,1170,1.0,0.0,0.0,0.0,0.0,0.0,example_models/16x16/agent.pt,maps/16x16/basesWorkers16x16.xml,p1,42,250,4,28
coacAI,24,1,p1,WIN,1197,1.0,0.0,0.0,0.0,0.0,0.0,example_models/16x16/agent.pt,maps/16x16/basesWorkers16x16.xml,p1,42,250,4,28
coacAI,25,1,p1,WIN,1217,1.0,0.0,0.0,0.0,0.0,0.0,example_models/16x16/agent.pt,maps/16x16/basesWorkers16x16.xml,p1,42,250,4,28
coacAI,26,1,p1,LOSS,1751,-1.0,0.0,0.0,0.0,0.0,0.0,example_models/16x16/agent.pt,maps/16x16/basesWorkers16x16.xml,p1,42,250,4,28
coacAI,27,1,p1,WIN,1751,1.0,0.0,0.0,0.0,0.0,0.0,example_models/16x16/agent.pt,maps/16x16/basesWorkers16x16.xml,p1,42,250,4,28
coacAI,28,1,p1,DRAW,2000,0.0,0.0,0.0,0.0,0.0,0.0,example_models/16x16/agent.pt,maps/16x16/basesWorkers16x16.xml,p1,42,250,4,28
coacAI,29,1,p1,WIN,1104,1.0,0.0,0.0,0.0,0.0,0.0,example_models/16x16/agent.pt,maps/16x16/basesWorkers16x16.xml,p1,42,250,4,28
coacAI,30,1,p1,WIN,1067,1.0,0.0,0.0,0.0,0.0,0.0,example_models/16x16/agent.pt,maps/16x16/basesWorkers16x16.xml,p1,42,250,4,28
coacAI,31,1,p1,WIN,1070,1.0,0.0,0.0,0.0,1.0,0.0,example_models/16x16/agent.pt,maps/16x16/basesWorkers16x16.xml,p1,42,250,4,28
coacAI,32,1,p1,WIN,1094,1.0,0.0,0.0,0.0,0.0,0.0,example_models/16x16/agent.pt,maps/16x16/basesWorkers16x16.xml,p1,42,250,4,28
coacAI,33,1,p1,WIN,1099,1.0,0.0,0.0,0.0,0.0,0.0,example_models/16x16/agent.pt,maps/16x16/basesWorkers16x16.xml,p1,42,250,4,28
coacAI,34,1,p1,WIN,1137,1.0,0.0,0.0,0.0,0.0,0.0,example_models/16x16/agent.pt,maps/16x16/basesWorkers16x16.xml,p1,42,250,4,28
coacAI,35,1,p1,WIN,1116,1.0,0.0,0.0,0.0,0.0,0.0,example_models/16x16/agent.pt,maps/16x16/basesWorkers16x16.xml,p1,42,250,4,28
coacAI,36,1,p1,WIN,1118,1.0,0.0,0.0,0.0,0.0,0.0,example_models/16x16/agent.pt,maps/16x16/basesWorkers16x16.xml,p1,42,250,4,28
coacAI,37,1,p1,WIN,1130,1.0,0.0,0.0,0.0,0.0,0.0,example_models/16x16/agent.pt,maps/16x16/basesWorkers16x16.xml,p1,42,250,4,28
coacAI,38,1,p1,WIN,1105,1.0,0.0,0.0,0.0,0.0,0.0,example_models/16x16/agent.pt,maps/16x16/basesWorkers16x16.xml,p1,42,250,4,28
coacAI,39,1,p1,WIN,1114,1.0,0.0,0.0,0.0,0.0,0.0,example_models/16x16/agent.pt,maps/16x16/basesWorkers16x16.xml,p1,42,250,4,28
coacAI,40,1,p1,WIN,1160,1.0,0.0,0.0,0.0,0.0,0.0,example_models/16x16/agent.pt,maps/16x16/basesWorkers16x16.xml,p1,42,250,4,28
coacAI,41,1,p1,WIN,1170,1.0,0.0,0.0,0.0,0.0,0.0,example_models/16x16/agent.pt,maps/16x16/basesWorkers16x16.xml,p1,42,250,4,28
coacAI,42,1,p1,WIN,1106,1.0,0.0,0.0,0.0,0.0,0.0,example_models/16x16/agent.pt,maps/16x16/basesWorkers16x16.xml,p1,42,250,4,28
coacAI,43,1,p1,WIN,1102,1.0,0.0,0.0,0.0,0.0,0.0,example_models/16x16/agent.pt,maps/16x16/basesWorkers16x16.xml,p1,42,250,4,28
coacAI,44,1,p1,WIN,1128,1.0,0.0,0.0,0.0,0.0,0.0,example_models/16x16/agent.pt,maps/16x16/basesWorkers16x16.xml,p1,42,250,4,28
coacAI,45,1,p1,WIN,1145,1.0,0.0,0.0,0.0,0.0,0.0,example_models/16x16/agent.pt,maps/16x16/basesWorkers16x16.xml,p1,42,250,4,28
coacAI,46,1,p1,WIN,1123,1.0,0.0,0.0,0.0,0.0,0.0,example_models/16x16/agent.pt,maps/16x16/basesWorkers16x16.xml,p1,42,250,4,28
coacAI,47,1,p1,WIN,1099,1.0,0.0,0.0,0.0,0.0,0.0,example_models/16x16/agent.pt,maps/16x16/basesWorkers16x16.xml,p1,42,250,4,28
coacAI,48,1,p1,WIN,1218,1.0,0.0,0.0,0.0,0.0,0.0,example_models/16x16/agent.pt,maps/16x16/basesWorkers16x16.xml,p1,42,250,4,28
coacAI,49,1,p1,WIN,1280,1.0,0.0,0.0,0.0,0.0,0.0,example_models/16x16/agent.pt,maps/16x16/basesWorkers16x16.xml,p1,42,250,4,28
coacAI,50,1,p1,WIN,1284,1.0,0.0,0.0,0.0,0.0,0.0,example_models/16x16/agent.pt,maps/16x16/basesWorkers16x16.xml,p1,42,250,4,28
coacAI,51,1,p1,LOSS,1703,-1.0,0.0,0.0,0.0,0.0,0.0,example_models/16x16/agent.pt,maps/16x16/basesWorkers16x16.xml,p1,42,250,4,28
coacAI,52,1,p1,WIN,1204,1.0,0.0,0.0,0.0,0.0,0.0,example_models/16x16/agent.pt,maps/16x16/basesWorkers16x16.xml,p1,42,250,4,28
coacAI,53,1,p1,LOSS,1760,-1.0,0.0,0.0,0.0,0.0,0.0,example_models/16x16/agent.pt,maps/16x16/basesWorkers16x16.xml,p1,42,250,4,28
coacAI,54,1,p1,WIN,808,1.0,0.0,0.0,0.0,0.0,0.0,example_models/16x16/agent.pt,maps/16x16/basesWorkers16x16.xml,p1,42,250,4,28
coacAI,55,1,p1,DRAW,2000,0.0,0.0,0.0,0.0,0.0,0.0,example_models/16x16/agent.pt,maps/16x16/basesWorkers16x16.xml,p1,42,250,4,28
coacAI,56,1,p1,WIN,1101,1.0,1.0,0.0,0.0,1.0,0.0,example_models/16x16/agent.pt,maps/16x16/basesWorkers16x16.xml,p1,42,250,4,28
coacAI,57,1,p1,WIN,1380,1.0,0.0,0.0,0.0,0.0,0.0,example_models/16x16/agent.pt,maps/16x16/basesWorkers16x16.xml,p1,42,250,4,28
coacAI,58,1,p1,LOSS,1047,-1.0,0.0,0.0,0.0,0.0,0.0,example_models/16x16/agent.pt,maps/16x16/basesWorkers16x16.xml,p1,42,250,4,28
coacAI,59,1,p1,WIN,915,1.0,0.0,0.0,0.0,0.0,0.0,example_models/16x16/agent.pt,maps/16x16/basesWorkers16x16.xml,p1,42,250,4,28
coacAI,60,1,p1,WIN,1109,1.0,0.0,0.0,0.0,0.0,0.0,example_models/16x16/agent.pt,maps/16x16/basesWorkers16x16.xml,p1,42,250,4,28
coacAI,61,1,p1,WIN,1096,1.0,0.0,0.0,0.0,0.0,0.0,example_models/16x16/agent.pt,maps/16x16/basesWorkers16x16.xml,p1,42,250,4,28
coacAI,62,1,p1,WIN,1099,1.0,0.0,0.0,0.0,0.0,0.0,example_models/16x16/agent.pt,maps/16x16/basesWorkers16x16.xml,p1,42,250,4,28
coacAI,63,1,p1,WIN,1095,1.0,0.0,0.0,0.0,0.0,0.0,example_models/16x16/agent.pt,maps/16x16/basesWorkers16x16.xml,p1,42,250,4,28
coacAI,64,1,p1,LOSS,1046,-1.0,0.0,0.0,0.0,0.0,0.0,example_models/16x16/agent.pt,maps/16x16/basesWorkers16x16.xml,p1,42,250,4,28
coacAI,65,1,p1,WIN,1126,1.0,0.0,0.0,0.0,0.0,0.0,example_models/16x16/agent.pt,maps/16x16/basesWorkers16x16.xml,p1,42,250,4,28
coacAI,66,1,p1,WIN,1115,1.0,0.0,1.0,0.0,0.0,0.0,example_models/16x16/agent.pt,maps/16x16/basesWorkers16x16.xml,p1,42,250,4,28
coacAI,67,1,p1,WIN,1117,1.0,0.0,0.0,0.0,0.0,0.0,example_models/16x16/agent.pt,maps/16x16/basesWorkers16x16.xml,p1,42,250,4,28
coacAI,68,1,p1,LOSS,1184,-1.0,0.0,0.0,0.0,0.0,0.0,example_models/16x16/agent.pt,maps/16x16/basesWorkers16x16.xml,p1,42,250,4,28
coacAI,69,1,p1,WIN,1117,1.0,0.0,0.0,0.0,0.0,0.0,example_models/16x16/agent.pt,maps/16x16/basesWorkers16x16.xml,p1,42,250,4,28
coacAI,70,1,p1,WIN,1121,1.0,0.0,0.0,0.0,0.0,0.0,example_models/16x16/agent.pt,maps/16x16/basesWorkers16x16.xml,p1,42,250,4,28
coacAI,71,1,p1,WIN,1125,1.0,0.0,0.0,0.0,1.0,0.0,example_models/16x16/agent.pt,maps/16x16/basesWorkers16x16.xml,p1,42,250,4,28
coacAI,72,1,p1,WIN,1140,1.0,0.0,0.0,0.0,0.0,0.0,example_models/16x16/agent.pt,maps/16x16/basesWorkers16x16.xml,p1,42,250,4,28
coacAI,73,1,p1,WIN,1142,1.0,0.0,0.0,0.0,0.0,0.0,example_models/16x16/agent.pt,maps/16x16/basesWorkers16x16.xml,p1,42,250,4,28
coacAI,74,1,p1,LOSS,1200,-1.0,0.0,0.0,0.0,0.0,0.0,example_models/16x16/agent.pt,maps/16x16/basesWorkers16x16.xml,p1,42,250,4,28
coacAI,75,1,p1,WIN,1139,1.0,0.0,0.0,0.0,0.0,0.0,example_models/16x16/agent.pt,maps/16x16/basesWorkers16x16.xml,p1,42,250,4,28
coacAI,76,1,p1,WIN,1100,1.0,0.0,0.0,0.0,0.0,0.0,example_models/16x16/agent.pt,maps/16x16/basesWorkers16x16.xml,p1,42,250,4,28
coacAI,77,1,p1,WIN,1121,1.0,1.0,0.0,0.0,0.0,0.0,example_models/16x16/agent.pt,maps/16x16/basesWorkers16x16.xml,p1,42,250,4,28
coacAI,78,1,p1,WIN,1087,1.0,0.0,0.0,0.0,1.0,0.0,example_models/16x16/agent.pt,maps/16x16/basesWorkers16x16.xml,p1,42,250,4,28
coacAI,79,1,p1,WIN,1645,1.0,0.0,0.0,0.0,0.0,0.0,example_models/16x16/agent.pt,maps/16x16/basesWorkers16x16.xml,p1,42,250,4,28
coacAI,80,1,p1,WIN,1127,1.0,0.0,0.0,0.0,0.0,0.0,example_models/16x16/agent.pt,maps/16x16/basesWorkers16x16.xml,p1,42,250,4,28
coacAI,81,1,p1,WIN,1116,1.0,0.0,0.0,0.0,0.0,0.0,example_models/16x16/agent.pt,maps/16x16/basesWorkers16x16.xml,p1,42,250,4,28
coacAI,82,1,p1,DRAW,2000,0.0,0.0,0.0,0.0,0.0,0.0,example_models/16x16/agent.pt,maps/16x16/basesWorkers16x16.xml,p1,42,250,4,28
coacAI,83,1,p1,WIN,1118,1.0,0.0,0.0,0.0,0.0,0.0,example_models/16x16/agent.pt,maps/16x16/basesWorkers16x16.xml,p1,42,250,4,28
coacAI,84,1,p1,WIN,1167,1.0,0.0,0.0,0.0,0.0,0.0,example_models/16x16/agent.pt,maps/16x16/basesWorkers16x16.xml,p1,42,250,4,28
coacAI,85,1,p1,WIN,1091,1.0,0.0,0.0,0.0,0.0,0.0,example_models/16x16/agent.pt,maps/16x16/basesWorkers16x16.xml,p1,42,250,4,28
coacAI,86,1,p1,WIN,1117,1.0,0.0,0.0,0.0,0.0,0.0,example_models/16x16/agent.pt,maps/16x16/basesWorkers16x16.xml,p1,42,250,4,28
coacAI,87,1,p1,WIN,1096,1.0,0.0,0.0,0.0,0.0,0.0,example_models/16x16/agent.pt,maps/16x16/basesWorkers16x16.xml,p1,42,250,4,28
coacAI,88,1,p1,WIN,1103,1.0,0.0,0.0,0.0,1.0,0.0,example_models/16x16/agent.pt,maps/16x16/basesWorkers16x16.xml,p1,42,250,4,28
coacAI,89,1,p1,WIN,1107,1.0,0.0,0.0,0.0,0.0,0.0,example_models/16x16/agent.pt,maps/16x16/basesWorkers16x16.xml,p1,42,250,4,28
coacAI,90,1,p1,WIN,1095,1.0,0.0,0.0,0.0,0.0,0.0,example_models/16x16/agent.pt,maps/16x16/basesWorkers16x16.xml,p1,42,250,4,28
coacAI,91,1,p1,WIN,1130,1.0,0.0,0.0,0.0,0.0,0.0,example_models/16x16/agent.pt,maps/16x16/basesWorkers16x16.xml,p1,42,250,4,28
coacAI,92,1,p1,WIN,1101,1.0,0.0,0.0,0.0,0.0,0.0,example_models/16x16/agent.pt,maps/16x16/basesWorkers16x16.xml,p1,42,250,4,28
coacAI,93,1,p1,WIN,1096,1.0,0.0,0.0,0.0,1.0,0.0,example_models/16x16/agent.pt,maps/16x16/basesWorkers16x16.xml,p1,42,250,4,28
coacAI,94,1,p1,WIN,1109,1.0,0.0,0.0,0.0,0.0,0.0,example_models/16x16/agent.pt,maps/16x16/basesWorkers16x16.xml,p1,42,250,4,28
coacAI,95,1,p1,WIN,1151,1.0,0.0,0.0,0.0,0.0,0.0,example_models/16x16/agent.pt,maps/16x16/basesWorkers16x16.xml,p1,42,250,4,28
coacAI,96,1,p1,WIN,1259,1.0,0.0,0.0,0.0,0.0,0.0,example_models/16x16/agent.pt,maps/16x16/basesWorkers16x16.xml,p1,42,250,4,28
coacAI,97,1,p1,WIN,1106,1.0,0.0,0.0,0.0,0.0,0.0,example_models/16x16/agent.pt,maps/16x16/basesWorkers16x16.xml,p1,42,250,4,28
coacAI,98,1,p1,WIN,1182,1.0,0.0,0.0,0.0,1.0,0.0,example_models/16x16/agent.pt,maps/16x16/basesWorkers16x16.xml,p1,42,250,4,28
coacAI,99,1,p1,LOSS,1398,-1.0,0.0,0.0,0.0,0.0,0.0,example_models/16x16/agent.pt,maps/16x16/basesWorkers16x16.xml,p1,42,250,4,28
coacAI,100,1,p1,DRAW,2000,0.0,0.0,0.0,0.0,0.0,0.0,example_models/16x16/agent.pt,maps/16x16/basesWorkers16x16.xml,p1,42,250,4,28
coacAI,101,1,p1,LOSS,1653,-1.0,0.0,0.0,0.0,0.0,0.0,example_models/16x16/agent.pt,maps/16x16/basesWorkers16x16.xml,p1,42,250,4,28
coacAI,102,1,p1,WIN,1110,1.0,0.0,0.0,0.0,0.0,0.0,example_models/16x16/agent.pt,maps/16x16/basesWorkers16x16.xml,p1,42,250,4,28
coacAI,103,1,p1,WIN,807,1.0,0.0,0.0,0.0,0.0,0.0,example_models/16x16/agent.pt,maps/16x16/basesWorkers16x16.xml,p1,42,250,4,28
coacAI,104,1,p1,DRAW,2000,0.0,0.0,0.0,0.0,0.0,0.0,example_models/16x16/agent.pt,maps/16x16/basesWorkers16x16.xml,p1,42,250,4,28
coacAI,105,1,p1,LOSS,1115,-1.0,0.0,0.0,0.0,0.0,0.0,example_models/16x16/agent.pt,maps/16x16/basesWorkers16x16.xml,p1,42,250,4,28
coacAI,106,1,p1,WIN,1130,1.0,0.0,0.0,0.0,0.0,0.0,example_models/16x16/agent.pt,maps/16x16/basesWorkers16x16.xml,p1,42,250,4,28
coacAI,107,1,p1,WIN,1096,1.0,0.0,0.0,0.0,0.0,0.0,example_models/16x16/agent.pt,maps/16x16/basesWorkers16x16.xml,p1,42,250,4,28
coacAI,108,1,p1,WIN,1206,1.0,0.0,0.0,0.0,0.0,0.0,example_models/16x16/agent.pt,maps/16x16/basesWorkers16x16.xml,p1,42,250,4,28
coacAI,109,1,p1,WIN,1155,1.0,0.0,0.0,0.0,1.0,0.0,example_models/16x16/agent.pt,maps/16x16/basesWorkers16x16.xml,p1,42,250,4,28
coacAI,110,1,p1,WIN,1118,1.0,0.0,0.0,0.0,0.0,0.0,example_models/16x16/agent.pt,maps/16x16/basesWorkers16x16.xml,p1,42,250,4,28
coacAI,111,1,p1,WIN,1106,1.0,0.0,0.0,0.0,0.0,0.0,example_models/16x16/agent.pt,maps/16x16/basesWorkers16x16.xml,p1,42,250,4,28
coacAI,112,1,p1,DRAW,2000,0.0,0.0,0.0,0.0,0.0,0.0,example_models/16x16/agent.pt,maps/16x16/basesWorkers16x16.xml,p1,42,250,4,28
coacAI,113,1,p1,DRAW,2000,0.0,0.0,0.0,0.0,0.0,0.0,example_models/16x16/agent.pt,maps/16x16/basesWorkers16x16.xml,p1,42,250,4,28
coacAI,114,1,p1,WIN,1084,1.0,0.0,0.0,0.0,0.0,0.0,example_models/16x16/agent.pt,maps/16x16/basesWorkers16x16.xml,p1,42,250,4,28
coacAI,115,1,p1,WIN,1116,1.0,0.0,0.0,0.0,0.0,0.0,example_models/16x16/agent.pt,maps/16x16/basesWorkers16x16.xml,p1,42,250,4,28
coacAI,116,1,p1,WIN,1123,1.0,0.0,0.0,0.0,0.0,0.0,example_models/16x16/agent.pt,maps/16x16/basesWorkers16x16.xml,p1,42,250,4,28
coacAI,117,1,p1,WIN,1096,1.0,0.0,0.0,0.0,0.0,0.0,example_models/16x16/agent.pt,maps/16x16/basesWorkers16x16.xml,p1,42,250,4,28
coacAI,118,1,p1,WIN,1151,1.0,0.0,0.0,0.0,0.0,0.0,example_models/16x16/agent.pt,maps/16x16/basesWorkers16x16.xml,p1,42,250,4,28
coacAI,119,1,p1,WIN,1104,1.0,0.0,0.0,0.0,0.0,0.0,example_models/16x16/agent.pt,maps/16x16/basesWorkers16x16.xml,p1,42,250,4,28
coacAI,120,1,p1,WIN,1119,1.0,0.0,0.0,0.0,1.0,0.0,example_models/16x16/agent.pt,maps/16x16/basesWorkers16x16.xml,p1,42,250,4,28
coacAI,121,1,p1,WIN,1124,1.0,0.0,0.0,0.0,0.0,0.0,example_models/16x16/agent.pt,maps/16x16/basesWorkers16x16.xml,p1,42,250,4,28
coacAI,122,1,p1,WIN,1104,1.0,0.0,0.0,0.0,0.0,0.0,example_models/16x16/agent.pt,maps/16x16/basesWorkers16x16.xml,p1,42,250,4,28
coacAI,123,1,p1,WIN,1133,1.0,0.0,0.0,0.0,0.0,0.0,example_models/16x16/agent.pt,maps/16x16/basesWorkers16x16.xml,p1,42,250,4,28
coacAI,124,1,p1,WIN,1117,1.0,0.0,0.0,0.0,0.0,0.0,example_models/16x16/agent.pt,maps/16x16/basesWorkers16x16.xml,p1,42,250,4,28
coacAI,125,1,p1,WIN,1127,1.0,0.0,0.0,0.0,0.0,0.0,example_models/16x16/agent.pt,maps/16x16/basesWorkers16x16.xml,p1,42,250,4,28
coacAI,126,1,p1,WIN,1147,1.0,0.0,0.0,0.0,1.0,0.0,example_models/16x16/agent.pt,maps/16x16/basesWorkers16x16.xml,p1,42,250,4,28
coacAI,127,1,p1,WIN,1116,1.0,0.0,0.0,0.0,0.0,0.0,example_models/16x16/agent.pt,maps/16x16/basesWorkers16x16.xml,p1,42,250,4,28
coacAI,128,1,p1,LOSS,965,-1.0,0.0,0.0,0.0,0.0,0.0,example_models/16x16/agent.pt,maps/16x16/basesWorkers16x16.xml,p1,42,250,4,28
coacAI,129,1,p1,WIN,1117,1.0,0.0,0.0,0.0,0.0,0.0,example_models/16x16/agent.pt,maps/16x16/basesWorkers16x16.xml,p1,42,250,4,28
coacAI,130,1,p1,WIN,1121,1.0,1.0,0.0,0.0,0.0,0.0,example_models/16x16/agent.pt,maps/16x16/basesWorkers16x16.xml,p1,42,250,4,28
coacAI,131,1,p1,LOSS,1127,-1.0,0.0,0.0,0.0,0.0,0.0,example_models/16x16/agent.pt,maps/16x16/basesWorkers16x16.xml,p1,42,250,4,28
coacAI,132,1,p1,WIN,1096,1.0,0.0,0.0,0.0,0.0,0.0,example_models/16x16/agent.pt,maps/16x16/basesWorkers16x16.xml,p1,42,250,4,28
coacAI,133,1,p1,WIN,1103,1.0,0.0,0.0,0.0,1.0,0.0,example_models/16x16/agent.pt,maps/16x16/basesWorkers16x16.xml,p1,42,250,4,28
coacAI,134,1,p1,WIN,1137,1.0,0.0,0.0,0.0,0.0,0.0,example_models/16x16/agent.pt,maps/16x16/basesWorkers16x16.xml,p1,42,250,4,28
coacAI,135,1,p1,WIN,1113,1.0,0.0,0.0,0.0,0.0,0.0,example_models/16x16/agent.pt,maps/16x16/basesWorkers16x16.xml,p1,42,250,4,28
coacAI,136,1,p1,WIN,1109,1.0,0.0,0.0,0.0,0.0,0.0,example_models/16x16/agent.pt,maps/16x16/basesWorkers16x16.xml,p1,42,250,4,28
coacAI,137,1,p1,WIN,1102,1.0,0.0,0.0,0.0,0.0,1.0,example_models/16x16/agent.pt,maps/16x16/basesWorkers16x16.xml,p1,42,250,4,28
coacAI,138,1,p1,WIN,1055,1.0,0.0,0.0,0.0,0.0,0.0,example_models/16x16/agent.pt,maps/16x16/basesWorkers16x16.xml,p1,42,250,4,28
coacAI,139,1,p1,WIN,1120,1.0,0.0,0.0,0.0,0.0,0.0,example_models/16x16/agent.pt,maps/16x16/basesWorkers16x16.xml,p1,42,250,4,28
coacAI,140,1,p1,WIN,1092,1.0,0.0,0.0,0.0,0.0,0.0,example_models/16x16/agent.pt,maps/16x16/basesWorkers16x16.xml,p1,42,250,4,28
coacAI,141,1,p1,WIN,1160,1.0,0.0,0.0,0.0,0.0,0.0,example_models/16x16/agent.pt,maps/16x16/basesWorkers16x16.xml,p1,42,250,4,28
coacAI,142,1,p1,WIN,1116,1.0,0.0,0.0,0.0,0.0,0.0,example_models/16x16/agent.pt,maps/16x16/basesWorkers16x16.xml,p1,42,250,4,28
coacAI,143,1,p1,WIN,1087,1.0,0.0,0.0,0.0,0.0,0.0,example_models/16x16/agent.pt,maps/16x16/basesWorkers16x16.xml,p1,42,250,4,28
coacAI,144,1,p1,WIN,1095,1.0,0.0,0.0,0.0,0.0,0.0,example_models/16x16/agent.pt,maps/16x16/basesWorkers16x16.xml,p1,42,250,4,28
coacAI,145,1,p1,WIN,1149,1.0,0.0,0.0,0.0,0.0,0.0,example_models/16x16/agent.pt,maps/16x16/basesWorkers16x16.xml,p1,42,250,4,28
coacAI,146,1,p1,WIN,1162,1.0,0.0,0.0,0.0,0.0,0.0,example_models/16x16/agent.pt,maps/16x16/basesWorkers16x16.xml,p1,42,250,4,28
coacAI,147,1,p1,WIN,1157,1.0,0.0,0.0,0.0,0.0,0.0,example_models/16x16/agent.pt,maps/16x16/basesWorkers16x16.xml,p1,42,250,4,28
coacAI,148,1,p1,WIN,1129,1.0,0.0,0.0,0.0,0.0,0.0,example_models/16x16/agent.pt,maps/16x16/basesWorkers16x16.xml,p1,42,250,4,28
coacAI,149,1,p1,WIN,1100,1.0,0.0,0.0,0.0,0.0,0.0,example_models/16x16/agent.pt,maps/16x16/basesWorkers16x16.xml,p1,42,250,4,28
coacAI,150,1,p1,WIN,1131,1.0,1.0,0.0,0.0,0.0,0.0,example_models/16x16/agent.pt,maps/16x16/basesWorkers16x16.xml,p1,42,250,4,28
coacAI,151,1,p1,WIN,1123,1.0,0.0,0.0,0.0,0.0,0.0,example_models/16x16/agent.pt,maps/16x16/basesWorkers16x16.xml,p1,42,250,4,28
coacAI,152,1,p1,WIN,1119,1.0,0.0,0.0,0.0,1.0,0.0,example_models/16x16/agent.pt,maps/16x16/basesWorkers16x16.xml,p1,42,250,4,28
coacAI,153,1,p1,WIN,1116,1.0,0.0,0.0,0.0,0.0,0.0,example_models/16x16/agent.pt,maps/16x16/basesWorkers16x16.xml,p1,42,250,4,28
coacAI,154,1,p1,WIN,1091,1.0,0.0,0.0,0.0,1.0,0.0,example_models/16x16/agent.pt,maps/16x16/basesWorkers16x16.xml,p1,42,250,4,28
coacAI,155,1,p1,WIN,822,1.0,0.0,0.0,0.0,0.0,0.0,example_models/16x16/agent.pt,maps/16x16/basesWorkers16x16.xml,p1,42,250,4,28
coacAI,156,1,p1,LOSS,1357,-1.0,0.0,0.0,0.0,0.0,0.0,example_models/16x16/agent.pt,maps/16x16/basesWorkers16x16.xml,p1,42,250,4,28
coacAI,157,1,p1,WIN,1098,1.0,0.0,0.0,0.0,0.0,0.0,example_models/16x16/agent.pt,maps/16x16/basesWorkers16x16.xml,p1,42,250,4,28
coacAI,158,1,p1,WIN,1209,1.0,0.0,0.0,0.0,0.0,0.0,example_models/16x16/agent.pt,maps/16x16/basesWorkers16x16.xml,p1,42,250,4,28
coacAI,159,1,p1,WIN,823,1.0,0.0,0.0,0.0,0.0,0.0,example_models/16x16/agent.pt,maps/16x16/basesWorkers16x16.xml,p1,42,250,4,28
coacAI,160,1,p1,WIN,1125,1.0,0.0,0.0,0.0,0.0,0.0,example_models/16x16/agent.pt,maps/16x16/basesWorkers16x16.xml,p1,42,250,4,28
coacAI,161,1,p1,WIN,1168,1.0,0.0,0.0,0.0,0.0,0.0,example_models/16x16/agent.pt,maps/16x16/basesWorkers16x16.xml,p1,42,250,4,28
coacAI,162,1,p1,LOSS,1222,-1.0,0.0,0.0,0.0,0.0,0.0,example_models/16x16/agent.pt,maps/16x16/basesWorkers16x16.xml,p1,42,250,4,28
coacAI,163,1,p1,WIN,1092,1.0,0.0,0.0,0.0,0.0,0.0,example_models/16x16/agent.pt,maps/16x16/basesWorkers16x16.xml,p1,42,250,4,28
coacAI,164,1,p1,WIN,1124,1.0,0.0,0.0,0.0,0.0,0.0,example_models/16x16/agent.pt,maps/16x16/basesWorkers16x16.xml,p1,42,250,4,28
coacAI,165,1,p1,WIN,1102,1.0,0.0,0.0,0.0,0.0,0.0,example_models/16x16/agent.pt,maps/16x16/basesWorkers16x16.xml,p1,42,250,4,28
coacAI,166,1,p1,WIN,1148,1.0,0.0,0.0,0.0,0.0,0.0,example_models/16x16/agent.pt,maps/16x16/basesWorkers16x16.xml,p1,42,250,4,28
coacAI,167,1,p1,WIN,1199,1.0,0.0,0.0,0.0,0.0,0.0,example_models/16x16/agent.pt,maps/16x16/basesWorkers16x16.xml,p1,42,250,4,28
coacAI,168,1,p1,WIN,1161,1.0,0.0,0.0,0.0,0.0,0.0,example_models/16x16/agent.pt,maps/16x16/basesWorkers16x16.xml,p1,42,250,4,28
coacAI,169,1,p1,WIN,1125,1.0,0.0,0.0,0.0,0.0,0.0,example_models/16x16/agent.pt,maps/16x16/basesWorkers16x16.xml,p1,42,250,4,28
coacAI,170,1,p1,WIN,1106,1.0,0.0,0.0,0.0,0.0,0.0,example_models/16x16/agent.pt,maps/16x16/basesWorkers16x16.xml,p1,42,250,4,28
coacAI,171,1,p1,WIN,1116,1.0,0.0,0.0,0.0,0.0,0.0,example_models/16x16/agent.pt,maps/16x16/basesWorkers16x16.xml,p1,42,250,4,28
coacAI,172,1,p1,WIN,1090,1.0,0.0,0.0,0.0,0.0,0.0,example_models/16x16/agent.pt,maps/16x16/basesWorkers16x16.xml,p1,42,250,4,28
coacAI,173,1,p1,WIN,1119,1.0,0.0,0.0,0.0,0.0,0.0,example_models/16x16/agent.pt,maps/16x16/basesWorkers16x16.xml,p1,42,250,4,28
coacAI,174,1,p1,WIN,1083,1.0,0.0,0.0,0.0,0.0,0.0,example_models/16x16/agent.pt,maps/16x16/basesWorkers16x16.xml,p1,42,250,4,28
coacAI,175,1,p1,LOSS,1404,-1.0,0.0,0.0,0.0,0.0,0.0,example_models/16x16/agent.pt,maps/16x16/basesWorkers16x16.xml,p1,42,250,4,28
coacAI,176,1,p1,WIN,1348,1.0,0.0,0.0,0.0,0.0,0.0,example_models/16x16/agent.pt,maps/16x16/basesWorkers16x16.xml,p1,42,250,4,28
coacAI,177,1,p1,DRAW,2000,0.0,0.0,0.0,0.0,0.0,0.0,example_models/16x16/agent.pt,maps/16x16/basesWorkers16x16.xml,p1,42,250,4,28
coacAI,178,1,p1,WIN,1092,1.0,0.0,0.0,0.0,0.0,0.0,example_models/16x16/agent.pt,maps/16x16/basesWorkers16x16.xml,p1,42,250,4,28
coacAI,179,1,p1,WIN,1307,1.0,0.0,0.0,0.0,0.0,0.0,example_models/16x16/agent.pt,maps/16x16/basesWorkers16x16.xml,p1,42,250,4,28
coacAI,180,1,p1,WIN,1116,1.0,0.0,0.0,0.0,0.0,0.0,example_models/16x16/agent.pt,maps/16x16/basesWorkers16x16.xml,p1,42,250,4,28
coacAI,181,1,p1,WIN,1282,1.0,0.0,0.0,0.0,0.0,0.0,example_models/16x16/agent.pt,maps/16x16/basesWorkers16x16.xml,p1,42,250,4,28
coacAI,182,1,p1,WIN,1139,1.0,0.0,0.0,0.0,0.0,0.0,example_models/16x16/agent.pt,maps/16x16/basesWorkers16x16.xml,p1,42,250,4,28
coacAI,183,1,p1,LOSS,1831,-1.0,0.0,0.0,0.0,0.0,0.0,example_models/16x16/agent.pt,maps/16x16/basesWorkers16x16.xml,p1,42,250,4,28
coacAI,184,1,p1,WIN,1120,1.0,0.0,0.0,0.0,0.0,0.0,example_models/16x16/agent.pt,maps/16x16/basesWorkers16x16.xml,p1,42,250,4,28
coacAI,185,1,p1,WIN,1156,1.0,0.0,0.0,0.0,0.0,0.0,example_models/16x16/agent.pt,maps/16x16/basesWorkers16x16.xml,p1,42,250,4,28
coacAI,186,1,p1,WIN,1116,1.0,0.0,0.0,0.0,0.0,0.0,example_models/16x16/agent.pt,maps/16x16/basesWorkers16x16.xml,p1,42,250,4,28
coacAI,187,1,p1,WIN,1113,1.0,0.0,0.0,0.0,0.0,0.0,example_models/16x16/agent.pt,maps/16x16/basesWorkers16x16.xml,p1,42,250,4,28
coacAI,188,1,p1,WIN,1120,1.0,0.0,0.0,0.0,1.0,0.0,example_models/16x16/agent.pt,maps/16x16/basesWorkers16x16.xml,p1,42,250,4,28
coacAI,189,1,p1,LOSS,1779,-1.0,0.0,0.0,0.0,0.0,0.0,example_models/16x16/agent.pt,maps/16x16/basesWorkers16x16.xml,p1,42,250,4,28
coacAI,190,1,p1,DRAW,2000,0.0,0.0,0.0,0.0,0.0,0.0,example_models/16x16/agent.pt,maps/16x16/basesWorkers16x16.xml,p1,42,250,4,28
coacAI,191,1,p1,WIN,1126,1.0,0.0,0.0,0.0,0.0,0.0,example_models/16x16/agent.pt,maps/16x16/basesWorkers16x16.xml,p1,42,250,4,28
coacAI,192,1,p1,WIN,1116,1.0,0.0,0.0,0.0,0.0,0.0,example_models/16x16/agent.pt,maps/16x16/basesWorkers16x16.xml,p1,42,250,4,28
coacAI,193,1,p1,DRAW,2000,0.0,0.0,0.0,0.0,0.0,0.0,example_models/16x16/agent.pt,maps/16x16/basesWorkers16x16.xml,p1,42,250,4,28
coacAI,194,1,p1,WIN,1139,1.0,0.0,0.0,0.0,0.0,0.0,example_models/16x16/agent.pt,maps/16x16/basesWorkers16x16.xml,p1,42,250,4,28
coacAI,195,1,p1,WIN,1115,1.0,0.0,0.0,0.0,0.0,0.0,example_models/16x16/agent.pt,maps/16x16/basesWorkers16x16.xml,p1,42,250,4,28
coacAI,196,1,p1,DRAW,2000,0.0,0.0,0.0,0.0,0.0,0.0,example_models/16x16/agent.pt,maps/16x16/basesWorkers16x16.xml,p1,42,250,4,28
coacAI,197,1,p1,WIN,1103,1.0,0.0,0.0,0.0,0.0,0.0,example_models/16x16/agent.pt,maps/16x16/basesWorkers16x16.xml,p1,42,250,4,28
coacAI,198,1,p1,WIN,1122,1.0,0.0,0.0,0.0,0.0,0.0,example_models/16x16/agent.pt,maps/16x16/basesWorkers16x16.xml,p1,42,250,4,28
coacAI,199,1,p1,WIN,1125,1.0,0.0,0.0,0.0,0.0,0.0,example_models/16x16/agent.pt,maps/16x16/basesWorkers16x16.xml,p1,42,250,4,28
coacAI,200,1,p1,WIN,1155,1.0,0.0,0.0,0.0,0.0,0.0,example_models/16x16/agent.pt,maps/16x16/basesWorkers16x16.xml,p1,42,250,4,28
coacAI,201,1,p1,WIN,1088,1.0,0.0,0.0,0.0,0.0,0.0,example_models/16x16/agent.pt,maps/16x16/basesWorkers16x16.xml,p1,42,250,4,28
coacAI,202,1,p1,WIN,1121,1.0,0.0,0.0,0.0,1.0,0.0,example_models/16x16/agent.pt,maps/16x16/basesWorkers16x16.xml,p1,42,250,4,28
coacAI,203,1,p1,WIN,1082,1.0,0.0,0.0,0.0,0.0,0.0,example_models/16x16/agent.pt,maps/16x16/basesWorkers16x16.xml,p1,42,250,4,28
coacAI,204,1,p1,WIN,1107,1.0,0.0,0.0,0.0,0.0,0.0,example_models/16x16/agent.pt,maps/16x16/basesWorkers16x16.xml,p1,42,250,4,28
coacAI,205,1,p1,WIN,1153,1.0,0.0,0.0,0.0,0.0,0.0,example_models/16x16/agent.pt,maps/16x16/basesWorkers16x16.xml,p1,42,250,4,28
coacAI,206,1,p1,WIN,1127,1.0,0.0,0.0,0.0,0.0,0.0,example_models/16x16/agent.pt,maps/16x16/basesWorkers16x16.xml,p1,42,250,4,28
coacAI,207,1,p1,WIN,1145,1.0,0.0,0.0,0.0,0.0,0.0,example_models/16x16/agent.pt,maps/16x16/basesWorkers16x16.xml,p1,42,250,4,28
coacAI,208,1,p1,WIN,1080,1.0,0.0,0.0,0.0,0.0,0.0,example_models/16x16/agent.pt,maps/16x16/basesWorkers16x16.xml,p1,42,250,4,28
coacAI,209,1,p1,LOSS,1002,-1.0,0.0,0.0,0.0,0.0,0.0,example_models/16x16/agent.pt,maps/16x16/basesWorkers16x16.xml,p1,42,250,4,28
coacAI,210,1,p1,WIN,1127,1.0,0.0,0.0,0.0,0.0,0.0,example_models/16x16/agent.pt,maps/16x16/basesWorkers16x16.xml,p1,42,250,4,28
coacAI,211,1,p1,WIN,1118,1.0,0.0,0.0,0.0,0.0,0.0,example_models/16x16/agent.pt,maps/16x16/basesWorkers16x16.xml,p1,42,250,4,28
coacAI,212,1,p1,WIN,1255,1.0,0.0,0.0,0.0,0.0,0.0,example_models/16x16/agent.pt,maps/16x16/basesWorkers16x16.xml,p1,42,250,4,28
coacAI,213,1,p1,WIN,1352,1.0,0.0,0.0,0.0,0.0,0.0,example_models/16x16/agent.pt,maps/16x16/basesWorkers16x16.xml,p1,42,250,4,28
coacAI,214,1,p1,WIN,1106,1.0,0.0,0.0,0.0,0.0,0.0,example_models/16x16/agent.pt,maps/16x16/basesWorkers16x16.xml,p1,42,250,4,28
coacAI,215,1,p1,WIN,1092,1.0,0.0,0.0,0.0,0.0,0.0,example_models/16x16/agent.pt,maps/16x16/basesWorkers16x16.xml,p1,42,250,4,28
coacAI,216,1,p1,WIN,1129,1.0,0.0,0.0,0.0,0.0,0.0,example_models/16x16/agent.pt,maps/16x16/basesWorkers16x16.xml,p1,42,250,4,28
coacAI,217,1,p1,WIN,764,1.0,0.0,0.0,0.0,0.0,0.0,example_models/16x16/agent.pt,maps/16x16/basesWorkers16x16.xml,p1,42,250,4,28
coacAI,218,1,p1,WIN,1159,1.0,0.0,0.0,0.0,0.0,0.0,example_models/16x16/agent.pt,maps/16x16/basesWorkers16x16.xml,p1,42,250,4,28
coacAI,219,1,p1,WIN,1126,1.0,0.0,0.0,0.0,0.0,0.0,example_models/16x16/agent.pt,maps/16x16/basesWorkers16x16.xml,p1,42,250,4,28
coacAI,220,1,p1,WIN,1138,1.0,0.0,0.0,0.0,0.0,0.0,example_models/16x16/agent.pt,maps/16x16/basesWorkers16x16.xml,p1,42,250,4,28
coacAI,221,1,p1,WIN,1099,1.0,0.0,0.0,0.0,0.0,0.0,example_models/16x16/agent.pt,maps/16x16/basesWorkers16x16.xml,p1,42,250,4,28
coacAI,222,1,p1,WIN,1118,1.0,0.0,0.0,0.0,0.0,0.0,example_models/16x16/agent.pt,maps/16x16/basesWorkers16x16.xml,p1,42,250,4,28
coacAI,223,1,p1,WIN,1099,1.0,0.0,0.0,0.0,0.0,0.0,example_models/16x16/agent.pt,maps/16x16/basesWorkers16x16.xml,p1,42,250,4,28
coacAI,224,1,p1,WIN,1117,1.0,0.0,0.0,0.0,0.0,0.0,example_models/16x16/agent.pt,maps/16x16/basesWorkers16x16.xml,p1,42,250,4,28
coacAI,225,1,p1,WIN,1093,1.0,0.0,0.0,0.0,0.0,0.0,example_models/16x16/agent.pt,maps/16x16/basesWorkers16x16.xml,p1,42,250,4,28
coacAI,226,1,p1,WIN,1167,1.0,0.0,0.0,0.0,0.0,0.0,example_models/16x16/agent.pt,maps/16x16/basesWorkers16x16.xml,p1,42,250,4,28
coacAI,227,1,p1,WIN,1102,1.0,0.0,0.0,0.0,0.0,0.0,example_models/16x16/agent.pt,maps/16x16/basesWorkers16x16.xml,p1,42,250,4,28
coacAI,228,1,p1,LOSS,1419,-1.0,0.0,0.0,0.0,0.0,0.0,example_models/16x16/agent.pt,maps/16x16/basesWorkers16x16.xml,p1,42,250,4,28
coacAI,229,1,p1,WIN,1112,1.0,0.0,1.0,0.0,1.0,0.0,example_models/16x16/agent.pt,maps/16x16/basesWorkers16x16.xml,p1,42,250,4,28
coacAI,230,1,p1,WIN,1293,1.0,0.0,0.0,0.0,0.0,0.0,example_models/16x16/agent.pt,maps/16x16/basesWorkers16x16.xml,p1,42,250,4,28
coacAI,231,1,p1,WIN,1114,1.0,0.0,0.0,0.0,0.0,0.0,example_models/16x16/agent.pt,maps/16x16/basesWorkers16x16.xml,p1,42,250,4,28
coacAI,232,1,p1,WIN,1140,1.0,0.0,0.0,0.0,0.0,0.0,example_models/16x16/agent.pt,maps/16x16/basesWorkers16x16.xml,p1,42,250,4,28
coacAI,233,1,p1,WIN,1126,1.0,0.0,0.0,0.0,0.0,0.0,example_models/16x16/agent.pt,maps/16x16/basesWorkers16x16.xml,p1,42,250,4,28
coacAI,234,1,p1,WIN,1051,1.0,0.0,1.0,0.0,0.0,0.0,example_models/16x16/agent.pt,maps/16x16/basesWorkers16x16.xml,p1,42,250,4,28
coacAI,235,1,p1,WIN,1119,1.0,0.0,0.0,0.0,1.0,0.0,example_models/16x16/agent.pt,maps/16x16/basesWorkers16x16.xml,p1,42,250,4,28
coacAI,236,1,p1,WIN,1132,1.0,0.0,0.0,0.0,0.0,0.0,example_models/16x16/agent.pt,maps/16x16/basesWorkers16x16.xml,p1,42,250,4,28
coacAI,237,1,p1,WIN,1087,1.0,0.0,0.0,0.0,0.0,0.0,example_models/16x16/agent.pt,maps/16x16/basesWorkers16x16.xml,p1,42,250,4,28
coacAI,238,1,p1,WIN,1097,1.0,0.0,0.0,0.0,0.0,0.0,example_models/16x16/agent.pt,maps/16x16/basesWorkers16x16.xml,p1,42,250,4,28
coacAI,239,1,p1,WIN,1096,1.0,0.0,0.0,0.0,0.0,0.0,example_models/16x16/agent.pt,maps/16x16/basesWorkers16x16.xml,p1,42,250,4,28
coacAI,240,1,p1,WIN,1109,1.0,0.0,0.0,0.0,1.0,0.0,example_models/16x16/agent.pt,maps/16x16/basesWorkers16x16.xml,p1,42,250,4,28
coacAI,241,1,p1,WIN,1081,1.0,0.0,0.0,0.0,0.0,0.0,example_models/16x16/agent.pt,maps/16x16/basesWorkers16x16.xml,p1,42,250,4,28
coacAI,242,1,p1,WIN,1155,1.0,0.0,0.0,0.0,0.0,0.0,example_models/16x16/agent.pt,maps/16x16/basesWorkers16x16.xml,p1,42,250,4,28
coacAI,243,1,p1,WIN,1336,1.0,0.0,0.0,0.0,0.0,0.0,example_models/16x16/agent.pt,maps/16x16/basesWorkers16x16.xml,p1,42,250,4,28
coacAI,244,1,p1,WIN,1116,1.0,0.0,0.0,0.0,0.0,0.0,example_models/16x16/agent.pt,maps/16x16/basesWorkers16x16.xml,p1,42,250,4,28
coacAI,245,1,p1,WIN,1224,1.0,0.0,0.0,0.0,0.0,0.0,example_models/16x16/agent.pt,maps/16x16/basesWorkers16x16.xml,p1,42,250,4,28
coacAI,246,1,p1,WIN,1121,1.0,0.0,0.0,0.0,0.0,0.0,example_models/16x16/agent.pt,maps/16x16/basesWorkers16x16.xml,p1,42,250,4,28
coacAI,247,1,p1,WIN,1091,1.0,0.0,1.0,0.0,0.0,0.0,example_models/16x16/agent.pt,maps/16x16/basesWorkers16x16.xml,p1,42,250,4,28
coacAI,248,1,p1,WIN,1322,1.0,0.0,0.0,0.0,0.0,0.0,example_models/16x16/agent.pt,maps/16x16/basesWorkers16x16.xml,p1,42,250,4,28
coacAI,249,1,p1,WIN,1116,1.0,0.0,0.0,0.0,0.0,0.0,example_models/16x16/agent.pt,maps/16x16/basesWorkers16x16.xml,p1,42,250,4,28
coacAI,250,1,p1,WIN,1092,1.0,0.0,0.0,0.0,1.0,0.0,example_models/16x16/agent.pt,maps/16x16/basesWorkers16x16.xml,p1,42,250,4,28
coacAI,1,2,p1,WIN,781,1.0,0.0,0.0,0.0,0.0,0.0,example_models/16x16/agent.pt,maps/16x16/basesWorkers16x16.xml,p1,42,250,4,28
coacAI,2,2,p1,WIN,1088,1.0,0.0,0.0,0.0,0.0,0.0,example_models/16x16/agent.pt,maps/16x16/basesWorkers16x16.xml,p1,42,250,4,28
coacAI,3,2,p1,WIN,1089,1.0,0.0,0.0,0.0,0.0,0.0,example_models/16x16/agent.pt,maps/16x16/basesWorkers16x16.xml,p1,42,250,4,28
coacAI,4,2,p1,WIN,1096,1.0,0.0,0.0,0.0,0.0,0.0,example_models/16x16/agent.pt,maps/16x16/basesWorkers16x16.xml,p1,42,250,4,28
coacAI,5,2,p1,WIN,1097,1.0,0.0,0.0,0.0,1.0,0.0,example_models/16x16/agent.pt,maps/16x16/basesWorkers16x16.xml,p1,42,250,4,28
coacAI,6,2,p1,WIN,1097,1.0,0.0,0.0,0.0,0.0,0.0,example_models/16x16/agent.pt,maps/16x16/basesWorkers16x16.xml,p1,42,250,4,28
coacAI,7,2,p1,WIN,1098,1.0,0.0,0.0,0.0,0.0,0.0,example_models/16x16/agent.pt,maps/16x16/basesWorkers16x16.xml,p1,42,250,4,28
coacAI,8,2,p1,WIN,1099,1.0,0.0,0.0,0.0,0.0,0.0,example_models/16x16/agent.pt,maps/16x16/basesWorkers16x16.xml,p1,42,250,4,28
coacAI,9,2,p1,WIN,1106,1.0,0.0,0.0,0.0,0.0,0.0,example_models/16x16/agent.pt,maps/16x16/basesWorkers16x16.xml,p1,42,250,4,28
coacAI,10,2,p1,WIN,1107,1.0,0.0,0.0,0.0,0.0,0.0,example_models/16x16/agent.pt,maps/16x16/basesWorkers16x16.xml,p1,42,250,4,28
coacAI,11,2,p1,WIN,1111,1.0,0.0,0.0,0.0,1.0,0.0,example_models/16x16/agent.pt,maps/16x16/basesWorkers16x16.xml,p1,42,250,4,28
coacAI,12,2,p1,WIN,1116,1.0,0.0,0.0,0.0,0.0,0.0,example_models/16x16/agent.pt,maps/16x16/basesWorkers16x16.xml,p1,42,250,4,28
coacAI,13,2,p1,WIN,1116,1.0,0.0,0.0,0.0,0.0,0.0,example_models/16x16/agent.pt,maps/16x16/basesWorkers16x16.xml,p1,42,250,4,28
coacAI,14,2,p1,WIN,1116,1.0,0.0,0.0,0.0,0.0,0.0,example_models/16x16/agent.pt,maps/16x16/basesWorkers16x16.xml,p1,42,250,4,28
coacAI,15,2,p1,WIN,1119,1.0,0.0,0.0,0.0,0.0,0.0,example_models/16x16/agent.pt,maps/16x16/basesWorkers16x16.xml,p1,42,250,4,28
coacAI,16,2,p1,WIN,1124,1.0,0.0,0.0,0.0,0.0,0.0,example_models/16x16/agent.pt,maps/16x16/basesWorkers16x16.xml,p1,42,250,4,28
coacAI,17,2,p1,WIN,1126,1.0,0.0,0.0,0.0,0.0,0.0,example_models/16x16/agent.pt,maps/16x16/basesWorkers16x16.xml,p1,42,250,4,28
coacAI,18,2,p1,WIN,1126,1.0,0.0,0.0,0.0,1.0,0.0,example_models/16x16/agent.pt,maps/16x16/basesWorkers16x16.xml,p1,42,250,4,28
coacAI,19,2,p1,WIN,1126,1.0,0.0,0.0,0.0,1.0,0.0,example_models/16x16/agent.pt,maps/16x16/basesWorkers16x16.xml,p1,42,250,4,28
coacAI,20,2,p1,WIN,1129,1.0,0.0,0.0,0.0,0.0,0.0,example_models/16x16/agent.pt,maps/16x16/basesWorkers16x16.xml,p1,42,250,4,28
coacAI,21,2,p1,WIN,1132,1.0,0.0,0.0,0.0,0.0,0.0,example_models/16x16/agent.pt,maps/16x16/basesWorkers16x16.xml,p1,42,250,4,28
coacAI,22,2,p1,WIN,1142,1.0,0.0,1.0,0.0,0.0,0.0,example_models/16x16/agent.pt,maps/16x16/basesWorkers16x16.xml,p1,42,250,4,28
coacAI,23,2,p1,WIN,1151,1.0,0.0,0.0,0.0,0.0,0.0,example_models/16x16/agent.pt,maps/16x16/basesWorkers16x16.xml,p1,42,250,4,28
coacAI,24,2,p1,WIN,1152,1.0,0.0,0.0,0.0,0.0,0.0,example_models/16x16/agent.pt,maps/16x16/basesWorkers16x16.xml,p1,42,250,4,28
coacAI,25,2,p1,WIN,1153,1.0,0.0,0.0,0.0,0.0,0.0,example_models/16x16/agent.pt,maps/16x16/basesWorkers16x16.xml,p1,42,250,4,28
coacAI,26,2,p1,WIN,1294,1.0,0.0,0.0,0.0,0.0,0.0,example_models/16x16/agent.pt,maps/16x16/basesWorkers16x16.xml,p1,42,250,4,28
coacAI,27,2,p1,LOSS,1472,-1.0,0.0,0.0,0.0,0.0,0.0,example_models/16x16/agent.pt,maps/16x16/basesWorkers16x16.xml,p1,42,250,4,28
coacAI,28,2,p1,LOSS,1776,-1.0,0.0,0.0,0.0,0.0,0.0,example_models/16x16/agent.pt,maps/16x16/basesWorkers16x16.xml,p1,42,250,4,28
coacAI,29,2,p1,WIN,1085,1.0,0.0,0.0,0.0,0.0,0.0,example_models/16x16/agent.pt,maps/16x16/basesWorkers16x16.xml,p1,42,250,4,28
coacAI,30,2,p1,WIN,815,1.0,0.0,0.0,0.0,0.0,0.0,example_models/16x16/agent.pt,maps/16x16/basesWorkers16x16.xml,p1,42,250,4,28
coacAI,31,2,p1,WIN,853,1.0,0.0,0.0,0.0,0.0,0.0,example_models/16x16/agent.pt,maps/16x16/basesWorkers16x16.xml,p1,42,250,4,28
coacAI,32,2,p1,LOSS,996,-1.0,0.0,0.0,0.0,0.0,0.0,example_models/16x16/agent.pt,maps/16x16/basesWorkers16x16.xml,p1,42,250,4,28
coacAI,33,2,p1,LOSS,1040,-1.0,0.0,0.0,0.0,0.0,0.0,example_models/16x16/agent.pt,maps/16x16/basesWorkers16x16.xml,p1,42,250,4,28
coacAI,34,2,p1,WIN,1105,1.0,0.0,0.0,0.0,0.0,0.0,example_models/16x16/agent.pt,maps/16x16/basesWorkers16x16.xml,p1,42,250,4,28
coacAI,35,2,p1,WIN,1096,1.0,0.0,0.0,0.0,0.0,0.0,example_models/16x16/agent.pt,maps/16x16/basesWorkers16x16.xml,p1,42,250,4,28
coacAI,36,2,p1,WIN,1125,1.0,0.0,0.0,0.0,0.0,0.0,example_models/16x16/agent.pt,maps/16x16/basesWorkers16x16.xml,p1,42,250,4,28
coacAI,37,2,p1,WIN,1117,1.0,0.0,0.0,0.0,0.0,0.0,example_models/16x16/agent.pt,maps/16x16/basesWorkers16x16.xml,p1,42,250,4,28
coacAI,38,2,p1,WIN,1117,1.0,0.0,0.0,0.0,0.0,0.0,example_models/16x16/agent.pt,maps/16x16/basesWorkers16x16.xml,p1,42,250,4,28
coacAI,39,2,p1,WIN,1095,1.0,0.0,0.0,0.0,0.0,0.0,example_models/16x16/agent.pt,maps/16x16/basesWorkers16x16.xml,p1,42,250,4,28
coacAI,40,2,p1,WIN,1117,1.0,0.0,0.0,0.0,0.0,0.0,example_models/16x16/agent.pt,maps/16x16/basesWorkers16x16.xml,p1,42,250,4,28
coacAI,41,2,p1,WIN,1128,1.0,0.0,0.0,0.0,0.0,0.0,example_models/16x16/agent.pt,maps/16x16/basesWorkers16x16.xml,p1,42,250,4,28
coacAI,42,2,p1,WIN,1121,1.0,0.0,1.0,0.0,0.0,0.0,example_models/16x16/agent.pt,maps/16x16/basesWorkers16x16.xml,p1,42,250,4,28
coacAI,43,2,p1,WIN,1103,1.0,0.0,0.0,0.0,0.0,0.0,example_models/16x16/agent.pt,maps/16x16/basesWorkers16x16.xml,p1,42,250,4,28
coacAI,44,2,p1,WIN,1117,1.0,0.0,0.0,0.0,0.0,0.0,example_models/16x16/agent.pt,maps/16x16/basesWorkers16x16.xml,p1,42,250,4,28
coacAI,45,2,p1,WIN,1120,1.0,0.0,0.0,0.0,0.0,0.0,example_models/16x16/agent.pt,maps/16x16/basesWorkers16x16.xml,p1,42,250,4,28
coacAI,46,2,p1,WIN,1133,1.0,0.0,0.0,0.0,0.0,0.0,example_models/16x16/agent.pt,maps/16x16/basesWorkers16x16.xml,p1,42,250,4,28
coacAI,47,2,p1,WIN,1116,1.0,1.0,0.0,0.0,0.0,0.0,example_models/16x16/agent.pt,maps/16x16/basesWorkers16x16.xml,p1,42,250,4,28
coacAI,48,2,p1,WIN,1113,1.0,0.0,0.0,0.0,0.0,0.0,example_models/16x16/agent.pt,maps/16x16/basesWorkers16x16.xml,p1,42,250,4,28
coacAI,49,2,p1,WIN,1137,1.0,0.0,0.0,0.0,0.0,0.0,example_models/16x16/agent.pt,maps/16x16/basesWorkers16x16.xml,p1,42,250,4,28
coacAI,50,2,p1,WIN,1125,1.0,0.0,0.0,0.0,0.0,0.0,example_models/16x16/agent.pt,maps/16x16/basesWorkers16x16.xml,p1,42,250,4,28
coacAI,51,2,p1,WIN,1136,1.0,0.0,0.0,0.0,0.0,0.0,example_models/16x16/agent.pt,maps/16x16/basesWorkers16x16.xml,p1,42,250,4,28
coacAI,52,2,p1,WIN,1072,1.0,0.0,0.0,0.0,0.0,0.0,example_models/16x16/agent.pt,maps/16x16/basesWorkers16x16.xml,p1,42,250,4,28
coacAI,53,2,p1,LOSS,1397,-1.0,0.0,0.0,0.0,0.0,0.0,example_models/16x16/agent.pt,maps/16x16/basesWorkers16x16.xml,p1,42,250,4,28
coacAI,54,2,p1,WIN,1126,1.0,0.0,0.0,0.0,0.0,0.0,example_models/16x16/agent.pt,maps/16x16/basesWorkers16x16.xml,p1,42,250,4,28
coacAI,55,2,p1,LOSS,1878,-1.0,0.0,0.0,0.0,0.0,0.0,example_models/16x16/agent.pt,maps/16x16/basesWorkers16x16.xml,p1,42,250,4,28
coacAI,56,2,p1,WIN,1126,1.0,0.0,0.0,0.0,0.0,0.0,example_models/16x16/agent.pt,maps/16x16/basesWorkers16x16.xml,p1,42,250,4,28
coacAI,57,2,p1,WIN,808,1.0,0.0,0.0,0.0,0.0,0.0,example_models/16x16/agent.pt,maps/16x16/basesWorkers16x16.xml,p1,42,250,4,28
coacAI,58,2,p1,WIN,1097,1.0,0.0,0.0,0.0,0.0,0.0,example_models/16x16/agent.pt,maps/16x16/basesWorkers16x16.xml,p1,42,250,4,28
coacAI,59,2,p1,WIN,1127,1.0,0.0,0.0,0.0,0.0,0.0,example_models/16x16/agent.pt,maps/16x16/basesWorkers16x16.xml,p1,42,250,4,28
coacAI,60,2,p1,LOSS,821,-1.0,0.0,0.0,0.0,0.0,0.0,example_models/16x16/agent.pt,maps/16x16/basesWorkers16x16.xml,p1,42,250,4,28
coacAI,61,2,p1,WIN,1425,1.0,0.0,0.0,0.0,0.0,0.0,example_models/16x16/agent.pt,maps/16x16/basesWorkers16x16.xml,p1,42,250,4,28
coacAI,62,2,p1,WIN,1096,1.0,0.0,0.0,0.0,0.0,0.0,example_models/16x16/agent.pt,maps/16x16/basesWorkers16x16.xml,p1,42,250,4,28
coacAI,63,2,p1,WIN,1139,1.0,0.0,0.0,0.0,0.0,0.0,example_models/16x16/agent.pt,maps/16x16/basesWorkers16x16.xml,p1,42,250,4,28
coacAI,64,2,p1,WIN,1101,1.0,0.0,0.0,0.0,0.0,0.0,example_models/16x16/agent.pt,maps/16x16/basesWorkers16x16.xml,p1,42,250,4,28
coacAI,65,2,p1,WIN,1101,1.0,1.0,0.0,0.0,0.0,0.0,example_models/16x16/agent.pt,maps/16x16/basesWorkers16x16.xml,p1,42,250,4,28
coacAI,66,2,p1,WIN,1116,1.0,0.0,0.0,0.0,0.0,0.0,example_models/16x16/agent.pt,maps/16x16/basesWorkers16x16.xml,p1,42,250,4,28
coacAI,67,2,p1,WIN,1110,1.0,0.0,0.0,0.0,0.0,0.0,example_models/16x16/agent.pt,maps/16x16/basesWorkers16x16.xml,p1,42,250,4,28
coacAI,68,2,p1,WIN,1096,1.0,0.0,0.0,0.0,0.0,0.0,example_models/16x16/agent.pt,maps/16x16/basesWorkers16x16.xml,p1,42,250,4,28
coacAI,69,2,p1,WIN,1117,1.0,0.0,0.0,0.0,0.0,0.0,example_models/16x16/agent.pt,maps/16x16/basesWorkers16x16.xml,p1,42,250,4,28
coacAI,70,2,p1,WIN,1106,1.0,0.0,0.0,0.0,0.0,0.0,example_models/16x16/agent.pt,maps/16x16/basesWorkers16x16.xml,p1,42,250,4,28
coacAI,71,2,p1,WIN,1125,1.0,0.0,0.0,0.0,0.0,0.0,example_models/16x16/agent.pt,maps/16x16/basesWorkers16x16.xml,p1,42,250,4,28
coacAI,72,2,p1,WIN,1122,1.0,0.0,0.0,0.0,0.0,0.0,example_models/16x16/agent.pt,maps/16x16/basesWorkers16x16.xml,p1,42,250,4,28
coacAI,73,2,p1,WIN,1134,1.0,0.0,0.0,0.0,0.0,0.0,example_models/16x16/agent.pt,maps/16x16/basesWorkers16x16.xml,p1,42,250,4,28
coacAI,74,2,p1,WIN,1121,1.0,1.0,0.0,0.0,0.0,0.0,example_models/16x16/agent.pt,maps/16x16/basesWorkers16x16.xml,p1,42,250,4,28
coacAI,75,2,p1,WIN,1139,1.0,1.0,0.0,0.0,0.0,0.0,example_models/16x16/agent.pt,maps/16x16/basesWorkers16x16.xml,p1,42,250,4,28
coacAI,76,2,p1,WIN,1139,1.0,0.0,0.0,0.0,0.0,0.0,example_models/16x16/agent.pt,maps/16x16/basesWorkers16x16.xml,p1,42,250,4,28
coacAI,77,2,p1,WIN,1126,1.0,0.0,0.0,0.0,0.0,0.0,example_models/16x16/agent.pt,maps/16x16/basesWorkers16x16.xml,p1,42,250,4,28
coacAI,78,2,p1,WIN,1190,1.0,0.0,0.0,0.0,0.0,0.0,example_models/16x16/agent.pt,maps/16x16/basesWorkers16x16.xml,p1,42,250,4,28
coacAI,79,2,p1,WIN,1098,1.0,0.0,0.0,0.0,0.0,0.0,example_models/16x16/agent.pt,maps/16x16/basesWorkers16x16.xml,p1,42,250,4,28
coacAI,80,2,p1,WIN,1096,1.0,0.0,0.0,0.0,0.0,0.0,example_models/16x16/agent.pt,maps/16x16/basesWorkers16x16.xml,p1,42,250,4,28
coacAI,81,2,p1,WIN,1146,1.0,0.0,0.0,0.0,1.0,0.0,example_models/16x16/agent.pt,maps/16x16/basesWorkers16x16.xml,p1,42,250,4,28
coacAI,82,2,p1,WIN,1096,1.0,0.0,0.0,0.0,0.0,0.0,example_models/16x16/agent.pt,maps/16x16/basesWorkers16x16.xml,p1,42,250,4,28
coacAI,83,2,p1,WIN,1139,1.0,0.0,0.0,0.0,0.0,0.0,example_models/16x16/agent.pt,maps/16x16/basesWorkers16x16.xml,p1,42,250,4,28
coacAI,84,2,p1,WIN,1102,1.0,0.0,0.0,0.0,0.0,0.0,example_models/16x16/agent.pt,maps/16x16/basesWorkers16x16.xml,p1,42,250,4,28
coacAI,85,2,p1,WIN,1123,1.0,0.0,0.0,0.0,0.0,0.0,example_models/16x16/agent.pt,maps/16x16/basesWorkers16x16.xml,p1,42,250,4,28
coacAI,86,2,p1,WIN,1087,1.0,0.0,0.0,0.0,0.0,0.0,example_models/16x16/agent.pt,maps/16x16/basesWorkers16x16.xml,p1,42,250,4,28
coacAI,87,2,p1,LOSS,875,-1.0,0.0,0.0,0.0,0.0,0.0,example_models/16x16/agent.pt,maps/16x16/basesWorkers16x16.xml,p1,42,250,4,28
coacAI,88,2,p1,LOSS,912,-1.0,0.0,0.0,0.0,0.0,0.0,example_models/16x16/agent.pt,maps/16x16/basesWorkers16x16.xml,p1,42,250,4,28
coacAI,89,2,p1,DRAW,2000,0.0,0.0,0.0,0.0,0.0,0.0,example_models/16x16/agent.pt,maps/16x16/basesWorkers16x16.xml,p1,42,250,4,28
coacAI,90,2,p1,WIN,867,1.0,0.0,0.0,0.0,0.0,0.0,example_models/16x16/agent.pt,maps/16x16/basesWorkers16x16.xml,p1,42,250,4,28
coacAI,91,2,p1,WIN,1122,1.0,0.0,0.0,0.0,0.0,0.0,example_models/16x16/agent.pt,maps/16x16/basesWorkers16x16.xml,p1,42,250,4,28
coacAI,92,2,p1,WIN,980,1.0,0.0,0.0,0.0,0.0,0.0,example_models/16x16/agent.pt,maps/16x16/basesWorkers16x16.xml,p1,42,250,4,28
coacAI,93,2,p1,WIN,1092,1.0,0.0,0.0,0.0,0.0,0.0,example_models/16x16/agent.pt,maps/16x16/basesWorkers16x16.xml,p1,42,250,4,28
coacAI,94,2,p1,WIN,1328,1.0,0.0,0.0,0.0,0.0,0.0,example_models/16x16/agent.pt,maps/16x16/basesWorkers16x16.xml,p1,42,250,4,28
coacAI,95,2,p1,WIN,1114,1.0,0.0,0.0,0.0,1.0,0.0,example_models/16x16/agent.pt,maps/16x16/basesWorkers16x16.xml,p1,42,250,4,28
coacAI,96,2,p1,WIN,1126,1.0,0.0,0.0,0.0,1.0,0.0,example_models/16x16/agent.pt,maps/16x16/basesWorkers16x16.xml,p1,42,250,4,28
coacAI,97,2,p1,WIN,1119,1.0,0.0,0.0,0.0,1.0,0.0,example_models/16x16/agent.pt,maps/16x16/basesWorkers16x16.xml,p1,42,250,4,28
coacAI,98,2,p1,WIN,1165,1.0,0.0,0.0,0.0,0.0,0.0,example_models/16x16/agent.pt,maps/16x16/basesWorkers16x16.xml,p1,42,250,4,28
coacAI,99,2,p1,WIN,1111,1.0,0.0,0.0,0.0,0.0,0.0,example_models/16x16/agent.pt,maps/16x16/basesWorkers16x16.xml,p1,42,250,4,28
coacAI,100,2,p1,WIN,1126,1.0,0.0,0.0,0.0,0.0,0.0,example_models/16x16/agent.pt,maps/16x16/basesWorkers16x16.xml,p1,42,250,4,28
coacAI,101,2,p1,WIN,1126,1.0,0.0,0.0,0.0,0.0,0.0,example_models/16x16/agent.pt,maps/16x16/basesWorkers16x16.xml,p1,42,250,4,28
coacAI,102,2,p1,WIN,1248,1.0,0.0,0.0,0.0,0.0,0.0,example_models/16x16/agent.pt,maps/16x16/basesWorkers16x16.xml,p1,42,250,4,28
coacAI,103,2,p1,WIN,1116,1.0,0.0,0.0,0.0,0.0,0.0,example_models/16x16/agent.pt,maps/16x16/basesWorkers16x16.xml,p1,42,250,4,28
coacAI,104,2,p1,WIN,1156,1.0,0.0,0.0,0.0,0.0,0.0,example_models/16x16/agent.pt,maps/16x16/basesWorkers16x16.xml,p1,42,250,4,28
coacAI,105,2,p1,WIN,1138,1.0,0.0,0.0,0.0,0.0,0.0,example_models/16x16/agent.pt,maps/16x16/basesWorkers16x16.xml,p1,42,250,4,28
coacAI,106,2,p1,WIN,1563,1.0,0.0,1.0,0.0,0.0,0.0,example_models/16x16/agent.pt,maps/16x16/basesWorkers16x16.xml,p1,42,250,4,28
coacAI,107,2,p1,WIN,1125,1.0,0.0,0.0,0.0,0.0,0.0,example_models/16x16/agent.pt,maps/16x16/basesWorkers16x16.xml,p1,42,250,4,28
coacAI,108,2,p1,LOSS,822,-1.0,0.0,0.0,0.0,0.0,0.0,example_models/16x16/agent.pt,maps/16x16/basesWorkers16x16.xml,p1,42,250,4,28
coacAI,109,2,p1,WIN,1090,1.0,0.0,0.0,0.0,0.0,0.0,example_models/16x16/agent.pt,maps/16x16/basesWorkers16x16.xml,p1,42,250,4,28
coacAI,110,2,p1,WIN,1109,1.0,0.0,0.0,0.0,0.0,0.0,example_models/16x16/agent.pt,maps/16x16/basesWorkers16x16.xml,p1,42,250,4,28
coacAI,111,2,p1,DRAW,2000,0.0,0.0,0.0,0.0,0.0,0.0,example_models/16x16/agent.pt,maps/16x16/basesWorkers16x16.xml,p1,42,250,4,28
coacAI,112,2,p1,WIN,1085,1.0,0.0,0.0,0.0,0.0,0.0,example_models/16x16/agent.pt,maps/16x16/basesWorkers16x16.xml,p1,42,250,4,28
coacAI,113,2,p1,WIN,1117,1.0,0.0,0.0,0.0,0.0,0.0,example_models/16x16/agent.pt,maps/16x16/basesWorkers16x16.xml,p1,42,250,4,28
coacAI,114,2,p1,WIN,1090,1.0,0.0,0.0,0.0,0.0,0.0,example_models/16x16/agent.pt,maps/16x16/basesWorkers16x16.xml,p1,42,250,4,28
coacAI,115,2,p1,DRAW,2000,0.0,0.0,0.0,0.0,0.0,0.0,example_models/16x16/agent.pt,maps/16x16/basesWorkers16x16.xml,p1,42,250,4,28
coacAI,116,2,p1,WIN,1156,1.0,0.0,0.0,0.0,0.0,0.0,example_models/16x16/agent.pt,maps/16x16/basesWorkers16x16.xml,p1,42,250,4,28
coacAI,117,2,p1,WIN,1106,1.0,0.0,1.0,0.0,0.0,0.0,example_models/16x16/agent.pt,maps/16x16/basesWorkers16x16.xml,p1,42,250,4,28
coacAI,118,2,p1,WIN,1117,1.0,0.0,0.0,0.0,0.0,0.0,example_models/16x16/agent.pt,maps/16x16/basesWorkers16x16.xml,p1,42,250,4,28
coacAI,119,2,p1,WIN,1100,1.0,0.0,0.0,0.0,0.0,0.0,example_models/16x16/agent.pt,maps/16x16/basesWorkers16x16.xml,p1,42,250,4,28
coacAI,120,2,p1,WIN,1095,1.0,0.0,0.0,0.0,0.0,0.0,example_models/16x16/agent.pt,maps/16x16/basesWorkers16x16.xml,p1,42,250,4,28
coacAI,121,2,p1,WIN,1091,1.0,0.0,0.0,0.0,1.0,0.0,example_models/16x16/agent.pt,maps/16x16/basesWorkers16x16.xml,p1,42,250,4,28
coacAI,122,2,p1,WIN,1121,1.0,1.0,0.0,0.0,0.0,0.0,example_models/16x16/agent.pt,maps/16x16/basesWorkers16x16.xml,p1,42,250,4,28
coacAI,123,2,p1,WIN,1071,1.0,0.0,0.0,0.0,0.0,0.0,example_models/16x16/agent.pt,maps/16x16/basesWorkers16x16.xml,p1,42,250,4,28
coacAI,124,2,p1,WIN,1124,1.0,0.0,0.0,0.0,1.0,0.0,example_models/16x16/agent.pt,maps/16x16/basesWorkers16x16.xml,p1,42,250,4,28
coacAI,125,2,p1,WIN,1147,1.0,0.0,0.0,0.0,0.0,0.0,example_models/16x16/agent.pt,maps/16x16/basesWorkers16x16.xml,p1,42,250,4,28
coacAI,126,2,p1,WIN,1155,1.0,0.0,0.0,0.0,0.0,0.0,example_models/16x16/agent.pt,maps/16x16/basesWorkers16x16.xml,p1,42,250,4,28
coacAI,127,2,p1,WIN,1119,1.0,0.0,0.0,0.0,0.0,0.0,example_models/16x16/agent.pt,maps/16x16/basesWorkers16x16.xml,p1,42,250,4,28
coacAI,128,2,p1,WIN,1116,1.0,0.0,0.0,0.0,0.0,0.0,example_models/16x16/agent.pt,maps/16x16/basesWorkers16x16.xml,p1,42,250,4,28
coacAI,129,2,p1,WIN,949,1.0,0.0,0.0,0.0,0.0,0.0,example_models/16x16/agent.pt,maps/16x16/basesWorkers16x16.xml,p1,42,250,4,28
coacAI,130,2,p1,WIN,879,1.0,0.0,0.0,0.0,0.0,0.0,example_models/16x16/agent.pt,maps/16x16/basesWorkers16x16.xml,p1,42,250,4,28
coacAI,131,2,p1,WIN,1116,1.0,0.0,0.0,0.0,0.0,0.0,example_models/16x16/agent.pt,maps/16x16/basesWorkers16x16.xml,p1,42,250,4,28
coacAI,132,2,p1,WIN,1316,1.0,0.0,0.0,0.0,1.0,0.0,example_models/16x16/agent.pt,maps/16x16/basesWorkers16x16.xml,p1,42,250,4,28
coacAI,133,2,p1,WIN,1355,1.0,0.0,0.0,0.0,0.0,0.0,example_models/16x16/agent.pt,maps/16x16/basesWorkers16x16.xml,p1,42,250,4,28
coacAI,134,2,p1,WIN,935,1.0,0.0,0.0,0.0,0.0,0.0,example_models/16x16/agent.pt,maps/16x16/basesWorkers16x16.xml,p1,42,250,4,28
coacAI,135,2,p1,WIN,1116,1.0,0.0,0.0,0.0,0.0,0.0,example_models/16x16/agent.pt,maps/16x16/basesWorkers16x16.xml,p1,42,250,4,28
coacAI,136,2,p1,WIN,935,1.0,0.0,0.0,0.0,0.0,0.0,example_models/16x16/agent.pt,maps/16x16/basesWorkers16x16.xml,p1,42,250,4,28
coacAI,137,2,p1,WIN,1126,1.0,0.0,0.0,0.0,0.0,0.0,example_models/16x16/agent.pt,maps/16x16/basesWorkers16x16.xml,p1,42,250,4,28
coacAI,138,2,p1,WIN,1146,1.0,0.0,0.0,0.0,0.0,0.0,example_models/16x16/agent.pt,maps/16x16/basesWorkers16x16.xml,p1,42,250,4,28
coacAI,139,2,p1,WIN,1147,1.0,0.0,0.0,0.0,0.0,0.0,example_models/16x16/agent.pt,maps/16x16/basesWorkers16x16.xml,p1,42,250,4,28
coacAI,140,2,p1,WIN,1116,1.0,0.0,0.0,0.0,0.0,0.0,example_models/16x16/agent.pt,maps/16x16/basesWorkers16x16.xml,p1,42,250,4,28
coacAI,141,2,p1,WIN,1103,1.0,0.0,0.0,0.0,0.0,0.0,example_models/16x16/agent.pt,maps/16x16/basesWorkers16x16.xml,p1,42,250,4,28
coacAI,142,2,p1,DRAW,2000,0.0,0.0,0.0,0.0,0.0,0.0,example_models/16x16/agent.pt,maps/16x16/basesWorkers16x16.xml,p1,42,250,4,28
coacAI,143,2,p1,DRAW,2000,0.0,0.0,0.0,0.0,0.0,0.0,example_models/16x16/agent.pt,maps/16x16/basesWorkers16x16.xml,p1,42,250,4,28
coacAI,144,2,p1,DRAW,2000,0.0,0.0,0.0,0.0,0.0,0.0,example_models/16x16/agent.pt,maps/16x16/basesWorkers16x16.xml,p1,42,250,4,28
coacAI,145,2,p1,WIN,1150,1.0,0.0,0.0,0.0,0.0,0.0,example_models/16x16/agent.pt,maps/16x16/basesWorkers16x16.xml,p1,42,250,4,28
coacAI,146,2,p1,WIN,1194,1.0,0.0,0.0,0.0,0.0,0.0,example_models/16x16/agent.pt,maps/16x16/basesWorkers16x16.xml,p1,42,250,4,28
coacAI,147,2,p1,WIN,1136,1.0,0.0,0.0,0.0,0.0,0.0,example_models/16x16/agent.pt,maps/16x16/basesWorkers16x16.xml,p1,42,250,4,28
coacAI,148,2,p1,WIN,1108,1.0,0.0,0.0,0.0,0.0,0.0,example_models/16x16/agent.pt,maps/16x16/basesWorkers16x16.xml,p1,42,250,4,28
coacAI,149,2,p1,WIN,1103,1.0,0.0,0.0,0.0,1.0,0.0,example_models/16x16/agent.pt,maps/16x16/basesWorkers16x16.xml,p1,42,250,4,28
coacAI,150,2,p1,WIN,1100,1.0,0.0,0.0,0.0,0.0,0.0,example_models/16x16/agent.pt,maps/16x16/basesWorkers16x16.xml,p1,42,250,4,28
coacAI,151,2,p1,WIN,1087,1.0,0.0,0.0,0.0,0.0,0.0,example_models/16x16/agent.pt,maps/16x16/basesWorkers16x16.xml,p1,42,250,4,28
coacAI,152,2,p1,WIN,1124,1.0,0.0,0.0,0.0,0.0,0.0,example_models/16x16/agent.pt,maps/16x16/basesWorkers16x16.xml,p1,42,250,4,28
coacAI,153,2,p1,WIN,1101,1.0,0.0,0.0,0.0,0.0,0.0,example_models/16x16/agent.pt,maps/16x16/basesWorkers16x16.xml,p1,42,250,4,28
coacAI,154,2,p1,WIN,1134,1.0,0.0,0.0,0.0,0.0,0.0,example_models/16x16/agent.pt,maps/16x16/basesWorkers16x16.xml,p1,42,250,4,28
coacAI,155,2,p1,WIN,1118,1.0,0.0,0.0,0.0,1.0,0.0,example_models/16x16/agent.pt,maps/16x16/basesWorkers16x16.xml,p1,42,250,4,28
coacAI,156,2,p1,WIN,1181,1.0,0.0,0.0,0.0,0.0,0.0,example_models/16x16/agent.pt,maps/16x16/basesWorkers16x16.xml,p1,42,250,4,28
coacAI,157,2,p1,LOSS,1626,-1.0,0.0,0.0,0.0,0.0,0.0,example_models/16x16/agent.pt,maps/16x16/basesWorkers16x16.xml,p1,42,250,4,28
coacAI,158,2,p1,WIN,1135,1.0,0.0,0.0,0.0,0.0,0.0,example_models/16x16/agent.pt,maps/16x16/basesWorkers16x16.xml,p1,42,250,4,28
coacAI,159,2,p1,WIN,1146,1.0,0.0,0.0,0.0,0.0,0.0,example_models/16x16/agent.pt,maps/16x16/basesWorkers16x16.xml,p1,42,250,4,28
coacAI,160,2,p1,WIN,1107,1.0,0.0,0.0,0.0,0.0,0.0,example_models/16x16/agent.pt,maps/16x16/basesWorkers16x16.xml,p1,42,250,4,28
coacAI,161,2,p1,WIN,964,1.0,0.0,0.0,0.0,0.0,0.0,example_models/16x16/agent.pt,maps/16x16/basesWorkers16x16.xml,p1,42,250,4,28
coacAI,162,2,p1,WIN,1125,1.0,0.0,0.0,0.0,1.0,0.0,example_models/16x16/agent.pt,maps/16x16/basesWorkers16x16.xml,p1,42,250,4,28
coacAI,163,2,p1,LOSS,976,-1.0,0.0,0.0,0.0,0.0,0.0,example_models/16x16/agent.pt,maps/16x16/basesWorkers16x16.xml,p1,42,250,4,28
coacAI,164,2,p1,WIN,1096,1.0,0.0,0.0,0.0,0.0,0.0,example_models/16x16/agent.pt,maps/16x16/basesWorkers16x16.xml,p1,42,250,4,28
coacAI,165,2,p1,WIN,1140,1.0,0.0,0.0,0.0,0.0,0.0,example_models/16x16/agent.pt,maps/16x16/basesWorkers16x16.xml,p1,42,250,4,28
coacAI,166,2,p1,WIN,1066,1.0,0.0,0.0,0.0,0.0,0.0,example_models/16x16/agent.pt,maps/16x16/basesWorkers16x16.xml,p1,42,250,4,28
coacAI,167,2,p1,WIN,1118,1.0,0.0,0.0,0.0,0.0,0.0,example_models/16x16/agent.pt,maps/16x16/basesWorkers16x16.xml,p1,42,250,4,28
coacAI,168,2,p1,WIN,1195,1.0,0.0,0.0,0.0,0.0,0.0,example_models/16x16/agent.pt,maps/16x16/basesWorkers16x16.xml,p1,42,250,4,28
coacAI,169,2,p1,WIN,1096,1.0,0.0,0.0,0.0,0.0,0.0,example_models/16x16/agent.pt,maps/16x16/basesWorkers16x16.xml,p1,42,250,4,28
coacAI,170,2,p1,WIN,1105,1.0,0.0,0.0,0.0,0.0,0.0,example_models/16x16/agent.pt,maps/16x16/basesWorkers16x16.xml,p1,42,250,4,28
coacAI,171,2,p1,WIN,1119,1.0,0.0,0.0,0.0,0.0,0.0,example_models/16x16/agent.pt,maps/16x16/basesWorkers16x16.xml,p1,42,250,4,28
coacAI,172,2,p1,WIN,1143,1.0,0.0,0.0,0.0,0.0,0.0,example_models/16x16/agent.pt,maps/16x16/basesWorkers16x16.xml,p1,42,250,4,28
coacAI,173,2,p1,WIN,1105,1.0,1.0,0.0,0.0,0.0,0.0,example_models/16x16/agent.pt,maps/16x16/basesWorkers16x16.xml,p1,42,250,4,28
coacAI,174,2,p1,DRAW,2000,0.0,0.0,0.0,0.0,0.0,0.0,example_models/16x16/agent.pt,maps/16x16/basesWorkers16x16.xml,p1,42,250,4,28
coacAI,175,2,p1,WIN,1082,1.0,0.0,0.0,0.0,0.0,0.0,example_models/16x16/agent.pt,maps/16x16/basesWorkers16x16.xml,p1,42,250,4,28
coacAI,176,2,p1,WIN,1130,1.0,0.0,0.0,0.0,0.0,0.0,example_models/16x16/agent.pt,maps/16x16/basesWorkers16x16.xml,p1,42,250,4,28
coacAI,177,2,p1,WIN,1096,1.0,0.0,0.0,0.0,0.0,0.0,example_models/16x16/agent.pt,maps/16x16/basesWorkers16x16.xml,p1,42,250,4,28
coacAI,178,2,p1,WIN,1097,1.0,0.0,0.0,0.0,0.0,0.0,example_models/16x16/agent.pt,maps/16x16/basesWorkers16x16.xml,p1,42,250,4,28
coacAI,179,2,p1,WIN,1126,1.0,0.0,0.0,0.0,1.0,0.0,example_models/16x16/agent.pt,maps/16x16/basesWorkers16x16.xml,p1,42,250,4,28
coacAI,180,2,p1,WIN,1144,1.0,0.0,0.0,0.0,0.0,0.0,example_models/16x16/agent.pt,maps/16x16/basesWorkers16x16.xml,p1,42,250,4,28
coacAI,181,2,p1,WIN,1098,1.0,0.0,0.0,0.0,0.0,0.0,example_models/16x16/agent.pt,maps/16x16/basesWorkers16x16.xml,p1,42,250,4,28
coacAI,182,2,p1,WIN,1126,1.0,0.0,0.0,0.0,0.0,0.0,example_models/16x16/agent.pt,maps/16x16/basesWorkers16x16.xml,p1,42,250,4,28
coacAI,183,2,p1,WIN,1103,1.0,0.0,0.0,0.0,0.0,0.0,example_models/16x16/agent.pt,maps/16x16/basesWorkers16x16.xml,p1,42,250,4,28
coacAI,184,2,p1,WIN,1123,1.0,0.0,0.0,0.0,0.0,0.0,example_models/16x16/agent.pt,maps/16x16/basesWorkers16x16.xml,p1,42,250,4,28
coacAI,185,2,p1,WIN,1097,1.0,0.0,0.0,0.0,0.0,0.0,example_models/16x16/agent.pt,maps/16x16/basesWorkers16x16.xml,p1,42,250,4,28
coacAI,186,2,p1,LOSS,1397,-1.0,0.0,0.0,0.0,0.0,0.0,example_models/16x16/agent.pt,maps/16x16/basesWorkers16x16.xml,p1,42,250,4,28
coacAI,187,2,p1,WIN,1111,1.0,1.0,0.0,0.0,0.0,0.0,example_models/16x16/agent.pt,maps/16x16/basesWorkers16x16.xml,p1,42,250,4,28
coacAI,188,2,p1,WIN,1101,1.0,1.0,0.0,0.0,0.0,0.0,example_models/16x16/agent.pt,maps/16x16/basesWorkers16x16.xml,p1,42,250,4,28
coacAI,189,2,p1,WIN,1157,1.0,0.0,0.0,0.0,0.0,0.0,example_models/16x16/agent.pt,maps/16x16/basesWorkers16x16.xml,p1,42,250,4,28
coacAI,190,2,p1,WIN,1130,1.0,0.0,0.0,0.0,0.0,0.0,example_models/16x16/agent.pt,maps/16x16/basesWorkers16x16.xml,p1,42,250,4,28
coacAI,191,2,p1,WIN,1117,1.0,0.0,0.0,0.0,0.0,0.0,example_models/16x16/agent.pt,maps/16x16/basesWorkers16x16.xml,p1,42,250,4,28
coacAI,192,2,p1,DRAW,2000,0.0,0.0,0.0,0.0,0.0,0.0,example_models/16x16/agent.pt,maps/16x16/basesWorkers16x16.xml,p1,42,250,4,28
coacAI,193,2,p1,WIN,1116,1.0,0.0,0.0,0.0,0.0,0.0,example_models/16x16/agent.pt,maps/16x16/basesWorkers16x16.xml,p1,42,250,4,28
coacAI,194,2,p1,LOSS,1230,-1.0,0.0,0.0,0.0,0.0,0.0,example_models/16x16/agent.pt,maps/16x16/basesWorkers16x16.xml,p1,42,250,4,28
coacAI,195,2,p1,WIN,1126,1.0,0.0,0.0,0.0,0.0,0.0,example_models/16x16/agent.pt,maps/16x16/basesWorkers16x16.xml,p1,42,250,4,28
coacAI,196,2,p1,WIN,1099,1.0,0.0,0.0,0.0,0.0,0.0,example_models/16x16/agent.pt,maps/16x16/basesWorkers16x16.xml,p1,42,250,4,28
coacAI,197,2,p1,WIN,1147,1.0,0.0,0.0,0.0,0.0,0.0,example_models/16x16/agent.pt,maps/16x16/basesWorkers16x16.xml,p1,42,250,4,28
coacAI,198,2,p1,WIN,1182,1.0,0.0,0.0,0.0,0.0,0.0,example_models/16x16/agent.pt,maps/16x16/basesWorkers16x16.xml,p1,42,250,4,28
coacAI,199,2,p1,WIN,1062,1.0,0.0,0.0,0.0,0.0,0.0,example_models/16x16/agent.pt,maps/16x16/basesWorkers16x16.xml,p1,42,250,4,28
coacAI,200,2,p1,WIN,1013,1.0,2.0,0.0,0.0,0.0,0.0,example_models/16x16/agent.pt,maps/16x16/basesWorkers16x16.xml,p1,42,250,4,28
coacAI,201,2,p1,WIN,1110,1.0,0.0,0.0,0.0,0.0,0.0,example_models/16x16/agent.pt,maps/16x16/basesWorkers16x16.xml,p1,42,250,4,28
coacAI,202,2,p1,WIN,1236,1.0,0.0,0.0,0.0,0.0,0.0,example_models/16x16/agent.pt,maps/16x16/basesWorkers16x16.xml,p1,42,250,4,28
coacAI,203,2,p1,WIN,1116,1.0,0.0,0.0,0.0,0.0,0.0,example_models/16x16/agent.pt,maps/16x16/basesWorkers16x16.xml,p1,42,250,4,28
coacAI,204,2,p1,WIN,1088,1.0,0.0,0.0,0.0,0.0,0.0,example_models/16x16/agent.pt,maps/16x16/basesWorkers16x16.xml,p1,42,250,4,28
coacAI,205,2,p1,WIN,1117,1.0,0.0,0.0,0.0,0.0,0.0,example_models/16x16/agent.pt,maps/16x16/basesWorkers16x16.xml,p1,42,250,4,28
coacAI,206,2,p1,WIN,770,1.0,0.0,0.0,0.0,0.0,0.0,example_models/16x16/agent.pt,maps/16x16/basesWorkers16x16.xml,p1,42,250,4,28
coacAI,207,2,p1,WIN,1313,1.0,0.0,0.0,0.0,0.0,0.0,example_models/16x16/agent.pt,maps/16x16/basesWorkers16x16.xml,p1,42,250,4,28
coacAI,208,2,p1,WIN,1101,1.0,0.0,0.0,0.0,0.0,0.0,example_models/16x16/agent.pt,maps/16x16/basesWorkers16x16.xml,p1,42,250,4,28
coacAI,209,2,p1,LOSS,1356,-1.0,0.0,0.0,0.0,0.0,0.0,example_models/16x16/agent.pt,maps/16x16/basesWorkers16x16.xml,p1,42,250,4,28
coacAI,210,2,p1,WIN,1109,1.0,0.0,0.0,0.0,1.0,0.0,example_models/16x16/agent.pt,maps/16x16/basesWorkers16x16.xml,p1,42,250,4,28
coacAI,211,2,p1,WIN,1097,1.0,0.0,0.0,0.0,0.0,0.0,example_models/16x16/agent.pt,maps/16x16/basesWorkers16x16.xml,p1,42,250,4,28
coacAI,212,2,p1,WIN,1136,1.0,0.0,0.0,0.0,0.0,0.0,example_models/16x16/agent.pt,maps/16x16/basesWorkers16x16.xml,p1,42,250,4,28
coacAI,213,2,p1,WIN,1106,1.0,0.0,0.0,0.0,0.0,0.0,example_models/16x16/agent.pt,maps/16x16/basesWorkers16x16.xml,p1,42,250,4,28
coacAI,214,2,p1,WIN,1126,1.0,0.0,0.0,0.0,0.0,0.0,example_models/16x16/agent.pt,maps/16x16/basesWorkers16x16.xml,p1,42,250,4,28
coacAI,215,2,p1,WIN,1164,1.0,0.0,0.0,0.0,0.0,0.0,example_models/16x16/agent.pt,maps/16x16/basesWorkers16x16.xml,p1,42,250,4,28
coacAI,216,2,p1,WIN,1098,1.0,0.0,0.0,0.0,0.0,0.0,example_models/16x16/agent.pt,maps/16x16/basesWorkers16x16.xml,p1,42,250,4,28
coacAI,217,2,p1,WIN,1097,1.0,0.0,0.0,0.0,0.0,0.0,example_models/16x16/agent.pt,maps/16x16/basesWorkers16x16.xml,p1,42,250,4,28
coacAI,218,2,p1,WIN,1100,1.0,0.0,0.0,0.0,0.0,0.0,example_models/16x16/agent.pt,maps/16x16/basesWorkers16x16.xml,p1,42,250,4,28
coacAI,219,2,p1,WIN,1071,1.0,0.0,0.0,0.0,0.0,0.0,example_models/16x16/agent.pt,maps/16x16/basesWorkers16x16.xml,p1,42,250,4,28
coacAI,220,2,p1,WIN,1114,1.0,0.0,0.0,0.0,0.0,0.0,example_models/16x16/agent.pt,maps/16x16/basesWorkers16x16.xml,p1,42,250,4,28
coacAI,221,2,p1,WIN,1127,1.0,0.0,0.0,0.0,0.0,0.0,example_models/16x16/agent.pt,maps/16x16/basesWorkers16x16.xml,p1,42,250,4,28
coacAI,222,2,p1,WIN,1096,1.0,0.0,0.0,0.0,0.0,0.0,example_models/16x16/agent.pt,maps/16x16/basesWorkers16x16.xml,p1,42,250,4,28
coacAI,223,2,p1,WIN,1133,1.0,0.0,0.0,0.0,0.0,0.0,example_models/16x16/agent.pt,maps/16x16/basesWorkers16x16.xml,p1,42,250,4,28
coacAI,224,2,p1,WIN,1137,1.0,0.0,0.0,0.0,0.0,0.0,example_models/16x16/agent.pt,maps/16x16/basesWorkers16x16.xml,p1,42,250,4,28
coacAI,225,2,p1,WIN,1117,1.0,0.0,0.0,0.0,0.0,0.0,example_models/16x16/agent.pt,maps/16x16/basesWorkers16x16.xml,p1,42,250,4,28
coacAI,226,2,p1,DRAW,2000,0.0,0.0,0.0,0.0,0.0,0.0,example_models/16x16/agent.pt,maps/16x16/basesWorkers16x16.xml,p1,42,250,4,28
coacAI,227,2,p1,WIN,1175,1.0,0.0,0.0,0.0,0.0,0.0,example_models/16x16/agent.pt,maps/16x16/basesWorkers16x16.xml,p1,42,250,4,28
coacAI,228,2,p1,WIN,1100,1.0,0.0,0.0,0.0,0.0,0.0,example_models/16x16/agent.pt,maps/16x16/basesWorkers16x16.xml,p1,42,250,4,28
coacAI,229,2,p1,WIN,1116,1.0,0.0,0.0,0.0,0.0,0.0,example_models/16x16/agent.pt,maps/16x16/basesWorkers16x16.xml,p1,42,250,4,28
coacAI,230,2,p1,WIN,1098,1.0,0.0,0.0,0.0,0.0,0.0,example_models/16x16/agent.pt,maps/16x16/basesWorkers16x16.xml,p1,42,250,4,28
coacAI,231,2,p1,WIN,1121,1.0,1.0,0.0,0.0,0.0,0.0,example_models/16x16/agent.pt,maps/16x16/basesWorkers16x16.xml,p1,42,250,4,28
coacAI,232,2,p1,WIN,1211,1.0,0.0,0.0,0.0,0.0,0.0,example_models/16x16/agent.pt,maps/16x16/basesWorkers16x16.xml,p1,42,250,4,28
coacAI,233,2,p1,WIN,1126,1.0,0.0,0.0,0.0,0.0,0.0,example_models/16x16/agent.pt,maps/16x16/basesWorkers16x16.xml,p1,42,250,4,28
coacAI,234,2,p1,WIN,1099,1.0,0.0,0.0,0.0,0.0,0.0,example_models/16x16/agent.pt,maps/16x16/basesWorkers16x16.xml,p1,42,250,4,28
coacAI,235,2,p1,WIN,1116,1.0,0.0,0.0,0.0,0.0,0.0,example_models/16x16/agent.pt,maps/16x16/basesWorkers16x16.xml,p1,42,250,4,28
coacAI,236,2,p1,WIN,1119,1.0,0.0,0.0,0.0,0.0,0.0,example_models/16x16/agent.pt,maps/16x16/basesWorkers16x16.xml,p1,42,250,4,28
coacAI,237,2,p1,WIN,1096,1.0,0.0,0.0,0.0,0.0,0.0,example_models/16x16/agent.pt,maps/16x16/basesWorkers16x16.xml,p1,42,250,4,28
coacAI,238,2,p1,WIN,1286,1.0,0.0,0.0,0.0,0.0,0.0,example_models/16x16/agent.pt,maps/16x16/basesWorkers16x16.xml,p1,42,250,4,28
coacAI,239,2,p1,WIN,1068,1.0,0.0,0.0,0.0,0.0,0.0,example_models/16x16/agent.pt,maps/16x16/basesWorkers16x16.xml,p1,42,250,4,28
coacAI,240,2,p1,WIN,1183,1.0,0.0,0.0,0.0,0.0,0.0,example_models/16x16/agent.pt,maps/16x16/basesWorkers16x16.xml,p1,42,250,4,28
coacAI,241,2,p1,WIN,1098,1.0,0.0,0.0,0.0,0.0,0.0,example_models/16x16/agent.pt,maps/16x16/basesWorkers16x16.xml,p1,42,250,4,28
coacAI,242,2,p1,WIN,1125,1.0,0.0,0.0,0.0,0.0,0.0,example_models/16x16/agent.pt,maps/16x16/basesWorkers16x16.xml,p1,42,250,4,28
coacAI,243,2,p1,WIN,1117,1.0,0.0,0.0,0.0,0.0,0.0,example_models/16x16/agent.pt,maps/16x16/basesWorkers16x16.xml,p1,42,250,4,28
coacAI,244,2,p1,WIN,1127,1.0,0.0,0.0,0.0,0.0,0.0,example_models/16x16/agent.pt,maps/16x16/basesWorkers16x16.xml,p1,42,250,4,28
coacAI,245,2,p1,WIN,1142,1.0,0.0,0.0,0.0,0.0,0.0,example_models/16x16/agent.pt,maps/16x16/basesWorkers16x16.xml,p1,42,250,4,28
coacAI,246,2,p1,WIN,1156,1.0,0.0,0.0,0.0,1.0,0.0,example_models/16x16/agent.pt,maps/16x16/basesWorkers16x16.xml,p1,42,250,4,28
coacAI,247,2,p1,WIN,946,1.0,0.0,0.0,0.0,0.0,0.0,example_models/16x16/agent.pt,maps/16x16/basesWorkers16x16.xml,p1,42,250,4,28
coacAI,248,2,p1,WIN,1151,1.0,0.0,0.0,0.0,0.0,0.0,example_models/16x16/agent.pt,maps/16x16/basesWorkers16x16.xml,p1,42,250,4,28
coacAI,249,2,p1,DRAW,2000,0.0,0.0,0.0,0.0,0.0,0.0,example_models/16x16/agent.pt,maps/16x16/basesWorkers16x16.xml,p1,42,250,4,28
coacAI,250,2,p1,WIN,1104,1.0,0.0,0.0,0.0,0.0,0.0,example_models/16x16/agent.pt,maps/16x16/basesWorkers16x16.xml,p1,42,250,4,28
coacAI,1,3,p1,WIN,840,1.0,0.0,0.0,0.0,0.0,0.0,example_models/16x16/agent.pt,maps/16x16/basesWorkers16x16.xml,p1,42,250,4,28
coacAI,2,3,p1,LOSS,1054,-1.0,0.0,0.0,0.0,0.0,0.0,example_models/16x16/agent.pt,maps/16x16/basesWorkers16x16.xml,p1,42,250,4,28
coacAI,3,3,p1,WIN,1070,1.0,0.0,0.0,0.0,0.0,0.0,example_models/16x16/agent.pt,maps/16x16/basesWorkers16x16.xml,p1,42,250,4,28
coacAI,4,3,p1,WIN,1083,1.0,0.0,0.0,0.0,0.0,0.0,example_models/16x16/agent.pt,maps/16x16/basesWorkers16x16.xml,p1,42,250,4,28
coacAI,5,3,p1,WIN,1087,1.0,0.0,0.0,0.0,0.0,0.0,example_models/16x16/agent.pt,maps/16x16/basesWorkers16x16.xml,p1,42,250,4,28
coacAI,6,3,p1,WIN,1088,1.0,0.0,0.0,0.0,0.0,0.0,example_models/16x16/agent.pt,maps/16x16/basesWorkers16x16.xml,p1,42,250,4,28
coacAI,7,3,p1,WIN,1088,1.0,0.0,0.0,0.0,1.0,0.0,example_models/16x16/agent.pt,maps/16x16/basesWorkers16x16.xml,p1,42,250,4,28
coacAI,8,3,p1,WIN,1108,1.0,0.0,0.0,0.0,0.0,0.0,example_models/16x16/agent.pt,maps/16x16/basesWorkers16x16.xml,p1,42,250,4,28
coacAI,9,3,p1,WIN,1115,1.0,0.0,0.0,0.0,0.0,0.0,example_models/16x16/agent.pt,maps/16x16/basesWorkers16x16.xml,p1,42,250,4,28
coacAI,10,3,p1,WIN,1116,1.0,0.0,0.0,0.0,0.0,0.0,example_models/16x16/agent.pt,maps/16x16/basesWorkers16x16.xml,p1,42,250,4,28
coacAI,11,3,p1,WIN,1116,1.0,0.0,0.0,0.0,0.0,0.0,example_models/16x16/agent.pt,maps/16x16/basesWorkers16x16.xml,p1,42,250,4,28
coacAI,12,3,p1,WIN,1116,1.0,0.0,0.0,0.0,0.0,0.0,example_models/16x16/agent.pt,maps/16x16/basesWorkers16x16.xml,p1,42,250,4,28
coacAI,13,3,p1,WIN,1117,1.0,0.0,0.0,0.0,0.0,0.0,example_models/16x16/agent.pt,maps/16x16/basesWorkers16x16.xml,p1,42,250,4,28
coacAI,14,3,p1,WIN,1117,1.0,0.0,0.0,0.0,0.0,0.0,example_models/16x16/agent.pt,maps/16x16/basesWorkers16x16.xml,p1,42,250,4,28
coacAI,15,3,p1,WIN,1117,1.0,0.0,0.0,0.0,0.0,0.0,example_models/16x16/agent.pt,maps/16x16/basesWorkers16x16.xml,p1,42,250,4,28
coacAI,16,3,p1,WIN,1121,1.0,0.0,0.0,0.0,0.0,0.0,example_models/16x16/agent.pt,maps/16x16/basesWorkers16x16.xml,p1,42,250,4,28
coacAI,17,3,p1,WIN,1122,1.0,0.0,0.0,0.0,0.0,0.0,example_models/16x16/agent.pt,maps/16x16/basesWorkers16x16.xml,p1,42,250,4,28
coacAI,18,3,p1,WIN,1125,1.0,0.0,0.0,0.0,0.0,0.0,example_models/16x16/agent.pt,maps/16x16/basesWorkers16x16.xml,p1,42,250,4,28
coacAI,19,3,p1,WIN,1126,1.0,0.0,0.0,0.0,0.0,0.0,example_models/16x16/agent.pt,maps/16x16/basesWorkers16x16.xml,p1,42,250,4,28
coacAI,20,3,p1,WIN,1129,1.0,0.0,0.0,0.0,0.0,0.0,example_models/16x16/agent.pt,maps/16x16/basesWorkers16x16.xml,p1,42,250,4,28
coacAI,21,3,p1,WIN,1143,1.0,1.0,0.0,0.0,0.0,0.0,example_models/16x16/agent.pt,maps/16x16/basesWorkers16x16.xml,p1,42,250,4,28
coacAI,22,3,p1,WIN,1146,1.0,0.0,0.0,0.0,0.0,0.0,example_models/16x16/agent.pt,maps/16x16/basesWorkers16x16.xml,p1,42,250,4,28
coacAI,23,3,p1,WIN,1159,1.0,0.0,0.0,0.0,0.0,0.0,example_models/16x16/agent.pt,maps/16x16/basesWorkers16x16.xml,p1,42,250,4,28
coacAI,24,3,p1,WIN,1211,1.0,0.0,0.0,0.0,0.0,0.0,example_models/16x16/agent.pt,maps/16x16/basesWorkers16x16.xml,p1,42,250,4,28
coacAI,25,3,p1,WIN,1219,1.0,0.0,0.0,0.0,0.0,0.0,example_models/16x16/agent.pt,maps/16x16/basesWorkers16x16.xml,p1,42,250,4,28
coacAI,26,3,p1,WIN,1236,1.0,0.0,0.0,0.0,0.0,0.0,example_models/16x16/agent.pt,maps/16x16/basesWorkers16x16.xml,p1,42,250,4,28
coacAI,27,3,p1,LOSS,1642,-1.0,0.0,0.0,0.0,0.0,0.0,example_models/16x16/agent.pt,maps/16x16/basesWorkers16x16.xml,p1,42,250,4,28
coacAI,28,3,p1,WIN,721,1.0,0.0,0.0,0.0,0.0,0.0,example_models/16x16/agent.pt,maps/16x16/basesWorkers16x16.xml,p1,42,250,4,28
coacAI,29,3,p1,WIN,744,1.0,0.0,0.0,0.0,0.0,0.0,example_models/16x16/agent.pt,maps/16x16/basesWorkers16x16.xml,p1,42,250,4,28
coacAI,30,3,p1,WIN,884,1.0,0.0,0.0,0.0,0.0,0.0,example_models/16x16/agent.pt,maps/16x16/basesWorkers16x16.xml,p1,42,250,4,28
coacAI,31,3,p1,WIN,1140,1.0,0.0,0.0,0.0,1.0,0.0,example_models/16x16/agent.pt,maps/16x16/basesWorkers16x16.xml,p1,42,250,4,28
coacAI,32,3,p1,WIN,875,1.0,0.0,0.0,0.0,0.0,0.0,example_models/16x16/agent.pt,maps/16x16/basesWorkers16x16.xml,p1,42,250,4,28
coacAI,33,3,p1,DRAW,2000,0.0,0.0,0.0,0.0,0.0,0.0,example_models/16x16/agent.pt,maps/16x16/basesWorkers16x16.xml,p1,42,250,4,28
coacAI,34,3,p1,WIN,1104,1.0,0.0,0.0,0.0,0.0,0.0,example_models/16x16/agent.pt,maps/16x16/basesWorkers16x16.xml,p1,42,250,4,28
coacAI,35,3,p1,WIN,1113,1.0,0.0,0.0,0.0,0.0,0.0,example_models/16x16/agent.pt,maps/16x16/basesWorkers16x16.xml,p1,42,250,4,28
coacAI,36,3,p1,WIN,1140,1.0,0.0,0.0,0.0,0.0,0.0,example_models/16x16/agent.pt,maps/16x16/basesWorkers16x16.xml,p1,42,250,4,28
coacAI,37,3,p1,WIN,1103,1.0,0.0,0.0,0.0,0.0,0.0,example_models/16x16/agent.pt,maps/16x16/basesWorkers16x16.xml,p1,42,250,4,28
coacAI,38,3,p1,WIN,1086,1.0,0.0,0.0,0.0,0.0,0.0,example_models/16x16/agent.pt,maps/16x16/basesWorkers16x16.xml,p1,42,250,4,28
coacAI,39,3,p1,WIN,1124,1.0,0.0,0.0,0.0,0.0,0.0,example_models/16x16/agent.pt,maps/16x16/basesWorkers16x16.xml,p1,42,250,4,28
coacAI,40,3,p1,WIN,1126,1.0,0.0,0.0,0.0,0.0,0.0,example_models/16x16/agent.pt,maps/16x16/basesWorkers16x16.xml,p1,42,250,4,28
coacAI,41,3,p1,WIN,1163,1.0,0.0,0.0,0.0,0.0,0.0,example_models/16x16/agent.pt,maps/16x16/basesWorkers16x16.xml,p1,42,250,4,28
coacAI,42,3,p1,WIN,1136,1.0,0.0,0.0,0.0,0.0,0.0,example_models/16x16/agent.pt,maps/16x16/basesWorkers16x16.xml,p1,42,250,4,28
coacAI,43,3,p1,WIN,1143,1.0,0.0,0.0,0.0,0.0,0.0,example_models/16x16/agent.pt,maps/16x16/basesWorkers16x16.xml,p1,42,250,4,28
coacAI,44,3,p1,WIN,1150,1.0,0.0,0.0,0.0,0.0,0.0,example_models/16x16/agent.pt,maps/16x16/basesWorkers16x16.xml,p1,42,250,4,28
coacAI,45,3,p1,WIN,1163,1.0,0.0,0.0,0.0,0.0,0.0,example_models/16x16/agent.pt,maps/16x16/basesWorkers16x16.xml,p1,42,250,4,28
coacAI,46,3,p1,WIN,1248,1.0,0.0,0.0,0.0,0.0,0.0,example_models/16x16/agent.pt,maps/16x16/basesWorkers16x16.xml,p1,42,250,4,28
coacAI,47,3,p1,WIN,1230,1.0,0.0,0.0,0.0,0.0,0.0,example_models/16x16/agent.pt,maps/16x16/basesWorkers16x16.xml,p1,42,250,4,28
coacAI,48,3,p1,WIN,1209,1.0,0.0,0.0,0.0,0.0,0.0,example_models/16x16/agent.pt,maps/16x16/basesWorkers16x16.xml,p1,42,250,4,28
coacAI,49,3,p1,LOSS,1146,-1.0,0.0,0.0,0.0,0.0,0.0,example_models/16x16/agent.pt,maps/16x16/basesWorkers16x16.xml,p1,42,250,4,28
coacAI,50,3,p1,WIN,1192,1.0,0.0,0.0,0.0,0.0,0.0,example_models/16x16/agent.pt,maps/16x16/basesWorkers16x16.xml,p1,42,250,4,28
coacAI,51,3,p1,LOSS,1519,-1.0,0.0,0.0,0.0,0.0,0.0,example_models/16x16/agent.pt,maps/16x16/basesWorkers16x16.xml,p1,42,250,4,28
coacAI,52,3,p1,WIN,1107,1.0,0.0,0.0,0.0,0.0,0.0,example_models/16x16/agent.pt,maps/16x16/basesWorkers16x16.xml,p1,42,250,4,28
coacAI,53,3,p1,LOSS,1066,-1.0,0.0,0.0,0.0,0.0,0.0,example_models/16x16/agent.pt,maps/16x16/basesWorkers16x16.xml,p1,42,250,4,28
coacAI,54,3,p1,LOSS,1794,-1.0,0.0,0.0,0.0,0.0,0.0,example_models/16x16/agent.pt,maps/16x16/basesWorkers16x16.xml,p1,42,250,4,28
coacAI,55,3,p1,WIN,837,1.0,0.0,0.0,0.0,0.0,0.0,example_models/16x16/agent.pt,maps/16x16/basesWorkers16x16.xml,p1,42,250,4,28
coacAI,56,3,p1,WIN,1117,1.0,0.0,0.0,0.0,0.0,0.0,example_models/16x16/agent.pt,maps/16x16/basesWorkers16x16.xml,p1,42,250,4,28
coacAI,57,3,p1,WIN,1116,1.0,0.0,0.0,0.0,0.0,0.0,example_models/16x16/agent.pt,maps/16x16/basesWorkers16x16.xml,p1,42,250,4,28
coacAI,58,3,p1,WIN,1159,1.0,0.0,0.0,0.0,0.0,0.0,example_models/16x16/agent.pt,maps/16x16/basesWorkers16x16.xml,p1,42,250,4,28
coacAI,59,3,p1,DRAW,2000,0.0,0.0,0.0,0.0,0.0,0.0,example_models/16x16/agent.pt,maps/16x16/basesWorkers16x16.xml,p1,42,250,4,28
coacAI,60,3,p1,WIN,1289,1.0,0.0,0.0,0.0,0.0,0.0,example_models/16x16/agent.pt,maps/16x16/basesWorkers16x16.xml,p1,42,250,4,28
coacAI,61,3,p1,DRAW,2000,0.0,0.0,0.0,0.0,0.0,0.0,example_models/16x16/agent.pt,maps/16x16/basesWorkers16x16.xml,p1,42,250,4,28
coacAI,62,3,p1,WIN,1125,1.0,0.0,0.0,0.0,0.0,0.0,example_models/16x16/agent.pt,maps/16x16/basesWorkers16x16.xml,p1,42,250,4,28
coacAI,63,3,p1,WIN,1111,1.0,0.0,0.0,0.0,0.0,0.0,example_models/16x16/agent.pt,maps/16x16/basesWorkers16x16.xml,p1,42,250,4,28
coacAI,64,3,p1,WIN,1116,1.0,0.0,0.0,0.0,0.0,0.0,example_models/16x16/agent.pt,maps/16x16/basesWorkers16x16.xml,p1,42,250,4,28
coacAI,65,3,p1,WIN,1117,1.0,0.0,0.0,0.0,0.0,0.0,example_models/16x16/agent.pt,maps/16x16/basesWorkers16x16.xml,p1,42,250,4,28
coacAI,66,3,p1,WIN,1112,1.0,0.0,0.0,0.0,0.0,0.0,example_models/16x16/agent.pt,maps/16x16/basesWorkers16x16.xml,p1,42,250,4,28
coacAI,67,3,p1,WIN,1128,1.0,0.0,0.0,0.0,0.0,0.0,example_models/16x16/agent.pt,maps/16x16/basesWorkers16x16.xml,p1,42,250,4,28
coacAI,68,3,p1,WIN,1127,1.0,0.0,0.0,0.0,0.0,0.0,example_models/16x16/agent.pt,maps/16x16/basesWorkers16x16.xml,p1,42,250,4,28
coacAI,69,3,p1,WIN,1105,1.0,0.0,0.0,0.0,0.0,0.0,example_models/16x16/agent.pt,maps/16x16/basesWorkers16x16.xml,p1,42,250,4,28
coacAI,70,3,p1,WIN,1165,1.0,0.0,0.0,0.0,0.0,0.0,example_models/16x16/agent.pt,maps/16x16/basesWorkers16x16.xml,p1,42,250,4,28
coacAI,71,3,p1,WIN,1150,1.0,0.0,0.0,0.0,0.0,0.0,example_models/16x16/agent.pt,maps/16x16/basesWorkers16x16.xml,p1,42,250,4,28
coacAI,72,3,p1,WIN,1100,1.0,0.0,0.0,0.0,0.0,0.0,example_models/16x16/agent.pt,maps/16x16/basesWorkers16x16.xml,p1,42,250,4,28
coacAI,73,3,p1,WIN,1107,1.0,0.0,0.0,0.0,0.0,0.0,example_models/16x16/agent.pt,maps/16x16/basesWorkers16x16.xml,p1,42,250,4,28
coacAI,74,3,p1,WIN,1124,1.0,0.0,0.0,0.0,0.0,0.0,example_models/16x16/agent.pt,maps/16x16/basesWorkers16x16.xml,p1,42,250,4,28
coacAI,75,3,p1,WIN,1116,1.0,0.0,0.0,0.0,0.0,0.0,example_models/16x16/agent.pt,maps/16x16/basesWorkers16x16.xml,p1,42,250,4,28
coacAI,76,3,p1,WIN,1110,1.0,0.0,0.0,0.0,0.0,0.0,example_models/16x16/agent.pt,maps/16x16/basesWorkers16x16.xml,p1,42,250,4,28
coacAI,77,3,p1,LOSS,1026,-1.0,0.0,0.0,0.0,0.0,0.0,example_models/16x16/agent.pt,maps/16x16/basesWorkers16x16.xml,p1,42,250,4,28
coacAI,78,3,p1,WIN,865,1.0,0.0,0.0,0.0,0.0,0.0,example_models/16x16/agent.pt,maps/16x16/basesWorkers16x16.xml,p1,42,250,4,28
coacAI,79,3,p1,WIN,1076,1.0,0.0,0.0,0.0,0.0,0.0,example_models/16x16/agent.pt,maps/16x16/basesWorkers16x16.xml,p1,42,250,4,28
coacAI,80,3,p1,DRAW,2000,0.0,0.0,0.0,0.0,0.0,0.0,example_models/16x16/agent.pt,maps/16x16/basesWorkers16x16.xml,p1,42,250,4,28
coacAI,81,3,p1,WIN,1115,1.0,0.0,0.0,0.0,0.0,0.0,example_models/16x16/agent.pt,maps/16x16/basesWorkers16x16.xml,p1,42,250,4,28
coacAI,82,3,p1,WIN,1097,1.0,0.0,0.0,0.0,0.0,0.0,example_models/16x16/agent.pt,maps/16x16/basesWorkers16x16.xml,p1,42,250,4,28
coacAI,83,3,p1,WIN,1096,1.0,0.0,0.0,0.0,1.0,0.0,example_models/16x16/agent.pt,maps/16x16/basesWorkers16x16.xml,p1,42,250,4,28
coacAI,84,3,p1,WIN,1116,1.0,0.0,0.0,0.0,0.0,0.0,example_models/16x16/agent.pt,maps/16x16/basesWorkers16x16.xml,p1,42,250,4,28
coacAI,85,3,p1,WIN,1091,1.0,1.0,0.0,0.0,1.0,0.0,example_models/16x16/agent.pt,maps/16x16/basesWorkers16x16.xml,p1,42,250,4,28
coacAI,86,3,p1,WIN,1099,1.0,0.0,0.0,0.0,0.0,0.0,example_models/16x16/agent.pt,maps/16x16/basesWorkers16x16.xml,p1,42,250,4,28
coacAI,87,3,p1,DRAW,2000,0.0,0.0,0.0,0.0,0.0,0.0,example_models/16x16/agent.pt,maps/16x16/basesWorkers16x16.xml,p1,42,250,4,28
coacAI,88,3,p1,WIN,1150,1.0,0.0,0.0,0.0,0.0,0.0,example_models/16x16/agent.pt,maps/16x16/basesWorkers16x16.xml,p1,42,250,4,28
coacAI,89,3,p1,DRAW,2000,0.0,0.0,0.0,0.0,0.0,0.0,example_models/16x16/agent.pt,maps/16x16/basesWorkers16x16.xml,p1,42,250,4,28
coacAI,90,3,p1,WIN,1103,1.0,0.0,0.0,0.0,0.0,0.0,example_models/16x16/agent.pt,maps/16x16/basesWorkers16x16.xml,p1,42,250,4,28
coacAI,91,3,p1,WIN,1127,1.0,0.0,0.0,0.0,0.0,0.0,example_models/16x16/agent.pt,maps/16x16/basesWorkers16x16.xml,p1,42,250,4,28
coacAI,92,3,p1,WIN,974,1.0,0.0,0.0,0.0,0.0,0.0,example_models/16x16/agent.pt,maps/16x16/basesWorkers16x16.xml,p1,42,250,4,28
coacAI,93,3,p1,WIN,1116,1.0,0.0,0.0,0.0,0.0,0.0,example_models/16x16/agent.pt,maps/16x16/basesWorkers16x16.xml,p1,42,250,4,28
coacAI,94,3,p1,WIN,1117,1.0,0.0,0.0,0.0,0.0,0.0,example_models/16x16/agent.pt,maps/16x16/basesWorkers16x16.xml,p1,42,250,4,28
coacAI,95,3,p1,WIN,1096,1.0,0.0,0.0,0.0,0.0,0.0,example_models/16x16/agent.pt,maps/16x16/basesWorkers16x16.xml,p1,42,250,4,28
coacAI,96,3,p1,WIN,1195,1.0,0.0,0.0,0.0,0.0,0.0,example_models/16x16/agent.pt,maps/16x16/basesWorkers16x16.xml,p1,42,250,4,28
coacAI,97,3,p1,WIN,1083,1.0,0.0,0.0,0.0,0.0,0.0,example_models/16x16/agent.pt,maps/16x16/basesWorkers16x16.xml,p1,42,250,4,28
coacAI,98,3,p1,WIN,1222,1.0,0.0,0.0,0.0,0.0,0.0,example_models/16x16/agent.pt,maps/16x16/basesWorkers16x16.xml,p1,42,250,4,28
coacAI,99,3,p1,WIN,1271,1.0,0.0,0.0,0.0,0.0,0.0,example_models/16x16/agent.pt,maps/16x16/basesWorkers16x16.xml,p1,42,250,4,28
coacAI,100,3,p1,WIN,1106,1.0,0.0,0.0,0.0,0.0,0.0,example_models/16x16/agent.pt,maps/16x16/basesWorkers16x16.xml,p1,42,250,4,28
coacAI,101,3,p1,WIN,1114,1.0,0.0,0.0,0.0,0.0,0.0,example_models/16x16/agent.pt,maps/16x16/basesWorkers16x16.xml,p1,42,250,4,28
coacAI,102,3,p1,WIN,1113,1.0,0.0,0.0,0.0,0.0,0.0,example_models/16x16/agent.pt,maps/16x16/basesWorkers16x16.xml,p1,42,250,4,28
coacAI,103,3,p1,WIN,1100,1.0,0.0,0.0,0.0,0.0,0.0,example_models/16x16/agent.pt,maps/16x16/basesWorkers16x16.xml,p1,42,250,4,28
coacAI,104,3,p1,WIN,1117,1.0,0.0,0.0,0.0,0.0,0.0,example_models/16x16/agent.pt,maps/16x16/basesWorkers16x16.xml,p1,42,250,4,28
coacAI,105,3,p1,LOSS,1126,-1.0,0.0,0.0,0.0,0.0,0.0,example_models/16x16/agent.pt,maps/16x16/basesWorkers16x16.xml,p1,42,250,4,28
coacAI,106,3,p1,WIN,799,1.0,0.0,0.0,0.0,0.0,0.0,example_models/16x16/agent.pt,maps/16x16/basesWorkers16x16.xml,p1,42,250,4,28
coacAI,107,3,p1,WIN,1116,1.0,0.0,0.0,0.0,0.0,0.0,example_models/16x16/agent.pt,maps/16x16/basesWorkers16x16.xml,p1,42,250,4,28
coacAI,108,3,p1,WIN,1115,1.0,0.0,0.0,0.0,1.0,0.0,example_models/16x16/agent.pt,maps/16x16/basesWorkers16x16.xml,p1,42,250,4,28
coacAI,109,3,p1,DRAW,2000,0.0,0.0,0.0,0.0,0.0,0.0,example_models/16x16/agent.pt,maps/16x16/basesWorkers16x16.xml,p1,42,250,4,28
coacAI,110,3,p1,WIN,1099,1.0,0.0,0.0,0.0,0.0,0.0,example_models/16x16/agent.pt,maps/16x16/basesWorkers16x16.xml,p1,42,250,4,28
coacAI,111,3,p1,DRAW,2000,0.0,0.0,0.0,0.0,0.0,0.0,example_models/16x16/agent.pt,maps/16x16/basesWorkers16x16.xml,p1,42,250,4,28
coacAI,112,3,p1,WIN,1105,1.0,0.0,0.0,0.0,0.0,0.0,example_models/16x16/agent.pt,maps/16x16/basesWorkers16x16.xml,p1,42,250,4,28
coacAI,113,3,p1,DRAW,2000,0.0,0.0,0.0,0.0,0.0,0.0,example_models/16x16/agent.pt,maps/16x16/basesWorkers16x16.xml,p1,42,250,4,28
coacAI,114,3,p1,WIN,1100,1.0,0.0,0.0,0.0,0.0,0.0,example_models/16x16/agent.pt,maps/16x16/basesWorkers16x16.xml,p1,42,250,4,28
coacAI,115,3,p1,WIN,1104,1.0,0.0,0.0,0.0,1.0,0.0,example_models/16x16/agent.pt,maps/16x16/basesWorkers16x16.xml,p1,42,250,4,28
coacAI,116,3,p1,WIN,1119,1.0,0.0,0.0,0.0,0.0,0.0,example_models/16x16/agent.pt,maps/16x16/basesWorkers16x16.xml,p1,42,250,4,28
coacAI,117,3,p1,DRAW,2000,0.0,0.0,0.0,0.0,0.0,0.0,example_models/16x16/agent.pt,maps/16x16/basesWorkers16x16.xml,p1,42,250,4,28
coacAI,118,3,p1,WIN,1209,1.0,0.0,0.0,0.0,0.0,0.0,example_models/16x16/agent.pt,maps/16x16/basesWorkers16x16.xml,p1,42,250,4,28
coacAI,119,3,p1,WIN,1116,1.0,0.0,0.0,0.0,0.0,0.0,example_models/16x16/agent.pt,maps/16x16/basesWorkers16x16.xml,p1,42,250,4,28
coacAI,120,3,p1,WIN,1137,1.0,0.0,0.0,0.0,0.0,0.0,example_models/16x16/agent.pt,maps/16x16/basesWorkers16x16.xml,p1,42,250,4,28
coacAI,121,3,p1,WIN,1109,1.0,0.0,0.0,0.0,0.0,0.0,example_models/16x16/agent.pt,maps/16x16/basesWorkers16x16.xml,p1,42,250,4,28
coacAI,122,3,p1,WIN,1102,1.0,0.0,0.0,0.0,0.0,0.0,example_models/16x16/agent.pt,maps/16x16/basesWorkers16x16.xml,p1,42,250,4,28
coacAI,123,3,p1,WIN,1123,1.0,0.0,0.0,0.0,0.0,0.0,example_models/16x16/agent.pt,maps/16x16/basesWorkers16x16.xml,p1,42,250,4,28
coacAI,124,3,p1,WIN,1230,1.0,0.0,0.0,0.0,0.0,0.0,example_models/16x16/agent.pt,maps/16x16/basesWorkers16x16.xml,p1,42,250,4,28
coacAI,125,3,p1,WIN,1107,1.0,0.0,0.0,0.0,0.0,0.0,example_models/16x16/agent.pt,maps/16x16/basesWorkers16x16.xml,p1,42,250,4,28
coacAI,126,3,p1,LOSS,1295,-1.0,0.0,0.0,0.0,0.0,0.0,example_models/16x16/agent.pt,maps/16x16/basesWorkers16x16.xml,p1,42,250,4,28
coacAI,127,3,p1,WIN,1136,1.0,0.0,0.0,0.0,1.0,0.0,example_models/16x16/agent.pt,maps/16x16/basesWorkers16x16.xml,p1,42,250,4,28
coacAI,128,3,p1,WIN,1143,1.0,0.0,0.0,0.0,1.0,0.0,example_models/16x16/agent.pt,maps/16x16/basesWorkers16x16.xml,p1,42,250,4,28
coacAI,129,3,p1,WIN,1358,1.0,0.0,0.0,0.0,0.0,0.0,example_models/16x16/agent.pt,maps/16x16/basesWorkers16x16.xml,p1,42,250,4,28
coacAI,130,3,p1,LOSS,928,-1.0,0.0,0.0,0.0,0.0,0.0,example_models/16x16/agent.pt,maps/16x16/basesWorkers16x16.xml,p1,42,250,4,28
coacAI,131,3,p1,WIN,1117,1.0,0.0,0.0,0.0,0.0,0.0,example_models/16x16/agent.pt,maps/16x16/basesWorkers16x16.xml,p1,42,250,4,28
coacAI,132,3,p1,WIN,1251,1.0,0.0,0.0,0.0,0.0,0.0,example_models/16x16/agent.pt,maps/16x16/basesWorkers16x16.xml,p1,42,250,4,28
coacAI,133,3,p1,WIN,938,1.0,0.0,0.0,0.0,0.0,0.0,example_models/16x16/agent.pt,maps/16x16/basesWorkers16x16.xml,p1,42,250,4,28
coacAI,134,3,p1,WIN,1086,1.0,0.0,0.0,0.0,1.0,0.0,example_models/16x16/agent.pt,maps/16x16/basesWorkers16x16.xml,p1,42,250,4,28
coacAI,135,3,p1,WIN,1136,1.0,0.0,0.0,0.0,0.0,0.0,example_models/16x16/agent.pt,maps/16x16/basesWorkers16x16.xml,p1,42,250,4,28
coacAI,136,3,p1,WIN,1125,1.0,0.0,0.0,0.0,0.0,0.0,example_models/16x16/agent.pt,maps/16x16/basesWorkers16x16.xml,p1,42,250,4,28
coacAI,137,3,p1,WIN,1109,1.0,0.0,0.0,0.0,0.0,0.0,example_models/16x16/agent.pt,maps/16x16/basesWorkers16x16.xml,p1,42,250,4,28
coacAI,138,3,p1,WIN,1123,1.0,0.0,0.0,0.0,0.0,0.0,example_models/16x16/agent.pt,maps/16x16/basesWorkers16x16.xml,p1,42,250,4,28
coacAI,139,3,p1,WIN,1100,1.0,0.0,0.0,0.0,0.0,0.0,example_models/16x16/agent.pt,maps/16x16/basesWorkers16x16.xml,p1,42,250,4,28
coacAI,140,3,p1,LOSS,1175,-1.0,0.0,0.0,0.0,0.0,0.0,example_models/16x16/agent.pt,maps/16x16/basesWorkers16x16.xml,p1,42,250,4,28
coacAI,141,3,p1,WIN,1117,1.0,0.0,0.0,0.0,0.0,0.0,example_models/16x16/agent.pt,maps/16x16/basesWorkers16x16.xml,p1,42,250,4,28
coacAI,142,3,p1,WIN,1148,1.0,0.0,0.0,0.0,0.0,0.0,example_models/16x16/agent.pt,maps/16x16/basesWorkers16x16.xml,p1,42,250,4,28
coacAI,143,3,p1,WIN,1198,1.0,0.0,0.0,0.0,0.0,0.0,example_models/16x16/agent.pt,maps/16x16/basesWorkers16x16.xml,p1,42,250,4,28
coacAI,144,3,p1,LOSS,1456,-1.0,0.0,0.0,0.0,0.0,0.0,example_models/16x16/agent.pt,maps/16x16/basesWorkers16x16.xml,p1,42,250,4,28
coacAI,145,3,p1,WIN,1204,1.0,0.0,0.0,0.0,0.0,0.0,example_models/16x16/agent.pt,maps/16x16/basesWorkers16x16.xml,p1,42,250,4,28
coacAI,146,3,p1,WIN,1141,1.0,0.0,0.0,0.0,0.0,0.0,example_models/16x16/agent.pt,maps/16x16/basesWorkers16x16.xml,p1,42,250,4,28
coacAI,147,3,p1,WIN,1146,1.0,0.0,0.0,0.0,0.0,0.0,example_models/16x16/agent.pt,maps/16x16/basesWorkers16x16.xml,p1,42,250,4,28
coacAI,148,3,p1,WIN,1099,1.0,0.0,0.0,0.0,0.0,0.0,example_models/16x16/agent.pt,maps/16x16/basesWorkers16x16.xml,p1,42,250,4,28
coacAI,149,3,p1,WIN,1126,1.0,0.0,0.0,0.0,0.0,0.0,example_models/16x16/agent.pt,maps/16x16/basesWorkers16x16.xml,p1,42,250,4,28
coacAI,150,3,p1,WIN,1099,1.0,0.0,0.0,0.0,0.0,0.0,example_models/16x16/agent.pt,maps/16x16/basesWorkers16x16.xml,p1,42,250,4,28
coacAI,151,3,p1,WIN,1136,1.0,0.0,0.0,0.0,0.0,0.0,example_models/16x16/agent.pt,maps/16x16/basesWorkers16x16.xml,p1,42,250,4,28
coacAI,152,3,p1,WIN,1096,1.0,0.0,0.0,0.0,0.0,0.0,example_models/16x16/agent.pt,maps/16x16/basesWorkers16x16.xml,p1,42,250,4,28
coacAI,153,3,p1,LOSS,935,-1.0,0.0,0.0,0.0,0.0,0.0,example_models/16x16/agent.pt,maps/16x16/basesWorkers16x16.xml,p1,42,250,4,28
coacAI,154,3,p1,WIN,1139,1.0,0.0,0.0,0.0,0.0,0.0,example_models/16x16/agent.pt,maps/16x16/basesWorkers16x16.xml,p1,42,250,4,28
coacAI,155,3,p1,WIN,1158,1.0,0.0,0.0,0.0,0.0,0.0,example_models/16x16/agent.pt,maps/16x16/basesWorkers16x16.xml,p1,42,250,4,28
coacAI,156,3,p1,LOSS,1596,-1.0,0.0,0.0,0.0,0.0,0.0,example_models/16x16/agent.pt,maps/16x16/basesWorkers16x16.xml,p1,42,250,4,28
coacAI,157,3,p1,WIN,1150,1.0,0.0,0.0,0.0,0.0,0.0,example_models/16x16/agent.pt,maps/16x16/basesWorkers16x16.xml,p1,42,250,4,28
coacAI,158,3,p1,WIN,1147,1.0,0.0,0.0,0.0,0.0,0.0,example_models/16x16/agent.pt,maps/16x16/basesWorkers16x16.xml,p1,42,250,4,28
coacAI,159,3,p1,WIN,1132,1.0,0.0,0.0,0.0,0.0,0.0,example_models/16x16/agent.pt,maps/16x16/basesWorkers16x16.xml,p1,42,250,4,28
coacAI,160,3,p1,DRAW,2000,0.0,0.0,0.0,0.0,0.0,0.0,example_models/16x16/agent.pt,maps/16x16/basesWorkers16x16.xml,p1,42,250,4,28
coacAI,161,3,p1,WIN,1152,1.0,0.0,0.0,0.0,0.0,0.0,example_models/16x16/agent.pt,maps/16x16/basesWorkers16x16.xml,p1,42,250,4,28
coacAI,162,3,p1,WIN,1086,1.0,0.0,0.0,0.0,1.0,0.0,example_models/16x16/agent.pt,maps/16x16/basesWorkers16x16.xml,p1,42,250,4,28
coacAI,163,3,p1,WIN,1120,1.0,0.0,0.0,0.0,0.0,0.0,example_models/16x16/agent.pt,maps/16x16/basesWorkers16x16.xml,p1,42,250,4,28
coacAI,164,3,p1,WIN,1118,1.0,0.0,0.0,0.0,0.0,0.0,example_models/16x16/agent.pt,maps/16x16/basesWorkers16x16.xml,p1,42,250,4,28
coacAI,165,3,p1,WIN,1119,1.0,0.0,0.0,0.0,1.0,0.0,example_models/16x16/agent.pt,maps/16x16/basesWorkers16x16.xml,p1,42,250,4,28
coacAI,166,3,p1,WIN,1120,1.0,0.0,0.0,0.0,0.0,0.0,example_models/16x16/agent.pt,maps/16x16/basesWorkers16x16.xml,p1,42,250,4,28
coacAI,167,3,p1,WIN,1120,1.0,0.0,0.0,0.0,0.0,0.0,example_models/16x16/agent.pt,maps/16x16/basesWorkers16x16.xml,p1,42,250,4,28
coacAI,168,3,p1,WIN,1121,1.0,1.0,0.0,0.0,0.0,0.0,example_models/16x16/agent.pt,maps/16x16/basesWorkers16x16.xml,p1,42,250,4,28
coacAI,169,3,p1,WIN,1136,1.0,0.0,0.0,0.0,0.0,0.0,example_models/16x16/agent.pt,maps/16x16/basesWorkers16x16.xml,p1,42,250,4,28
coacAI,170,3,p1,WIN,1217,1.0,0.0,0.0,0.0,0.0,0.0,example_models/16x16/agent.pt,maps/16x16/basesWorkers16x16.xml,p1,42,250,4,28
coacAI,171,3,p1,WIN,1191,1.0,0.0,0.0,0.0,0.0,0.0,example_models/16x16/agent.pt,maps/16x16/basesWorkers16x16.xml,p1,42,250,4,28
coacAI,172,3,p1,LOSS,1820,-1.0,0.0,0.0,0.0,0.0,0.0,example_models/16x16/agent.pt,maps/16x16/basesWorkers16x16.xml,p1,42,250,4,28
coacAI,173,3,p1,WIN,1116,1.0,0.0,0.0,0.0,0.0,0.0,example_models/16x16/agent.pt,maps/16x16/basesWorkers16x16.xml,p1,42,250,4,28
coacAI,174,3,p1,WIN,1110,1.0,0.0,0.0,0.0,0.0,0.0,example_models/16x16/agent.pt,maps/16x16/basesWorkers16x16.xml,p1,42,250,4,28
coacAI,175,3,p1,WIN,1135,1.0,0.0,0.0,0.0,0.0,0.0,example_models/16x16/agent.pt,maps/16x16/basesWorkers16x16.xml,p1,42,250,4,28
coacAI,176,3,p1,WIN,1100,1.0,0.0,0.0,0.0,0.0,0.0,example_models/16x16/agent.pt,maps/16x16/basesWorkers16x16.xml,p1,42,250,4,28
coacAI,177,3,p1,WIN,828,1.0,0.0,0.0,0.0,0.0,0.0,example_models/16x16/agent.pt,maps/16x16/basesWorkers16x16.xml,p1,42,250,4,28
coacAI,178,3,p1,WIN,1115,1.0,0.0,0.0,0.0,0.0,0.0,example_models/16x16/agent.pt,maps/16x16/basesWorkers16x16.xml,p1,42,250,4,28
coacAI,179,3,p1,WIN,1439,1.0,0.0,0.0,0.0,0.0,0.0,example_models/16x16/agent.pt,maps/16x16/basesWorkers16x16.xml,p1,42,250,4,28
coacAI,180,3,p1,WIN,1428,1.0,0.0,0.0,0.0,0.0,0.0,example_models/16x16/agent.pt,maps/16x16/basesWorkers16x16.xml,p1,42,250,4,28
coacAI,181,3,p1,LOSS,890,-1.0,0.0,0.0,0.0,0.0,0.0,example_models/16x16/agent.pt,maps/16x16/basesWorkers16x16.xml,p1,42,250,4,28
coacAI,182,3,p1,WIN,1107,1.0,0.0,0.0,0.0,1.0,0.0,example_models/16x16/agent.pt,maps/16x16/basesWorkers16x16.xml,p1,42,250,4,28
coacAI,183,3,p1,WIN,1120,1.0,0.0,0.0,0.0,0.0,0.0,example_models/16x16/agent.pt,maps/16x16/basesWorkers16x16.xml,p1,42,250,4,28
coacAI,184,3,p1,WIN,1107,1.0,0.0,0.0,0.0,1.0,0.0,example_models/16x16/agent.pt,maps/16x16/basesWorkers16x16.xml,p1,42,250,4,28
coacAI,185,3,p1,WIN,1111,1.0,0.0,0.0,0.0,0.0,0.0,example_models/16x16/agent.pt,maps/16x16/basesWorkers16x16.xml,p1,42,250,4,28
coacAI,186,3,p1,DRAW,2000,0.0,0.0,0.0,0.0,0.0,0.0,example_models/16x16/agent.pt,maps/16x16/basesWorkers16x16.xml,p1,42,250,4,28
coacAI,187,3,p1,WIN,1146,1.0,0.0,0.0,0.0,0.0,0.0,example_models/16x16/agent.pt,maps/16x16/basesWorkers16x16.xml,p1,42,250,4,28
coacAI,188,3,p1,WIN,1121,1.0,0.0,0.0,0.0,1.0,0.0,example_models/16x16/agent.pt,maps/16x16/basesWorkers16x16.xml,p1,42,250,4,28
coacAI,189,3,p1,WIN,1133,1.0,0.0,0.0,0.0,0.0,0.0,example_models/16x16/agent.pt,maps/16x16/basesWorkers16x16.xml,p1,42,250,4,28
coacAI,190,3,p1,WIN,1115,1.0,0.0,0.0,0.0,0.0,0.0,example_models/16x16/agent.pt,maps/16x16/basesWorkers16x16.xml,p1,42,250,4,28
coacAI,191,3,p1,WIN,886,1.0,0.0,0.0,0.0,0.0,0.0,example_models/16x16/agent.pt,maps/16x16/basesWorkers16x16.xml,p1,42,250,4,28
coacAI,192,3,p1,WIN,1123,1.0,0.0,0.0,0.0,0.0,0.0,example_models/16x16/agent.pt,maps/16x16/basesWorkers16x16.xml,p1,42,250,4,28
coacAI,193,3,p1,WIN,1155,1.0,0.0,0.0,0.0,1.0,0.0,example_models/16x16/agent.pt,maps/16x16/basesWorkers16x16.xml,p1,42,250,4,28
coacAI,194,3,p1,WIN,1152,1.0,0.0,0.0,0.0,0.0,0.0,example_models/16x16/agent.pt,maps/16x16/basesWorkers16x16.xml,p1,42,250,4,28
coacAI,195,3,p1,WIN,1091,1.0,0.0,1.0,0.0,0.0,0.0,example_models/16x16/agent.pt,maps/16x16/basesWorkers16x16.xml,p1,42,250,4,28
coacAI,196,3,p1,WIN,1098,1.0,0.0,0.0,0.0,0.0,0.0,example_models/16x16/agent.pt,maps/16x16/basesWorkers16x16.xml,p1,42,250,4,28
coacAI,197,3,p1,WIN,1088,1.0,0.0,0.0,0.0,0.0,0.0,example_models/16x16/agent.pt,maps/16x16/basesWorkers16x16.xml,p1,42,250,4,28
coacAI,198,3,p1,WIN,1138,1.0,0.0,0.0,0.0,0.0,0.0,example_models/16x16/agent.pt,maps/16x16/basesWorkers16x16.xml,p1,42,250,4,28
coacAI,199,3,p1,WIN,1101,1.0,0.0,0.0,0.0,0.0,0.0,example_models/16x16/agent.pt,maps/16x16/basesWorkers16x16.xml,p1,42,250,4,28
coacAI,200,3,p1,WIN,1124,1.0,0.0,0.0,0.0,0.0,0.0,example_models/16x16/agent.pt,maps/16x16/basesWorkers16x16.xml,p1,42,250,4,28
coacAI,201,3,p1,WIN,1099,1.0,0.0,0.0,0.0,0.0,0.0,example_models/16x16/agent.pt,maps/16x16/basesWorkers16x16.xml,p1,42,250,4,28
coacAI,202,3,p1,DRAW,2000,0.0,0.0,0.0,0.0,0.0,0.0,example_models/16x16/agent.pt,maps/16x16/basesWorkers16x16.xml,p1,42,250,4,28
coacAI,203,3,p1,WIN,1185,1.0,0.0,0.0,0.0,0.0,0.0,example_models/16x16/agent.pt,maps/16x16/basesWorkers16x16.xml,p1,42,250,4,28
coacAI,204,3,p1,WIN,1106,1.0,0.0,0.0,0.0,0.0,0.0,example_models/16x16/agent.pt,maps/16x16/basesWorkers16x16.xml,p1,42,250,4,28
coacAI,205,3,p1,WIN,1227,1.0,0.0,0.0,0.0,0.0,0.0,example_models/16x16/agent.pt,maps/16x16/basesWorkers16x16.xml,p1,42,250,4,28
coacAI,206,3,p1,WIN,1116,1.0,0.0,0.0,0.0,0.0,0.0,example_models/16x16/agent.pt,maps/16x16/basesWorkers16x16.xml,p1,42,250,4,28
coacAI,207,3,p1,WIN,1106,1.0,0.0,0.0,0.0,0.0,0.0,example_models/16x16/agent.pt,maps/16x16/basesWorkers16x16.xml,p1,42,250,4,28
coacAI,208,3,p1,WIN,1126,1.0,0.0,0.0,0.0,0.0,0.0,example_models/16x16/agent.pt,maps/16x16/basesWorkers16x16.xml,p1,42,250,4,28
coacAI,209,3,p1,WIN,1102,1.0,0.0,0.0,0.0,0.0,0.0,example_models/16x16/agent.pt,maps/16x16/basesWorkers16x16.xml,p1,42,250,4,28
coacAI,210,3,p1,DRAW,2000,0.0,0.0,0.0,0.0,0.0,0.0,example_models/16x16/agent.pt,maps/16x16/basesWorkers16x16.xml,p1,42,250,4,28
coacAI,211,3,p1,WIN,1170,1.0,0.0,0.0,0.0,0.0,0.0,example_models/16x16/agent.pt,maps/16x16/basesWorkers16x16.xml,p1,42,250,4,28
coacAI,212,3,p1,WIN,1562,1.0,0.0,0.0,0.0,0.0,0.0,example_models/16x16/agent.pt,maps/16x16/basesWorkers16x16.xml,p1,42,250,4,28
coacAI,213,3,p1,WIN,1130,1.0,0.0,0.0,0.0,0.0,0.0,example_models/16x16/agent.pt,maps/16x16/basesWorkers16x16.xml,p1,42,250,4,28
coacAI,214,3,p1,DRAW,2000,0.0,0.0,0.0,0.0,0.0,0.0,example_models/16x16/agent.pt,maps/16x16/basesWorkers16x16.xml,p1,42,250,4,28
coacAI,215,3,p1,WIN,1088,1.0,0.0,0.0,0.0,0.0,0.0,example_models/16x16/agent.pt,maps/16x16/basesWorkers16x16.xml,p1,42,250,4,28
coacAI,216,3,p1,WIN,1118,1.0,0.0,0.0,0.0,0.0,0.0,example_models/16x16/agent.pt,maps/16x16/basesWorkers16x16.xml,p1,42,250,4,28
coacAI,217,3,p1,WIN,1287,1.0,0.0,0.0,0.0,0.0,0.0,example_models/16x16/agent.pt,maps/16x16/basesWorkers16x16.xml,p1,42,250,4,28
coacAI,218,3,p1,WIN,1126,1.0,0.0,0.0,0.0,0.0,0.0,example_models/16x16/agent.pt,maps/16x16/basesWorkers16x16.xml,p1,42,250,4,28
coacAI,219,3,p1,WIN,1126,1.0,0.0,0.0,0.0,0.0,0.0,example_models/16x16/agent.pt,maps/16x16/basesWorkers16x16.xml,p1,42,250,4,28
coacAI,220,3,p1,WIN,1108,1.0,0.0,0.0,0.0,0.0,0.0,example_models/16x16/agent.pt,maps/16x16/basesWorkers16x16.xml,p1,42,250,4,28
coacAI,221,3,p1,WIN,1117,1.0,0.0,0.0,0.0,0.0,0.0,example_models/16x16/agent.pt,maps/16x16/basesWorkers16x16.xml,p1,42,250,4,28
coacAI,222,3,p1,WIN,1102,1.0,1.0,0.0,0.0,0.0,0.0,example_models/16x16/agent.pt,maps/16x16/basesWorkers16x16.xml,p1,42,250,4,28
coacAI,223,3,p1,WIN,1163,1.0,0.0,0.0,0.0,0.0,0.0,example_models/16x16/agent.pt,maps/16x16/basesWorkers16x16.xml,p1,42,250,4,28
coacAI,224,3,p1,WIN,1175,1.0,0.0,0.0,0.0,0.0,0.0,example_models/16x16/agent.pt,maps/16x16/basesWorkers16x16.xml,p1,42,250,4,28
coacAI,225,3,p1,WIN,1140,1.0,0.0,0.0,0.0,0.0,0.0,example_models/16x16/agent.pt,maps/16x16/basesWorkers16x16.xml,p1,42,250,4,28
coacAI,226,3,p1,WIN,1124,1.0,0.0,0.0,0.0,0.0,0.0,example_models/16x16/agent.pt,maps/16x16/basesWorkers16x16.xml,p1,42,250,4,28
coacAI,227,3,p1,WIN,1108,1.0,1.0,0.0,0.0,0.0,0.0,example_models/16x16/agent.pt,maps/16x16/basesWorkers16x16.xml,p1,42,250,4,28
coacAI,228,3,p1,WIN,1088,1.0,0.0,0.0,0.0,0.0,0.0,example_models/16x16/agent.pt,maps/16x16/basesWorkers16x16.xml,p1,42,250,4,28
coacAI,229,3,p1,WIN,1309,1.0,0.0,0.0,0.0,0.0,0.0,example_models/16x16/agent.pt,maps/16x16/basesWorkers16x16.xml,p1,42,250,4,28
coacAI,230,3,p1,WIN,1099,1.0,0.0,0.0,0.0,0.0,0.0,example_models/16x16/agent.pt,maps/16x16/basesWorkers16x16.xml,p1,42,250,4,28
coacAI,231,3,p1,WIN,1127,1.0,0.0,0.0,0.0,0.0,0.0,example_models/16x16/agent.pt,maps/16x16/basesWorkers16x16.xml,p1,42,250,4,28
coacAI,232,3,p1,WIN,1146,1.0,0.0,0.0,0.0,0.0,0.0,example_models/16x16/agent.pt,maps/16x16/basesWorkers16x16.xml,p1,42,250,4,28
coacAI,233,3,p1,LOSS,1456,-1.0,0.0,0.0,0.0,0.0,0.0,example_models/16x16/agent.pt,maps/16x16/basesWorkers16x16.xml,p1,42,250,4,28
coacAI,234,3,p1,WIN,1278,1.0,0.0,0.0,0.0,0.0,0.0,example_models/16x16/agent.pt,maps/16x16/basesWorkers16x16.xml,p1,42,250,4,28
coacAI,235,3,p1,WIN,1206,1.0,0.0,0.0,0.0,0.0,0.0,example_models/16x16/agent.pt,maps/16x16/basesWorkers16x16.xml,p1,42,250,4,28
coacAI,236,3,p1,WIN,1111,1.0,0.0,0.0,0.0,0.0,0.0,example_models/16x16/agent.pt,maps/16x16/basesWorkers16x16.xml,p1,42,250,4,28
coacAI,237,3,p1,WIN,1085,1.0,0.0,0.0,0.0,0.0,0.0,example_models/16x16/agent.pt,maps/16x16/basesWorkers16x16.xml,p1,42,250,4,28
coacAI,238,3,p1,WIN,1154,1.0,0.0,0.0,0.0,0.0,0.0,example_models/16x16/agent.pt,maps/16x16/basesWorkers16x16.xml,p1,42,250,4,28
coacAI,239,3,p1,WIN,1081,1.0,2.0,0.0,0.0,0.0,0.0,example_models/16x16/agent.pt,maps/16x16/basesWorkers16x16.xml,p1,42,250,4,28
coacAI,240,3,p1,WIN,1165,1.0,0.0,0.0,0.0,0.0,0.0,example_models/16x16/agent.pt,maps/16x16/basesWorkers16x16.xml,p1,42,250,4,28
coacAI,241,3,p1,WIN,1115,1.0,0.0,0.0,0.0,0.0,0.0,example_models/16x16/agent.pt,maps/16x16/basesWorkers16x16.xml,p1,42,250,4,28
coacAI,242,3,p1,WIN,1103,1.0,0.0,0.0,0.0,1.0,0.0,example_models/16x16/agent.pt,maps/16x16/basesWorkers16x16.xml,p1,42,250,4,28
coacAI,243,3,p1,WIN,1117,1.0,0.0,0.0,0.0,0.0,0.0,example_models/16x16/agent.pt,maps/16x16/basesWorkers16x16.xml,p1,42,250,4,28
coacAI,244,3,p1,WIN,1098,1.0,0.0,0.0,0.0,1.0,0.0,example_models/16x16/agent.pt,maps/16x16/basesWorkers16x16.xml,p1,42,250,4,28
coacAI,245,3,p1,WIN,1207,1.0,0.0,0.0,0.0,0.0,0.0,example_models/16x16/agent.pt,maps/16x16/basesWorkers16x16.xml,p1,42,250,4,28
coacAI,246,3,p1,DRAW,2000,0.0,0.0,0.0,0.0,0.0,0.0,example_models/16x16/agent.pt,maps/16x16/basesWorkers16x16.xml,p1,42,250,4,28
coacAI,247,3,p1,WIN,1000,1.0,0.0,0.0,0.0,0.0,0.0,example_models/16x16/agent.pt,maps/16x16/basesWorkers16x16.xml,p1,42,250,4,28
coacAI,248,3,p1,WIN,1097,1.0,0.0,0.0,0.0,0.0,0.0,example_models/16x16/agent.pt,maps/16x16/basesWorkers16x16.xml,p1,42,250,4,28
coacAI,249,3,p1,WIN,1139,1.0,0.0,0.0,0.0,0.0,0.0,example_models/16x16/agent.pt,maps/16x16/basesWorkers16x16.xml,p1,42,250,4,28
coacAI,250,3,p1,WIN,1739,1.0,0.0,0.0,0.0,0.0,0.0,example_models/16x16/agent.pt,maps/16x16/basesWorkers16x16.xml,p1,42,250,4,28
coacAI,1,4,p1,LOSS,965,-1.0,0.0,0.0,0.0,0.0,0.0,example_models/16x16/agent.pt,maps/16x16/basesWorkers16x16.xml,p1,42,250,4,28
coacAI,2,4,p1,WIN,1086,1.0,0.0,0.0,0.0,0.0,0.0,example_models/16x16/agent.pt,maps/16x16/basesWorkers16x16.xml,p1,42,250,4,28
coacAI,3,4,p1,WIN,1089,1.0,0.0,0.0,0.0,0.0,0.0,example_models/16x16/agent.pt,maps/16x16/basesWorkers16x16.xml,p1,42,250,4,28
coacAI,4,4,p1,WIN,1097,1.0,0.0,0.0,0.0,0.0,0.0,example_models/16x16/agent.pt,maps/16x16/basesWorkers16x16.xml,p1,42,250,4,28
coacAI,5,4,p1,WIN,1097,1.0,0.0,0.0,0.0,0.0,0.0,example_models/16x16/agent.pt,maps/16x16/basesWorkers16x16.xml,p1,42,250,4,28
coacAI,6,4,p1,WIN,1098,1.0,0.0,0.0,0.0,0.0,0.0,example_models/16x16/agent.pt,maps/16x16/basesWorkers16x16.xml,p1,42,250,4,28
coacAI,7,4,p1,WIN,1098,1.0,0.0,0.0,0.0,0.0,0.0,example_models/16x16/agent.pt,maps/16x16/basesWorkers16x16.xml,p1,42,250,4,28
coacAI,8,4,p1,WIN,1100,1.0,0.0,0.0,0.0,0.0,0.0,example_models/16x16/agent.pt,maps/16x16/basesWorkers16x16.xml,p1,42,250,4,28
coacAI,9,4,p1,WIN,1100,1.0,0.0,0.0,0.0,0.0,0.0,example_models/16x16/agent.pt,maps/16x16/basesWorkers16x16.xml,p1,42,250,4,28
coacAI,10,4,p1,WIN,1107,1.0,0.0,0.0,0.0,0.0,0.0,example_models/16x16/agent.pt,maps/16x16/basesWorkers16x16.xml,p1,42,250,4,28
coacAI,11,4,p1,WIN,1114,1.0,0.0,0.0,0.0,0.0,0.0,example_models/16x16/agent.pt,maps/16x16/basesWorkers16x16.xml,p1,42,250,4,28
coacAI,12,4,p1,WIN,1116,1.0,0.0,0.0,0.0,0.0,0.0,example_models/16x16/agent.pt,maps/16x16/basesWorkers16x16.xml,p1,42,250,4,28
coacAI,13,4,p1,WIN,1118,1.0,0.0,0.0,0.0,0.0,0.0,example_models/16x16/agent.pt,maps/16x16/basesWorkers16x16.xml,p1,42,250,4,28
coacAI,14,4,p1,WIN,1119,1.0,0.0,0.0,0.0,0.0,0.0,example_models/16x16/agent.pt,maps/16x16/basesWorkers16x16.xml,p1,42,250,4,28
coacAI,15,4,p1,WIN,1121,1.0,0.0,0.0,0.0,0.0,0.0,example_models/16x16/agent.pt,maps/16x16/basesWorkers16x16.xml,p1,42,250,4,28
coacAI,16,4,p1,WIN,1122,1.0,1.0,0.0,0.0,0.0,0.0,example_models/16x16/agent.pt,maps/16x16/basesWorkers16x16.xml,p1,42,250,4,28
coacAI,17,4,p1,WIN,1128,1.0,0.0,0.0,0.0,0.0,0.0,example_models/16x16/agent.pt,maps/16x16/basesWorkers16x16.xml,p1,42,250,4,28
coacAI,18,4,p1,WIN,1130,1.0,0.0,0.0,0.0,0.0,0.0,example_models/16x16/agent.pt,maps/16x16/basesWorkers16x16.xml,p1,42,250,4,28
coacAI,19,4,p1,WIN,1137,1.0,0.0,0.0,0.0,0.0,0.0,example_models/16x16/agent.pt,maps/16x16/basesWorkers16x16.xml,p1,42,250,4,28
coacAI,20,4,p1,WIN,1146,1.0,0.0,0.0,0.0,0.0,0.0,example_models/16x16/agent.pt,maps/16x16/basesWorkers16x16.xml,p1,42,250,4,28
coacAI,21,4,p1,WIN,1147,1.0,0.0,0.0,0.0,0.0,0.0,example_models/16x16/agent.pt,maps/16x16/basesWorkers16x16.xml,p1,42,250,4,28
coacAI,22,4,p1,WIN,1153,1.0,0.0,0.0,0.0,0.0,0.0,example_models/16x16/agent.pt,maps/16x16/basesWorkers16x16.xml,p1,42,250,4,28
coacAI,23,4,p1,WIN,1186,1.0,0.0,0.0,0.0,0.0,0.0,example_models/16x16/agent.pt,maps/16x16/basesWorkers16x16.xml,p1,42,250,4,28
coacAI,24,4,p1,WIN,1228,1.0,0.0,0.0,0.0,0.0,0.0,example_models/16x16/agent.pt,maps/16x16/basesWorkers16x16.xml,p1,42,250,4,28
coacAI,25,4,p1,LOSS,1250,-1.0,0.0,0.0,0.0,0.0,0.0,example_models/16x16/agent.pt,maps/16x16/basesWorkers16x16.xml,p1,42,250,4,28
coacAI,26,4,p1,LOSS,1487,-1.0,0.0,0.0,0.0,0.0,0.0,example_models/16x16/agent.pt,maps/16x16/basesWorkers16x16.xml,p1,42,250,4,28
coacAI,27,4,p1,WIN,1674,1.0,0.0,0.0,0.0,0.0,0.0,example_models/16x16/agent.pt,maps/16x16/basesWorkers16x16.xml,p1,42,250,4,28
coacAI,28,4,p1,DRAW,2000,0.0,0.0,0.0,0.0,0.0,0.0,example_models/16x16/agent.pt,maps/16x16/basesWorkers16x16.xml,p1,42,250,4,28
coacAI,29,4,p1,WIN,932,1.0,0.0,0.0,0.0,0.0,0.0,example_models/16x16/agent.pt,maps/16x16/basesWorkers16x16.xml,p1,42,250,4,28
coacAI,30,4,p1,WIN,1079,1.0,0.0,0.0,0.0,0.0,0.0,example_models/16x16/agent.pt,maps/16x16/basesWorkers16x16.xml,p1,42,250,4,28
coacAI,31,4,p1,WIN,825,1.0,0.0,0.0,0.0,0.0,0.0,example_models/16x16/agent.pt,maps/16x16/basesWorkers16x16.xml,p1,42,250,4,28
coacAI,32,4,p1,WIN,1022,1.0,0.0,0.0,0.0,0.0,0.0,example_models/16x16/agent.pt,maps/16x16/basesWorkers16x16.xml,p1,42,250,4,28
coacAI,33,4,p1,WIN,1085,1.0,0.0,0.0,0.0,0.0,0.0,example_models/16x16/agent.pt,maps/16x16/basesWorkers16x16.xml,p1,42,250,4,28
coacAI,34,4,p1,WIN,1095,1.0,0.0,0.0,0.0,0.0,0.0,example_models/16x16/agent.pt,maps/16x16/basesWorkers16x16.xml,p1,42,250,4,28
coacAI,35,4,p1,WIN,1117,1.0,0.0,0.0,0.0,0.0,0.0,example_models/16x16/agent.pt,maps/16x16/basesWorkers16x16.xml,p1,42,250,4,28
coacAI,36,4,p1,WIN,1102,1.0,0.0,0.0,0.0,0.0,0.0,example_models/16x16/agent.pt,maps/16x16/basesWorkers16x16.xml,p1,42,250,4,28
coacAI,37,4,p1,WIN,1122,1.0,0.0,0.0,0.0,1.0,0.0,example_models/16x16/agent.pt,maps/16x16/basesWorkers16x16.xml,p1,42,250,4,28
coacAI,38,4,p1,WIN,1137,1.0,0.0,0.0,0.0,1.0,0.0,example_models/16x16/agent.pt,maps/16x16/basesWorkers16x16.xml,p1,42,250,4,28
coacAI,39,4,p1,WIN,1108,1.0,0.0,0.0,0.0,0.0,0.0,example_models/16x16/agent.pt,maps/16x16/basesWorkers16x16.xml,p1,42,250,4,28
coacAI,40,4,p1,WIN,1116,1.0,0.0,0.0,0.0,0.0,0.0,example_models/16x16/agent.pt,maps/16x16/basesWorkers16x16.xml,p1,42,250,4,28
coacAI,41,4,p1,WIN,1126,1.0,0.0,0.0,0.0,0.0,0.0,example_models/16x16/agent.pt,maps/16x16/basesWorkers16x16.xml,p1,42,250,4,28
coacAI,42,4,p1,WIN,1126,1.0,0.0,0.0,0.0,1.0,0.0,example_models/16x16/agent.pt,maps/16x16/basesWorkers16x16.xml,p1,42,250,4,28
coacAI,43,4,p1,WIN,1102,1.0,0.0,0.0,0.0,0.0,0.0,example_models/16x16/agent.pt,maps/16x16/basesWorkers16x16.xml,p1,42,250,4,28
coacAI,44,4,p1,WIN,1103,1.0,0.0,0.0,0.0,0.0,0.0,example_models/16x16/agent.pt,maps/16x16/basesWorkers16x16.xml,p1,42,250,4,28
coacAI,45,4,p1,WIN,1117,1.0,0.0,0.0,0.0,1.0,0.0,example_models/16x16/agent.pt,maps/16x16/basesWorkers16x16.xml,p1,42,250,4,28
coacAI,46,4,p1,WIN,1186,1.0,0.0,0.0,0.0,0.0,0.0,example_models/16x16/agent.pt,maps/16x16/basesWorkers16x16.xml,p1,42,250,4,28
coacAI,47,4,p1,WIN,1103,1.0,0.0,0.0,0.0,0.0,0.0,example_models/16x16/agent.pt,maps/16x16/basesWorkers16x16.xml,p1,42,250,4,28
coacAI,48,4,p1,WIN,1152,1.0,0.0,0.0,0.0,0.0,0.0,example_models/16x16/agent.pt,maps/16x16/basesWorkers16x16.xml,p1,42,250,4,28
coacAI,49,4,p1,WIN,1176,1.0,0.0,0.0,0.0,0.0,0.0,example_models/16x16/agent.pt,maps/16x16/basesWorkers16x16.xml,p1,42,250,4,28
coacAI,50,4,p1,WIN,1136,1.0,0.0,0.0,0.0,0.0,0.0,example_models/16x16/agent.pt,maps/16x16/basesWorkers16x16.xml,p1,42,250,4,28
coacAI,51,4,p1,WIN,1260,1.0,0.0,0.0,0.0,0.0,0.0,example_models/16x16/agent.pt,maps/16x16/basesWorkers16x16.xml,p1,42,250,4,28
coacAI,52,4,p1,WIN,1129,1.0,1.0,0.0,0.0,0.0,0.0,example_models/16x16/agent.pt,maps/16x16/basesWorkers16x16.xml,p1,42,250,4,28
coacAI,53,4,p1,LOSS,1681,-1.0,0.0,0.0,0.0,0.0,0.0,example_models/16x16/agent.pt,maps/16x16/basesWorkers16x16.xml,p1,42,250,4,28
coacAI,54,4,p1,LOSS,1755,-1.0,0.0,0.0,0.0,0.0,0.0,example_models/16x16/agent.pt,maps/16x16/basesWorkers16x16.xml,p1,42,250,4,28
coacAI,55,4,p1,LOSS,1382,-1.0,0.0,0.0,0.0,0.0,0.0,example_models/16x16/agent.pt,maps/16x16/basesWorkers16x16.xml,p1,42,250,4,28
coacAI,56,4,p1,WIN,880,1.0,0.0,0.0,0.0,0.0,0.0,example_models/16x16/agent.pt,maps/16x16/basesWorkers16x16.xml,p1,42,250,4,28
coacAI,57,4,p1,WIN,1106,1.0,0.0,0.0,0.0,0.0,0.0,example_models/16x16/agent.pt,maps/16x16/basesWorkers16x16.xml,p1,42,250,4,28
coacAI,58,4,p1,WIN,1117,1.0,0.0,0.0,0.0,0.0,0.0,example_models/16x16/agent.pt,maps/16x16/basesWorkers16x16.xml,p1,42,250,4,28
coacAI,59,4,p1,WIN,1122,1.0,1.0,0.0,0.0,0.0,0.0,example_models/16x16/agent.pt,maps/16x16/basesWorkers16x16.xml,p1,42,250,4,28
coacAI,60,4,p1,WIN,1147,1.0,0.0,0.0,0.0,0.0,0.0,example_models/16x16/agent.pt,maps/16x16/basesWorkers16x16.xml,p1,42,250,4,28
coacAI,61,4,p1,WIN,1102,1.0,0.0,0.0,0.0,0.0,0.0,example_models/16x16/agent.pt,maps/16x16/basesWorkers16x16.xml,p1,42,250,4,28
coacAI,62,4,p1,WIN,1066,1.0,0.0,0.0,0.0,0.0,0.0,example_models/16x16/agent.pt,maps/16x16/basesWorkers16x16.xml,p1,42,250,4,28
coacAI,63,4,p1,WIN,1059,1.0,0.0,0.0,0.0,0.0,0.0,example_models/16x16/agent.pt,maps/16x16/basesWorkers16x16.xml,p1,42,250,4,28
coacAI,64,4,p1,WIN,1097,1.0,0.0,0.0,0.0,0.0,0.0,example_models/16x16/agent.pt,maps/16x16/basesWorkers16x16.xml,p1,42,250,4,28
coacAI,65,4,p1,WIN,1092,1.0,0.0,0.0,0.0,0.0,0.0,example_models/16x16/agent.pt,maps/16x16/basesWorkers16x16.xml,p1,42,250,4,28
coacAI,66,4,p1,WIN,1105,1.0,0.0,0.0,0.0,0.0,0.0,example_models/16x16/agent.pt,maps/16x16/basesWorkers16x16.xml,p1,42,250,4,28
coacAI,67,4,p1,WIN,1115,1.0,0.0,0.0,0.0,0.0,0.0,example_models/16x16/agent.pt,maps/16x16/basesWorkers16x16.xml,p1,42,250,4,28
coacAI,68,4,p1,WIN,1102,1.0,1.0,0.0,0.0,0.0,0.0,example_models/16x16/agent.pt,maps/16x16/basesWorkers16x16.xml,p1,42,250,4,28
coacAI,69,4,p1,WIN,1121,1.0,0.0,0.0,0.0,0.0,0.0,example_models/16x16/agent.pt,maps/16x16/basesWorkers16x16.xml,p1,42,250,4,28
coacAI,70,4,p1,WIN,1163,1.0,0.0,0.0,0.0,0.0,0.0,example_models/16x16/agent.pt,maps/16x16/basesWorkers16x16.xml,p1,42,250,4,28
coacAI,71,4,p1,WIN,1127,1.0,0.0,0.0,0.0,0.0,0.0,example_models/16x16/agent.pt,maps/16x16/basesWorkers16x16.xml,p1,42,250,4,28
coacAI,72,4,p1,WIN,1099,1.0,0.0,0.0,0.0,0.0,0.0,example_models/16x16/agent.pt,maps/16x16/basesWorkers16x16.xml,p1,42,250,4,28
coacAI,73,4,p1,WIN,1134,1.0,0.0,0.0,0.0,0.0,0.0,example_models/16x16/agent.pt,maps/16x16/basesWorkers16x16.xml,p1,42,250,4,28
coacAI,74,4,p1,WIN,1106,1.0,0.0,0.0,0.0,0.0,0.0,example_models/16x16/agent.pt,maps/16x16/basesWorkers16x16.xml,p1,42,250,4,28
coacAI,75,4,p1,WIN,1130,1.0,0.0,0.0,0.0,0.0,0.0,example_models/16x16/agent.pt,maps/16x16/basesWorkers16x16.xml,p1,42,250,4,28
coacAI,76,4,p1,WIN,1141,1.0,0.0,0.0,0.0,1.0,0.0,example_models/16x16/agent.pt,maps/16x16/basesWorkers16x16.xml,p1,42,250,4,28
coacAI,77,4,p1,WIN,1094,1.0,0.0,0.0,0.0,0.0,0.0,example_models/16x16/agent.pt,maps/16x16/basesWorkers16x16.xml,p1,42,250,4,28
coacAI,78,4,p1,WIN,1101,1.0,0.0,0.0,0.0,0.0,0.0,example_models/16x16/agent.pt,maps/16x16/basesWorkers16x16.xml,p1,42,250,4,28
coacAI,79,4,p1,WIN,1120,1.0,0.0,0.0,0.0,0.0,0.0,example_models/16x16/agent.pt,maps/16x16/basesWorkers16x16.xml,p1,42,250,4,28
coacAI,80,4,p1,WIN,1089,1.0,0.0,0.0,0.0,0.0,0.0,example_models/16x16/agent.pt,maps/16x16/basesWorkers16x16.xml,p1,42,250,4,28
coacAI,81,4,p1,DRAW,2000,0.0,0.0,0.0,0.0,0.0,0.0,example_models/16x16/agent.pt,maps/16x16/basesWorkers16x16.xml,p1,42,250,4,28
coacAI,82,4,p1,WIN,1110,1.0,0.0,0.0,0.0,0.0,0.0,example_models/16x16/agent.pt,maps/16x16/basesWorkers16x16.xml,p1,42,250,4,28
coacAI,83,4,p1,WIN,847,1.0,0.0,0.0,0.0,0.0,0.0,example_models/16x16/agent.pt,maps/16x16/basesWorkers16x16.xml,p1,42,250,4,28
coacAI,84,4,p1,WIN,1115,1.0,0.0,0.0,0.0,0.0,0.0,example_models/16x16/agent.pt,maps/16x16/basesWorkers16x16.xml,p1,42,250,4,28
coacAI,85,4,p1,WIN,1088,1.0,0.0,0.0,0.0,0.0,0.0,example_models/16x16/agent.pt,maps/16x16/basesWorkers16x16.xml,p1,42,250,4,28
coacAI,86,4,p1,WIN,1104,1.0,0.0,0.0,0.0,0.0,0.0,example_models/16x16/agent.pt,maps/16x16/basesWorkers16x16.xml,p1,42,250,4,28
coacAI,87,4,p1,WIN,1079,1.0,0.0,0.0,0.0,0.0,0.0,example_models/16x16/agent.pt,maps/16x16/basesWorkers16x16.xml,p1,42,250,4,28
coacAI,88,4,p1,WIN,1090,1.0,0.0,0.0,0.0,0.0,0.0,example_models/16x16/agent.pt,maps/16x16/basesWorkers16x16.xml,p1,42,250,4,28
coacAI,89,4,p1,LOSS,1778,-1.0,0.0,0.0,0.0,0.0,0.0,example_models/16x16/agent.pt,maps/16x16/basesWorkers16x16.xml,p1,42,250,4,28
coacAI,90,4,p1,WIN,1079,1.0,0.0,0.0,0.0,0.0,0.0,example_models/16x16/agent.pt,maps/16x16/basesWorkers16x16.xml,p1,42,250,4,28
coacAI,91,4,p1,WIN,1096,1.0,0.0,0.0,0.0,0.0,0.0,example_models/16x16/agent.pt,maps/16x16/basesWorkers16x16.xml,p1,42,250,4,28
coacAI,92,4,p1,WIN,1119,1.0,0.0,0.0,0.0,0.0,0.0,example_models/16x16/agent.pt,maps/16x16/basesWorkers16x16.xml,p1,42,250,4,28
coacAI,93,4,p1,WIN,1119,1.0,0.0,0.0,0.0,0.0,0.0,example_models/16x16/agent.pt,maps/16x16/basesWorkers16x16.xml,p1,42,250,4,28
coacAI,94,4,p1,WIN,1111,1.0,1.0,0.0,0.0,1.0,0.0,example_models/16x16/agent.pt,maps/16x16/basesWorkers16x16.xml,p1,42,250,4,28
coacAI,95,4,p1,WIN,1142,1.0,0.0,0.0,0.0,0.0,0.0,example_models/16x16/agent.pt,maps/16x16/basesWorkers16x16.xml,p1,42,250,4,28
coacAI,96,4,p1,WIN,1094,1.0,0.0,0.0,0.0,0.0,0.0,example_models/16x16/agent.pt,maps/16x16/basesWorkers16x16.xml,p1,42,250,4,28
coacAI,97,4,p1,WIN,1085,1.0,0.0,0.0,0.0,0.0,0.0,example_models/16x16/agent.pt,maps/16x16/basesWorkers16x16.xml,p1,42,250,4,28
coacAI,98,4,p1,WIN,1117,1.0,0.0,0.0,0.0,0.0,0.0,example_models/16x16/agent.pt,maps/16x16/basesWorkers16x16.xml,p1,42,250,4,28
coacAI,99,4,p1,LOSS,1099,-1.0,0.0,0.0,0.0,0.0,0.0,example_models/16x16/agent.pt,maps/16x16/basesWorkers16x16.xml,p1,42,250,4,28
coacAI,100,4,p1,WIN,1117,1.0,0.0,0.0,0.0,0.0,0.0,example_models/16x16/agent.pt,maps/16x16/basesWorkers16x16.xml,p1,42,250,4,28
coacAI,101,4,p1,WIN,1116,1.0,0.0,0.0,0.0,0.0,0.0,example_models/16x16/agent.pt,maps/16x16/basesWorkers16x16.xml,p1,42,250,4,28
coacAI,102,4,p1,WIN,1116,1.0,0.0,0.0,0.0,0.0,0.0,example_models/16x16/agent.pt,maps/16x16/basesWorkers16x16.xml,p1,42,250,4,28
coacAI,103,4,p1,WIN,1117,1.0,0.0,0.0,0.0,2.0,0.0,example_models/16x16/agent.pt,maps/16x16/basesWorkers16x16.xml,p1,42,250,4,28
coacAI,104,4,p1,WIN,1104,1.0,0.0,0.0,0.0,0.0,0.0,example_models/16x16/agent.pt,maps/16x16/basesWorkers16x16.xml,p1,42,250,4,28
coacAI,105,4,p1,WIN,904,1.0,0.0,0.0,0.0,0.0,0.0,example_models/16x16/agent.pt,maps/16x16/basesWorkers16x16.xml,p1,42,250,4,28
coacAI,106,4,p1,WIN,803,1.0,0.0,0.0,0.0,0.0,0.0,example_models/16x16/agent.pt,maps/16x16/basesWorkers16x16.xml,p1,42,250,4,28
coacAI,107,4,p1,DRAW,2000,0.0,0.0,0.0,0.0,0.0,0.0,example_models/16x16/agent.pt,maps/16x16/basesWorkers16x16.xml,p1,42,250,4,28
coacAI,108,4,p1,WIN,1102,1.0,0.0,0.0,0.0,0.0,0.0,example_models/16x16/agent.pt,maps/16x16/basesWorkers16x16.xml,p1,42,250,4,28
coacAI,109,4,p1,LOSS,1999,-1.0,0.0,0.0,0.0,0.0,0.0,example_models/16x16/agent.pt,maps/16x16/basesWorkers16x16.xml,p1,42,250,4,28
coacAI,110,4,p1,DRAW,2000,0.0,0.0,0.0,0.0,0.0,0.0,example_models/16x16/agent.pt,maps/16x16/basesWorkers16x16.xml,p1,42,250,4,28
coacAI,111,4,p1,DRAW,2000,0.0,0.0,0.0,0.0,0.0,0.0,example_models/16x16/agent.pt,maps/16x16/basesWorkers16x16.xml,p1,42,250,4,28
coacAI,112,4,p1,WIN,1115,1.0,0.0,0.0,0.0,0.0,0.0,example_models/16x16/agent.pt,maps/16x16/basesWorkers16x16.xml,p1,42,250,4,28
coacAI,113,4,p1,DRAW,2000,0.0,0.0,0.0,0.0,0.0,0.0,example_models/16x16/agent.pt,maps/16x16/basesWorkers16x16.xml,p1,42,250,4,28
coacAI,114,4,p1,WIN,1128,1.0,0.0,0.0,0.0,0.0,0.0,example_models/16x16/agent.pt,maps/16x16/basesWorkers16x16.xml,p1,42,250,4,28
coacAI,115,4,p1,LOSS,1030,-1.0,0.0,0.0,0.0,0.0,0.0,example_models/16x16/agent.pt,maps/16x16/basesWorkers16x16.xml,p1,42,250,4,28
coacAI,116,4,p1,WIN,1117,1.0,0.0,0.0,0.0,0.0,0.0,example_models/16x16/agent.pt,maps/16x16/basesWorkers16x16.xml,p1,42,250,4,28
coacAI,117,4,p1,WIN,1120,1.0,0.0,0.0,0.0,0.0,0.0,example_models/16x16/agent.pt,maps/16x16/basesWorkers16x16.xml,p1,42,250,4,28
coacAI,118,4,p1,WIN,1056,1.0,0.0,0.0,0.0,0.0,0.0,example_models/16x16/agent.pt,maps/16x16/basesWorkers16x16.xml,p1,42,250,4,28
coacAI,119,4,p1,WIN,1100,1.0,0.0,0.0,0.0,0.0,0.0,example_models/16x16/agent.pt,maps/16x16/basesWorkers16x16.xml,p1,42,250,4,28
coacAI,120,4,p1,WIN,1110,1.0,0.0,0.0,0.0,0.0,0.0,example_models/16x16/agent.pt,maps/16x16/basesWorkers16x16.xml,p1,42,250,4,28
coacAI,121,4,p1,WIN,1156,1.0,0.0,0.0,0.0,0.0,0.0,example_models/16x16/agent.pt,maps/16x16/basesWorkers16x16.xml,p1,42,250,4,28
coacAI,122,4,p1,WIN,1183,1.0,0.0,1.0,0.0,0.0,0.0,example_models/16x16/agent.pt,maps/16x16/basesWorkers16x16.xml,p1,42,250,4,28
coacAI,123,4,p1,WIN,1123,1.0,0.0,0.0,0.0,0.0,0.0,example_models/16x16/agent.pt,maps/16x16/basesWorkers16x16.xml,p1,42,250,4,28
coacAI,124,4,p1,WIN,1089,1.0,0.0,0.0,0.0,0.0,0.0,example_models/16x16/agent.pt,maps/16x16/basesWorkers16x16.xml,p1,42,250,4,28
coacAI,125,4,p1,WIN,1466,1.0,0.0,0.0,0.0,0.0,0.0,example_models/16x16/agent.pt,maps/16x16/basesWorkers16x16.xml,p1,42,250,4,28
coacAI,126,4,p1,WIN,1302,1.0,0.0,0.0,0.0,1.0,0.0,example_models/16x16/agent.pt,maps/16x16/basesWorkers16x16.xml,p1,42,250,4,28
coacAI,127,4,p1,WIN,1528,1.0,0.0,0.0,0.0,0.0,0.0,example_models/16x16/agent.pt,maps/16x16/basesWorkers16x16.xml,p1,42,250,4,28
coacAI,128,4,p1,WIN,1114,1.0,0.0,0.0,0.0,0.0,0.0,example_models/16x16/agent.pt,maps/16x16/basesWorkers16x16.xml,p1,42,250,4,28
coacAI,129,4,p1,DRAW,2000,0.0,0.0,0.0,0.0,0.0,0.0,example_models/16x16/agent.pt,maps/16x16/basesWorkers16x16.xml,p1,42,250,4,28
coacAI,130,4,p1,WIN,1142,1.0,0.0,1.0,0.0,0.0,0.0,example_models/16x16/agent.pt,maps/16x16/basesWorkers16x16.xml,p1,42,250,4,28
coacAI,131,4,p1,WIN,1103,1.0,0.0,0.0,0.0,0.0,0.0,example_models/16x16/agent.pt,maps/16x16/basesWorkers16x16.xml,p1,42,250,4,28
coacAI,132,4,p1,WIN,1138,1.0,0.0,0.0,0.0,0.0,0.0,example_models/16x16/agent.pt,maps/16x16/basesWorkers16x16.xml,p1,42,250,4,28
coacAI,133,4,p1,WIN,1122,1.0,0.0,0.0,0.0,0.0,0.0,example_models/16x16/agent.pt,maps/16x16/basesWorkers16x16.xml,p1,42,250,4,28
coacAI,134,4,p1,WIN,1096,1.0,0.0,0.0,0.0,0.0,0.0,example_models/16x16/agent.pt,maps/16x16/basesWorkers16x16.xml,p1,42,250,4,28
coacAI,135,4,p1,DRAW,2000,0.0,0.0,0.0,0.0,0.0,0.0,example_models/16x16/agent.pt,maps/16x16/basesWorkers16x16.xml,p1,42,250,4,28
coacAI,136,4,p1,WIN,1119,1.0,0.0,0.0,0.0,0.0,0.0,example_models/16x16/agent.pt,maps/16x16/basesWorkers16x16.xml,p1,42,250,4,28
coacAI,137,4,p1,WIN,1096,1.0,0.0,0.0,0.0,0.0,0.0,example_models/16x16/agent.pt,maps/16x16/basesWorkers16x16.xml,p1,42,250,4,28
coacAI,138,4,p1,WIN,1124,1.0,0.0,0.0,0.0,0.0,0.0,example_models/16x16/agent.pt,maps/16x16/basesWorkers16x16.xml,p1,42,250,4,28
coacAI,139,4,p1,WIN,1154,1.0,0.0,0.0,0.0,0.0,0.0,example_models/16x16/agent.pt,maps/16x16/basesWorkers16x16.xml,p1,42,250,4,28
coacAI,140,4,p1,WIN,1127,1.0,0.0,0.0,0.0,0.0,0.0,example_models/16x16/agent.pt,maps/16x16/basesWorkers16x16.xml,p1,42,250,4,28
coacAI,141,4,p1,WIN,1101,1.0,0.0,0.0,0.0,0.0,0.0,example_models/16x16/agent.pt,maps/16x16/basesWorkers16x16.xml,p1,42,250,4,28
coacAI,142,4,p1,WIN,1100,1.0,0.0,0.0,0.0,0.0,0.0,example_models/16x16/agent.pt,maps/16x16/basesWorkers16x16.xml,p1,42,250,4,28
coacAI,143,4,p1,WIN,1106,1.0,0.0,0.0,0.0,0.0,0.0,example_models/16x16/agent.pt,maps/16x16/basesWorkers16x16.xml,p1,42,250,4,28
coacAI,144,4,p1,WIN,1096,1.0,0.0,0.0,0.0,0.0,0.0,example_models/16x16/agent.pt,maps/16x16/basesWorkers16x16.xml,p1,42,250,4,28
coacAI,145,4,p1,WIN,1096,1.0,0.0,0.0,0.0,0.0,0.0,example_models/16x16/agent.pt,maps/16x16/basesWorkers16x16.xml,p1,42,250,4,28
coacAI,146,4,p1,WIN,1108,1.0,0.0,0.0,0.0,0.0,0.0,example_models/16x16/agent.pt,maps/16x16/basesWorkers16x16.xml,p1,42,250,4,28
coacAI,147,4,p1,WIN,1073,1.0,0.0,0.0,0.0,0.0,0.0,example_models/16x16/agent.pt,maps/16x16/basesWorkers16x16.xml,p1,42,250,4,28
coacAI,148,4,p1,WIN,1107,1.0,0.0,0.0,0.0,0.0,0.0,example_models/16x16/agent.pt,maps/16x16/basesWorkers16x16.xml,p1,42,250,4,28
coacAI,149,4,p1,WIN,1096,1.0,0.0,0.0,0.0,0.0,0.0,example_models/16x16/agent.pt,maps/16x16/basesWorkers16x16.xml,p1,42,250,4,28
coacAI,150,4,p1,WIN,1096,1.0,0.0,0.0,0.0,0.0,0.0,example_models/16x16/agent.pt,maps/16x16/basesWorkers16x16.xml,p1,42,250,4,28
coacAI,151,4,p1,WIN,1125,1.0,0.0,0.0,0.0,0.0,0.0,example_models/16x16/agent.pt,maps/16x16/basesWorkers16x16.xml,p1,42,250,4,28
coacAI,152,4,p1,WIN,1118,1.0,0.0,0.0,0.0,0.0,0.0,example_models/16x16/agent.pt,maps/16x16/basesWorkers16x16.xml,p1,42,250,4,28
coacAI,153,4,p1,LOSS,1909,-1.0,0.0,0.0,0.0,0.0,0.0,example_models/16x16/agent.pt,maps/16x16/basesWorkers16x16.xml,p1,42,250,4,28
coacAI,154,4,p1,WIN,1086,1.0,0.0,0.0,0.0,0.0,0.0,example_models/16x16/agent.pt,maps/16x16/basesWorkers16x16.xml,p1,42,250,4,28
coacAI,155,4,p1,WIN,1118,1.0,0.0,0.0,0.0,0.0,0.0,example_models/16x16/agent.pt,maps/16x16/basesWorkers16x16.xml,p1,42,250,4,28
coacAI,156,4,p1,WIN,1109,1.0,0.0,0.0,0.0,0.0,0.0,example_models/16x16/agent.pt,maps/16x16/basesWorkers16x16.xml,p1,42,250,4,28
coacAI,157,4,p1,WIN,1235,1.0,0.0,0.0,0.0,0.0,0.0,example_models/16x16/agent.pt,maps/16x16/basesWorkers16x16.xml,p1,42,250,4,28
coacAI,158,4,p1,WIN,1108,1.0,0.0,0.0,0.0,1.0,0.0,example_models/16x16/agent.pt,maps/16x16/basesWorkers16x16.xml,p1,42,250,4,28
coacAI,159,4,p1,WIN,999,1.0,0.0,0.0,0.0,0.0,0.0,example_models/16x16/agent.pt,maps/16x16/basesWorkers16x16.xml,p1,42,250,4,28
coacAI,160,4,p1,WIN,1111,1.0,0.0,0.0,0.0,0.0,0.0,example_models/16x16/agent.pt,maps/16x16/basesWorkers16x16.xml,p1,42,250,4,28
coacAI,161,4,p1,DRAW,2000,0.0,0.0,0.0,0.0,0.0,0.0,example_models/16x16/agent.pt,maps/16x16/basesWorkers16x16.xml,p1,42,250,4,28
coacAI,162,4,p1,WIN,1280,1.0,0.0,0.0,0.0,0.0,0.0,example_models/16x16/agent.pt,maps/16x16/basesWorkers16x16.xml,p1,42,250,4,28
coacAI,163,4,p1,LOSS,1000,-1.0,0.0,0.0,0.0,0.0,0.0,example_models/16x16/agent.pt,maps/16x16/basesWorkers16x16.xml,p1,42,250,4,28
coacAI,164,4,p1,WIN,1127,1.0,0.0,0.0,0.0,0.0,0.0,example_models/16x16/agent.pt,maps/16x16/basesWorkers16x16.xml,p1,42,250,4,28
coacAI,165,4,p1,WIN,1170,1.0,0.0,0.0,0.0,0.0,0.0,example_models/16x16/agent.pt,maps/16x16/basesWorkers16x16.xml,p1,42,250,4,28
coacAI,166,4,p1,DRAW,2000,0.0,0.0,0.0,0.0,0.0,0.0,example_models/16x16/agent.pt,maps/16x16/basesWorkers16x16.xml,p1,42,250,4,28
coacAI,167,4,p1,WIN,1117,1.0,0.0,0.0,0.0,0.0,0.0,example_models/16x16/agent.pt,maps/16x16/basesWorkers16x16.xml,p1,42,250,4,28
coacAI,168,4,p1,WIN,1320,1.0,0.0,0.0,0.0,0.0,0.0,example_models/16x16/agent.pt,maps/16x16/basesWorkers16x16.xml,p1,42,250,4,28
coacAI,169,4,p1,WIN,1113,1.0,0.0,0.0,0.0,0.0,0.0,example_models/16x16/agent.pt,maps/16x16/basesWorkers16x16.xml,p1,42,250,4,28
coacAI,170,4,p1,WIN,1097,1.0,0.0,0.0,0.0,0.0,0.0,example_models/16x16/agent.pt,maps/16x16/basesWorkers16x16.xml,p1,42,250,4,28
coacAI,171,4,p1,WIN,1121,1.0,1.0,0.0,0.0,0.0,0.0,example_models/16x16/agent.pt,maps/16x16/basesWorkers16x16.xml,p1,42,250,4,28
coacAI,172,4,p1,WIN,1101,1.0,0.0,0.0,0.0,0.0,0.0,example_models/16x16/agent.pt,maps/16x16/basesWorkers16x16.xml,p1,42,250,4,28
coacAI,173,4,p1,WIN,1100,1.0,0.0,0.0,0.0,0.0,0.0,example_models/16x16/agent.pt,maps/16x16/basesWorkers16x16.xml,p1,42,250,4,28
coacAI,174,4,p1,WIN,1131,1.0,1.0,0.0,0.0,0.0,0.0,example_models/16x16/agent.pt,maps/16x16/basesWorkers16x16.xml,p1,42,250,4,28
coacAI,175,4,p1,WIN,1131,1.0,0.0,0.0,0.0,0.0,0.0,example_models/16x16/agent.pt,maps/16x16/basesWorkers16x16.xml,p1,42,250,4,28
coacAI,176,4,p1,WIN,1135,1.0,0.0,0.0,0.0,0.0,0.0,example_models/16x16/agent.pt,maps/16x16/basesWorkers16x16.xml,p1,42,250,4,28
coacAI,177,4,p1,LOSS,1349,-1.0,0.0,0.0,0.0,0.0,0.0,example_models/16x16/agent.pt,maps/16x16/basesWorkers16x16.xml,p1,42,250,4,28
coacAI,178,4,p1,WIN,1315,1.0,0.0,0.0,0.0,0.0,0.0,example_models/16x16/agent.pt,maps/16x16/basesWorkers16x16.xml,p1,42,250,4,28
coacAI,179,4,p1,DRAW,2000,0.0,0.0,0.0,0.0,0.0,0.0,example_models/16x16/agent.pt,maps/16x16/basesWorkers16x16.xml,p1,42,250,4,28
coacAI,180,4,p1,WIN,1102,1.0,0.0,0.0,0.0,0.0,0.0,example_models/16x16/agent.pt,maps/16x16/basesWorkers16x16.xml,p1,42,250,4,28
coacAI,181,4,p1,WIN,1120,1.0,0.0,0.0,0.0,0.0,0.0,example_models/16x16/agent.pt,maps/16x16/basesWorkers16x16.xml,p1,42,250,4,28
coacAI,182,4,p1,WIN,1118,1.0,0.0,0.0,0.0,0.0,0.0,example_models/16x16/agent.pt,maps/16x16/basesWorkers16x16.xml,p1,42,250,4,28
coacAI,183,4,p1,WIN,1103,1.0,0.0,0.0,0.0,0.0,0.0,example_models/16x16/agent.pt,maps/16x16/basesWorkers16x16.xml,p1,42,250,4,28
coacAI,184,4,p1,WIN,1091,1.0,0.0,0.0,0.0,0.0,0.0,example_models/16x16/agent.pt,maps/16x16/basesWorkers16x16.xml,p1,42,250,4,28
coacAI,185,4,p1,WIN,1086,1.0,0.0,0.0,0.0,0.0,0.0,example_models/16x16/agent.pt,maps/16x16/basesWorkers16x16.xml,p1,42,250,4,28
coacAI,186,4,p1,WIN,1157,1.0,0.0,0.0,0.0,0.0,0.0,example_models/16x16/agent.pt,maps/16x16/basesWorkers16x16.xml,p1,42,250,4,28
coacAI,187,4,p1,WIN,1157,1.0,0.0,0.0,0.0,0.0,0.0,example_models/16x16/agent.pt,maps/16x16/basesWorkers16x16.xml,p1,42,250,4,28
coacAI,188,4,p1,WIN,1103,1.0,0.0,0.0,0.0,0.0,0.0,example_models/16x16/agent.pt,maps/16x16/basesWorkers16x16.xml,p1,42,250,4,28
coacAI,189,4,p1,WIN,1122,1.0,0.0,0.0,0.0,0.0,0.0,example_models/16x16/agent.pt,maps/16x16/basesWorkers16x16.xml,p1,42,250,4,28
coacAI,190,4,p1,WIN,1107,1.0,0.0,0.0,0.0,0.0,0.0,example_models/16x16/agent.pt,maps/16x16/basesWorkers16x16.xml,p1,42,250,4,28
coacAI,191,4,p1,WIN,1105,1.0,1.0,0.0,0.0,0.0,0.0,example_models/16x16/agent.pt,maps/16x16/basesWorkers16x16.xml,p1,42,250,4,28
coacAI,192,4,p1,WIN,1127,1.0,0.0,0.0,0.0,0.0,0.0,example_models/16x16/agent.pt,maps/16x16/basesWorkers16x16.xml,p1,42,250,4,28
coacAI,193,4,p1,WIN,1120,1.0,0.0,0.0,0.0,0.0,0.0,example_models/16x16/agent.pt,maps/16x16/basesWorkers16x16.xml,p1,42,250,4,28
coacAI,194,4,p1,WIN,1103,1.0,0.0,0.0,0.0,0.0,0.0,example_models/16x16/agent.pt,maps/16x16/basesWorkers16x16.xml,p1,42,250,4,28
coacAI,195,4,p1,WIN,1128,1.0,0.0,0.0,0.0,0.0,0.0,example_models/16x16/agent.pt,maps/16x16/basesWorkers16x16.xml,p1,42,250,4,28
coacAI,196,4,p1,WIN,1120,1.0,0.0,0.0,0.0,0.0,0.0,example_models/16x16/agent.pt,maps/16x16/basesWorkers16x16.xml,p1,42,250,4,28
coacAI,197,4,p1,WIN,1259,1.0,0.0,0.0,0.0,0.0,0.0,example_models/16x16/agent.pt,maps/16x16/basesWorkers16x16.xml,p1,42,250,4,28
coacAI,198,4,p1,WIN,1151,1.0,0.0,0.0,0.0,1.0,0.0,example_models/16x16/agent.pt,maps/16x16/basesWorkers16x16.xml,p1,42,250,4,28
coacAI,199,4,p1,WIN,1219,1.0,0.0,0.0,0.0,0.0,0.0,example_models/16x16/agent.pt,maps/16x16/basesWorkers16x16.xml,p1,42,250,4,28
coacAI,200,4,p1,LOSS,1473,-1.0,0.0,0.0,0.0,0.0,0.0,example_models/16x16/agent.pt,maps/16x16/basesWorkers16x16.xml,p1,42,250,4,28
coacAI,201,4,p1,WIN,1127,1.0,0.0,0.0,0.0,0.0,0.0,example_models/16x16/agent.pt,maps/16x16/basesWorkers16x16.xml,p1,42,250,4,28
coacAI,202,4,p1,WIN,1097,1.0,0.0,0.0,0.0,0.0,0.0,example_models/16x16/agent.pt,maps/16x16/basesWorkers16x16.xml,p1,42,250,4,28
coacAI,203,4,p1,WIN,1098,1.0,0.0,0.0,0.0,1.0,0.0,example_models/16x16/agent.pt,maps/16x16/basesWorkers16x16.xml,p1,42,250,4,28
coacAI,204,4,p1,WIN,1129,1.0,0.0,0.0,0.0,0.0,0.0,example_models/16x16/agent.pt,maps/16x16/basesWorkers16x16.xml,p1,42,250,4,28
coacAI,205,4,p1,DRAW,2000,0.0,0.0,0.0,0.0,0.0,0.0,example_models/16x16/agent.pt,maps/16x16/basesWorkers16x16.xml,p1,42,250,4,28
coacAI,206,4,p1,WIN,1117,1.0,0.0,0.0,0.0,0.0,0.0,example_models/16x16/agent.pt,maps/16x16/basesWorkers16x16.xml,p1,42,250,4,28
coacAI,207,4,p1,LOSS,1721,-1.0,0.0,0.0,0.0,0.0,0.0,example_models/16x16/agent.pt,maps/16x16/basesWorkers16x16.xml,p1,42,250,4,28
coacAI,208,4,p1,WIN,1099,1.0,0.0,0.0,0.0,0.0,0.0,example_models/16x16/agent.pt,maps/16x16/basesWorkers16x16.xml,p1,42,250,4,28
coacAI,209,4,p1,WIN,1124,1.0,0.0,0.0,0.0,0.0,0.0,example_models/16x16/agent.pt,maps/16x16/basesWorkers16x16.xml,p1,42,250,4,28
coacAI,210,4,p1,WIN,1106,1.0,0.0,0.0,0.0,0.0,0.0,example_models/16x16/agent.pt,maps/16x16/basesWorkers16x16.xml,p1,42,250,4,28
coacAI,211,4,p1,WIN,1124,1.0,0.0,0.0,0.0,0.0,0.0,example_models/16x16/agent.pt,maps/16x16/basesWorkers16x16.xml,p1,42,250,4,28
coacAI,212,4,p1,WIN,1128,1.0,0.0,0.0,0.0,0.0,0.0,example_models/16x16/agent.pt,maps/16x16/basesWorkers16x16.xml,p1,42,250,4,28
coacAI,213,4,p1,DRAW,2000,0.0,0.0,0.0,0.0,0.0,0.0,example_models/16x16/agent.pt,maps/16x16/basesWorkers16x16.xml,p1,42,250,4,28
coacAI,214,4,p1,DRAW,2000,0.0,0.0,0.0,0.0,0.0,0.0,example_models/16x16/agent.pt,maps/16x16/basesWorkers16x16.xml,p1,42,250,4,28
coacAI,215,4,p1,LOSS,1145,-1.0,0.0,0.0,0.0,0.0,0.0,example_models/16x16/agent.pt,maps/16x16/basesWorkers16x16.xml,p1,42,250,4,28
coacAI,216,4,p1,WIN,1131,1.0,0.0,0.0,0.0,0.0,1.0,example_models/16x16/agent.pt,maps/16x16/basesWorkers16x16.xml,p1,42,250,4,28
coacAI,217,4,p1,WIN,1106,1.0,0.0,0.0,0.0,0.0,0.0,example_models/16x16/agent.pt,maps/16x16/basesWorkers16x16.xml,p1,42,250,4,28
coacAI,218,4,p1,WIN,1098,1.0,0.0,0.0,0.0,1.0,0.0,example_models/16x16/agent.pt,maps/16x16/basesWorkers16x16.xml,p1,42,250,4,28
coacAI,219,4,p1,WIN,1096,1.0,0.0,0.0,0.0,0.0,0.0,example_models/16x16/agent.pt,maps/16x16/basesWorkers16x16.xml,p1,42,250,4,28
coacAI,220,4,p1,WIN,1182,1.0,0.0,0.0,0.0,0.0,0.0,example_models/16x16/agent.pt,maps/16x16/basesWorkers16x16.xml,p1,42,250,4,28
coacAI,221,4,p1,LOSS,1858,-1.0,0.0,0.0,0.0,0.0,0.0,example_models/16x16/agent.pt,maps/16x16/basesWorkers16x16.xml,p1,42,250,4,28
coacAI,222,4,p1,WIN,1097,1.0,0.0,0.0,0.0,0.0,0.0,example_models/16x16/agent.pt,maps/16x16/basesWorkers16x16.xml,p1,42,250,4,28
coacAI,223,4,p1,WIN,1097,1.0,0.0,0.0,0.0,0.0,0.0,example_models/16x16/agent.pt,maps/16x16/basesWorkers16x16.xml,p1,42,250,4,28
coacAI,224,4,p1,LOSS,1376,-1.0,0.0,0.0,0.0,0.0,0.0,example_models/16x16/agent.pt,maps/16x16/basesWorkers16x16.xml,p1,42,250,4,28
coacAI,225,4,p1,DRAW,2000,0.0,0.0,0.0,0.0,0.0,0.0,example_models/16x16/agent.pt,maps/16x16/basesWorkers16x16.xml,p1,42,250,4,28
coacAI,226,4,p1,WIN,1122,1.0,0.0,0.0,0.0,0.0,0.0,example_models/16x16/agent.pt,maps/16x16/basesWorkers16x16.xml,p1,42,250,4,28
coacAI,227,4,p1,WIN,1116,1.0,0.0,0.0,0.0,0.0,0.0,example_models/16x16/agent.pt,maps/16x16/basesWorkers16x16.xml,p1,42,250,4,28
coacAI,228,4,p1,WIN,1102,1.0,0.0,0.0,0.0,0.0,0.0,example_models/16x16/agent.pt,maps/16x16/basesWorkers16x16.xml,p1,42,250,4,28
coacAI,229,4,p1,WIN,1122,1.0,0.0,0.0,0.0,0.0,0.0,example_models/16x16/agent.pt,maps/16x16/basesWorkers16x16.xml,p1,42,250,4,28
coacAI,230,4,p1,WIN,1120,1.0,0.0,0.0,0.0,0.0,0.0,example_models/16x16/agent.pt,maps/16x16/basesWorkers16x16.xml,p1,42,250,4,28
coacAI,231,4,p1,DRAW,2000,0.0,0.0,0.0,0.0,0.0,0.0,example_models/16x16/agent.pt,maps/16x16/basesWorkers16x16.xml,p1,42,250,4,28
coacAI,232,4,p1,WIN,1069,1.0,0.0,0.0,0.0,0.0,0.0,example_models/16x16/agent.pt,maps/16x16/basesWorkers16x16.xml,p1,42,250,4,28
coacAI,233,4,p1,WIN,1084,1.0,0.0,0.0,0.0,0.0,0.0,example_models/16x16/agent.pt,maps/16x16/basesWorkers16x16.xml,p1,42,250,4,28
coacAI,234,4,p1,LOSS,827,-1.0,0.0,0.0,0.0,0.0,0.0,example_models/16x16/agent.pt,maps/16x16/basesWorkers16x16.xml,p1,42,250,4,28
coacAI,235,4,p1,WIN,1100,1.0,0.0,0.0,0.0,0.0,0.0,example_models/16x16/agent.pt,maps/16x16/basesWorkers16x16.xml,p1,42,250,4,28
coacAI,236,4,p1,WIN,1113,1.0,0.0,0.0,0.0,0.0,0.0,example_models/16x16/agent.pt,maps/16x16/basesWorkers16x16.xml,p1,42,250,4,28
coacAI,237,4,p1,DRAW,2000,0.0,0.0,0.0,0.0,0.0,0.0,example_models/16x16/agent.pt,maps/16x16/basesWorkers16x16.xml,p1,42,250,4,28
coacAI,238,4,p1,WIN,1117,1.0,0.0,0.0,0.0,0.0,0.0,example_models/16x16/agent.pt,maps/16x16/basesWorkers16x16.xml,p1,42,250,4,28
coacAI,239,4,p1,WIN,1155,1.0,0.0,0.0,0.0,0.0,0.0,example_models/16x16/agent.pt,maps/16x16/basesWorkers16x16.xml,p1,42,250,4,28
coacAI,240,4,p1,WIN,1098,1.0,0.0,0.0,0.0,0.0,0.0,example_models/16x16/agent.pt,maps/16x16/basesWorkers16x16.xml,p1,42,250,4,28
coacAI,241,4,p1,WIN,1132,1.0,0.0,0.0,0.0,0.0,0.0,example_models/16x16/agent.pt,maps/16x16/basesWorkers16x16.xml,p1,42,250,4,28
coacAI,242,4,p1,WIN,1100,1.0,0.0,0.0,0.0,0.0,0.0,example_models/16x16/agent.pt,maps/16x16/basesWorkers16x16.xml,p1,42,250,4,28
coacAI,243,4,p1,DRAW,2000,0.0,0.0,0.0,0.0,0.0,0.0,example_models/16x16/agent.pt,maps/16x16/basesWorkers16x16.xml,p1,42,250,4,28
coacAI,244,4,p1,WIN,1157,1.0,0.0,0.0,0.0,0.0,0.0,example_models/16x16/agent.pt,maps/16x16/basesWorkers16x16.xml,p1,42,250,4,28
coacAI,245,4,p1,WIN,1106,1.0,1.0,0.0,0.0,0.0,0.0,example_models/16x16/agent.pt,maps/16x16/basesWorkers16x16.xml,p1,42,250,4,28
coacAI,246,4,p1,WIN,1096,1.0,0.0,0.0,0.0,0.0,0.0,example_models/16x16/agent.pt,maps/16x16/basesWorkers16x16.xml,p1,42,250,4,28
coacAI,247,4,p1,WIN,1152,1.0,0.0,0.0,0.0,0.0,0.0,example_models/16x16/agent.pt,maps/16x16/basesWorkers16x16.xml,p1,42,250,4,28
coacAI,248,4,p1,WIN,1101,1.0,1.0,0.0,0.0,0.0,0.0,example_models/16x16/agent.pt,maps/16x16/basesWorkers16x16.xml,p1,42,250,4,28
coacAI,249,4,p1,WIN,1148,1.0,0.0,0.0,0.0,0.0,0.0,example_models/16x16/agent.pt,maps/16x16/basesWorkers16x16.xml,p1,42,250,4,28
coacAI,250,4,p1,LOSS,1199,-1.0,0.0,0.0,0.0,0.0,0.0,example_models/16x16/agent.pt,maps/16x16/basesWorkers16x16.xml,p1,42,250,4,28
