global_step,eval/winrate,episode/total_reward,episode/length,worker/entropy,worker/intrinsic_reward,worker/advantage,manager/cosines,manager/advantage,loss/total,loss/worker,loss/manager,loss/value_worker,loss/value_manager,ppg/aux_value_worker,charts/learning_rate,charts/steps_per_sec,charts/episode_reward/WinLossRewardFunction,charts/episode_reward/ResourceGatherRewardFunction,charts/episode_reward/ProduceWorkerRewardFunction,charts/episode_reward/ProduceBuildingRewardFunction,charts/episode_reward/AttackRewardFunction,charts/episode_reward/ProduceCombatUnitRewardFunction
168000.0,,-15.8,716.0,,,,,,,,,,,,,,-1.0,2.0,1.0,1.0,1.0,0.0
172800.0,,31.0,645.0,,,,,,,,,,,,,,-1.0,6.0,37.0,0.0,8.0,0.0
192000.0,,125.2,4000.0,,,,,,,,,,,,,,0.0,48.0,20.0,1.0,53.0,1.0
213600.0,,,,,,,,,,,,,,,,1683.062101029444,,,,,,
216000.0,,-7.0,818.0,,,,,,,,,,,,,,-1.0,6.0,7.0,0.0,0.0,0.0
326400.0,,-9.0,835.0,,,,,,,,,,,,,,-1.0,5.0,6.0,0.0,0.0,0.0
374400.0,,6.0,779.0,,,,,,,,,,,,,,-1.0,5.0,6.0,0.0,15.0,0.0
511200.0,,6.0,650.0,,,,,,,,,,,,,,-1.0,8.0,8.0,0.0,10.0,0.0
525600.0,,,,0.0005100809503346682,0.14918924868106842,-1.19209286886246e-09,0.35309693217277527,-1.5894572324981482e-09,4.419788837432861,-0.00010009495599661022,0.10331300646066666,2.279808521270752,2.2431983947753906,,0.0003999977485988502,,,,,,,
592800.0,,0.0,895.0,,,,,,,,,,,,,,-1.0,11.0,8.0,0.0,1.0,0.0
660000.0,,-13.0,815.0,,,,,,,,,,,,,,-1.0,1.0,5.0,0.0,1.0,0.0
722400.0,,-3.0,783.0,,,,,,,,,,,,,,-1.0,1.0,5.0,0.0,11.0,0.0
770400.0,,,,2.0579196643666364e-05,0.0055670239962637424,-3.1789144649962964e-09,0.06784402579069138,-7.947286162490741e-10,2.2606258392333984,-5.583408892562147e-06,0.023341696709394455,1.1316256523132324,1.1523367166519165,,0.0003999951489181928,,,,,,,
789600.0,,8.0,915.0,,,,,,,,,,,,,,-1.0,5.0,6.0,0.0,17.0,0.0
804000.0,,-12.0,828.0,,,,,,,,,,,,,,-1.0,2.0,5.0,0.0,1.0,0.0
825600.0,,,,,,,,,,,,,,1.062401533126831,,,,,,,,
960000.0,,17.0,4000.0,,,,,,,,,,,,,,0.0,2.0,5.0,0.0,10.0,0.0
979200.0,,,,0.00027571205282583833,0.008463961072266102,5.563100202721216e-09,0.01528424583375454,7.947286162490741e-10,1.785768985748291,-4.599012390826829e-05,0.09878470003604889,0.7123478651046753,1.1721625328063965,,0.00039999215259594787,,,,,,,
984000.0,,27.0,905.0,,,,,,,,,,,,,,-1.0,27.0,16.0,0.0,4.0,0.0
1039200.0,,,,0.0003312886692583561,0.06101984903216362,1.1920929132713809e-08,0.14297975599765778,7.3512396170372085e-09,1.6703583002090454,-7.871122215874493e-05,0.10660383850336075,0.6141786575317383,1.1627081632614136,,0.00039999115894260223,,,,,,,
1303200.0,,2.0,804.0,,,,,,,,,,,,,,-1.0,12.0,9.0,0.0,1.0,0.0
1305600.0,,37.4,844.0,,,,,,,,,,,,,,-1.0,35.0,13.0,2.0,5.0,1.0
1372800.0,,71.0,1410.0,,,,,,,,,,,,,,-1.0,36.0,19.0,0.0,36.0,0.0
1497600.0,,-5.0,787.0,,,,,,,,,,,,,,-1.0,4.0,6.0,0.0,5.0,0.0
1514400.0,,-1.0,705.0,,,,,,,,,,,,,,-1.0,3.0,6.0,0.0,10.0,0.0
1516800.0,,,,,,,,,,,,,,,,1639.0221433274135,,,,,,
1519200.0,,,,,,,,,,,,,,,,1638.7674639663958,,,,,,
1552800.0,,,,,,,,,,,,,,,,1639.0653272557872,,,,,,
1581600.0,,1.1999999999999993,693.0,,,,,,,,,,,,,,-1.0,9.0,3.0,1.0,9.0,0.0
1629600.0,,,,0.0004997321520932019,0.0856756865978241,-3.973643192267673e-09,0.10151737183332443,-2.543131571997037e-08,0.8675863146781921,4.164603160461411e-05,-0.014075101353228092,0.3068200349807739,0.5467378497123718,,0.00039997822341062973,,,,,,,
1776000.0,,139.2,1626.0,,,,,,,,,,,,,,-1.0,52.0,20.0,1.0,75.0,3.0
1809600.0,,39.2,891.0,,,,,,,,,,,,,,-1.0,33.0,9.0,1.0,5.0,3.0
1869600.0,,,,,,,,,,,,,,,,1636.466180795207,,,,,,
1888800.0,,100.2,1330.0,,,,,,,,,,,,,,-1.0,47.0,21.0,1.0,48.0,1.0
1896000.0,,64.2,1243.0,,,,,,,,,,,,,,-1.0,47.0,14.0,1.0,7.0,4.0
2095200.0,,,,,,,,,,,,,,,,1632.0574170940693,,,,,,
2102400.0,,34.0,898.0,,,,,,,,,,,,,,-1.0,32.0,18.0,0.0,4.0,0.0
2126400.0,,,,0.001069106045179069,0.03946184366941452,-3.973643192267673e-09,0.07740099728107452,1.5894572324981482e-09,1.085831642150879,-6.730233872076496e-05,0.020166907459497452,0.4827316403388977,0.6232104301452637,,0.0003999628969493431,,,,,,,
2258400.0,,,,,,,,,,,,,,,,1632.9579197681032,,,,,,
2289600.0,,,,,,,,,,,,,,,,1633.09033861697,,,,,,
2366400.0,,,,0.0011119041591882706,0.08305830508470535,-3.1789144649962964e-09,0.233578622341156,6.1591469702193535e-09,0.6439952254295349,-5.410251105786301e-05,0.05589115992188454,0.29335811734199524,0.40648528933525085,,0.00039995403881007316,,,,,,,
2390400.0,,,,,,,,,,,,,,,,1633.2161297756097,,,,,,
2428800.0,,,,0.001585171208716929,-0.06501730531454086,5.9604645663569045e-09,-0.042728621512651443,-3.9736430812453705e-10,1.2708699703216553,0.00015051082300487906,0.00862837117165327,0.6474175453186035,0.6322471499443054,,0.0003999515805415458,,,,,,,
2438400.0,,,,,,,,,,,,,,0.3723072409629822,,,,,,,,
2455200.0,,,,0.0009856069227680564,0.05010032281279564,3.973643192267673e-09,0.07078984379768372,2.38418573772492e-09,1.008925437927246,5.300451084622182e-05,0.05152346193790436,0.4677061140537262,0.5928056836128235,,0.00039995052122976485,,,,,,,
2529600.0,,-14.8,385.0,,,,,,,,,,,,,,-1.0,2.0,1.0,1.0,2.0,0.0
2534400.0,,,,,,,,,,,,,,0.4252476990222931,,,,,,,,
2556000.0,,48.0,1055.0,,,,,,,,,,,,,,-1.0,29.0,14.0,0.0,25.0,0.0
2745600.0,,,,,,,,,,,,,,0.48791199922561646,,,,,,,,
2832000.0,,70.2,1123.0,,,,,,,,,,,,,,-1.0,49.0,13.0,1.0,8.0,5.0
2875200.0,,70.2,1323.0,,,,,,,,,,,,,,-1.0,46.0,15.0,1.0,13.0,4.0
2918400.0,,,,,,,,,,,,,,,,1636.409187759118,,,,,,
2947200.0,,,,,,,,,,,,,,,,1636.2760607420803,,,,,,
2976000.0,,,,,,,,,,,,,,,,1636.3408823089549,,,,,,
3009600.0,,137.2,1620.0,,,,,,,,,,,,,,-1.0,53.0,16.0,1.0,68.0,5.0
3182400.0,,,,,,,,,,,,,,,,1637.262983480748,,,,,,
3220800.0,,,,,,,,,,,,,,,,1637.9913494425641,,,,,,
3252000.0,,,,,,,,,,,,,,,,1638.3893103772473,,,,,,
3340800.0,,45.2,889.0,,,,,,,,,,,,,,-1.0,36.0,13.0,1.0,8.0,2.0
3585600.0,,108.19999999999999,1228.0,,,,,,,,,,,,,,-1.0,49.0,16.0,1.0,47.0,4.0
3760800.0,,96.60000000000001,1100.0,,,,,,,,,,,,,,-1.0,51.0,15.0,3.0,38.0,3.0
3816000.0,,83.2,1153.0,,,,,,,,,,,,,,-1.0,40.0,13.0,1.0,38.0,3.0
3914400.0,,,,,,,,,,,,,,,,1643.7018867648464,,,,,,
3928800.0,,,,0.0016452433774247766,-0.0892333835363388,-1.5894572324981482e-09,-0.13256698846817017,-1.5099843153620895e-08,1.2232294082641602,1.088459885068005e-05,0.005845409352332354,0.525312602519989,0.703789472579956,,0.000399873221270579,,,,,,,
4130400.0,,,,,,,,,,,,,,,,1644.7146625887563,,,,,,
4144800.0,,,,0.0011553290532901883,0.05066612362861633,-2.106030905224543e-08,0.08310791105031967,-2.543131571997037e-08,1.4163779020309448,7.29178555047838e-06,-0.01794242113828659,0.5294857621192932,0.8689685463905334,,0.00039985889108200886,,,,,,,
4152000.0,,,,,,,,,,,,,,,,1644.9120790808677,,,,,,
4192800.0,,,,,,,,,,,,,,,,1645.4375947947783,,,,,,
4204800.0,,,,,,,,,,,,,,0.5140261054039001,,,,,,,,
4212000.0,,87.2,1366.0,,,,,,,,,,,,,,-1.0,57.0,19.0,1.0,15.0,4.0
4312800.0,,,,0.0010873173596337438,-0.038331661373376846,1.3311704627483323e-08,-0.005755273625254631,2.582867919542764e-09,2.404802083969116,-0.00016188550216611475,0.07720243185758591,1.3203823566436768,1.1614712476730347,,0.00039984721528532656,,,,,,,
4336800.0,,,,,,,,,,,,,,,,1646.0246115865245,,,,,,
4468800.0,,,,0.001054076012223959,-0.0670500323176384,3.5762788286319847e-09,-0.06089838221669197,-3.5762788286319847e-09,1.3522855043411255,7.207169255707413e-05,0.039769984781742096,0.5729875564575195,0.8191503882408142,,0.0003998359581891237,,,,,,,
4699200.0,,,,0.0008416250930167735,-0.020755913108587265,-9.33806099112644e-09,0.018619980663061142,-1.0132789718397817e-08,1.2187608480453491,-6.262903866627312e-07,-0.047086965292692184,0.5022650361061096,0.6694167256355286,,0.00039981860091978195,,,,,,,
4701600.0,,78.2,1478.0,,,,,,,,,,,,,,-1.0,55.0,16.0,1.0,7.0,5.0
4713600.0,,,,0.000961749698035419,0.022857557982206345,-1.3709068547029801e-08,0.0631677657365799,1.1126200405442432e-08,1.1044083833694458,0.00012224841339047998,-0.06562099605798721,0.4096603989601135,0.629258930683136,,0.00039981748713149867,,,,,,,
4728000.0,,7.199999999999999,655.0,,,,,,,,,,,,,,-1.0,14.0,5.0,1.0,8.0,0.0
4802400.0,,,,0.0017577486578375101,0.05266137793660164,1.4305115314527939e-08,0.06363759189844131,2.1457672971791908e-08,0.8640403151512146,6.046572161721997e-05,0.0010778793366625905,0.31404954195022583,0.5511466860771179,,0.0003998105434909027,,,,,,,
4812000.0,,,,,,,,,,,,,,,,1647.825098014662,,,,,,
4867200.0,,221.2,4000.0,,,,,,,,,,,,,,0.0,100.0,42.0,1.0,67.0,3.0
4891200.0,,86.2,1378.0,,,,,,,,,,,,,,-1.0,57.0,18.0,1.0,11.0,5.0
4951200.0,,51.2,1425.0,,,,,,,,,,,,,,-1.0,19.0,7.0,1.0,41.0,1.0
4951200.0,,,,,,,,,,,,,,,,1648.5335295473624,,,,,,
5028000.0,,,,0.0017122530844062567,-0.059237461537122726,1.1126200405442432e-08,-0.0810503289103508,-5.563100202721216e-09,1.0141136646270752,-0.0002123240992659703,-0.027832821011543274,0.41185879707336426,0.5742269158363342,,0.00039979232027680605,,,,,,,
5097600.0,,89.2,1496.0,,,,,,,,,,,,,,-1.0,56.0,14.0,1.0,15.0,6.0
5160000.0,,,,,,,,,,,,,,,,1603.0995926026512,,,,,,
5164800.0,,,,,,,,,,,,,,,,1603.0114524635633,,,,,,
5172000.0,,,,,,,,,,,,,,,,1603.2465600287603,,,,,,
5191200.0,,83.2,1280.0,,,,,,,,,,,,,,-1.0,56.0,17.0,1.0,10.0,5.0
5260800.0,,,,,,,,,,,,,,0.5315072536468506,,,,,,,,
5318400.0,,,,0.0016983550740405917,-0.02210948057472706,5.165735839085528e-09,-0.008590176701545715,-7.947286384535346e-09,1.3862550258636475,-0.00013337780546862632,0.05318179354071617,0.6470397710800171,0.7922806143760681,,0.00039976763201981196,,,,,,,
5445600.0,,27.200000000000003,795.0,,,,,,,,,,,,,,-1.0,23.0,8.0,1.0,12.0,1.0
5474400.0,,,,,,,,,,,,,,,,1607.1150770881611,,,,,,
5546400.0,,73.2,1133.0,,,,,,,,,,,,,,-1.0,50.0,15.0,1.0,12.0,4.0
5616000.0,,27.200000000000003,860.0,,,,,,,,,,,,,,-1.0,30.0,12.0,1.0,1.0,1.0
5733600.0,,77.2,978.0,,,,,,,,,,,,,,-1.0,38.0,11.0,1.0,36.0,3.0
5796000.0,,133.2,1334.0,,,,,,,,,,,,,,-1.0,60.0,19.0,1.0,58.0,4.0
5815200.0,,,,,,,,,,,,,,,,1610.7153485790018,,,,,,
5952000.0,,,,,,,,,,,,,,0.5352343916893005,,,,,,,,
5976000.0,,,,0.0011407403508201241,0.032274652272462845,-8.344650304081824e-09,0.11105158925056458,-9.934107758624577e-09,1.0728846788406372,3.274291884736158e-05,-0.01894320920109749,0.4429403841495514,0.6110453605651855,,0.000399706607404753,,,,,,,
5988000.0,,,,,,,,,,,,,,,,1612.2820766553416,,,,,,
6036000.0,,159.2,1657.0,,,,,,,,,,,,,,-1.0,62.0,21.0,1.0,80.0,4.0
6240000.0,,,,,,,,,,,,,,,,1614.2183896902202,,,,,,
6357600.0,,,,0.0018230634741485119,-0.0189821794629097,-5.563100202721216e-09,-0.05727895721793175,1.5894572324981482e-09,1.052330493927002,5.5685108236502856e-05,0.03855517506599426,0.4415118396282196,0.6494476795196533,,0.0003996679399386266,,,,,,,
6530400.0,,,,,,,,,,,,,,,,1616.3117609314136,,,,,,
6532800.0,,,,,,,,,,,,,,,,1616.3378064104827,,,,,,
6592800.0,,,,0.0013487259857356548,-0.004197767470031977,5.761782606583665e-09,0.003042972646653652,2.98023217215615e-10,1.2329719066619873,-4.7367033403133973e-05,-0.05430572107434273,0.4943958520889282,0.6842363476753235,,0.00039964291659865946,,,,,,,
6621600.0,,16.200000000000003,720.0,,,,,,,,,,,,,,-1.0,15.0,4.0,1.0,13.0,1.0
6631200.0,,,,,,,,,,,,,,,,1617.015538943466,,,,,,
6748800.0,,,,0.0017143089789897203,-0.07101625949144363,-3.9736430812453705e-10,-0.07075295597314835,2.38418573772492e-09,0.818254828453064,0.0002670337853487581,-0.018429281190037727,0.30864888429641724,0.4914608895778656,,0.00039962581874231117,,,,,,,
6756000.0,,90.2,1364.0,,,,,,,,,,,,,,-1.0,61.0,21.0,1.0,12.0,4.0
6756000.0,,,,,,,,,,,,,,,,1617.2280714604976,,,,,,
6835200.0,,77.2,1339.0,,,,,,,,,,,,,,-1.0,53.0,17.0,1.0,11.0,4.0
6907200.0,,,,,,,,,,,,,,,,1618.3216097057718,,,,,,
6936000.0,,86.2,1418.0,,,,,,,,,,,,,,-1.0,60.0,20.0,1.0,10.0,4.0
6962400.0,,80.2,1424.0,,,,,,,,,,,,,,-1.0,55.0,19.0,1.0,10.0,4.0
7080000.0,,,,0.0009965935023501515,0.005073965527117252,-1.19209286886246e-09,-0.018981682136654854,-4.371007555903361e-09,1.0558249950408936,8.106849236355629e-06,-0.003175131045281887,0.4538653790950775,0.5988026261329651,,0.00039958819490888513,,,,,,,
7195200.0,,-7.800000000000001,818.0,,,,,,,,,,,,,,-1.0,8.0,4.0,1.0,0.0,0.0
7252800.0,,92.2,1561.0,,,,,,,,,,,,,,-1.0,61.0,22.0,1.0,13.0,4.0
7305600.0,,126.0,2040.0,,,,,,,,,,,,,,-1.0,64.0,24.0,5.0,53.0,1.0
7315200.0,,,,0.001352907856926322,-0.05172261968255043,-2.1855036891338386e-08,-0.04076359421014786,-1.5298525113394135e-08,1.460332989692688,6.350161856971681e-05,-0.06279449164867401,0.5831412672996521,0.8144742250442505,,0.0003995603838479061,,,,,,,
7341600.0,,,,0.0014728264650329947,-0.03542359918355942,-4.172325152040912e-09,-0.04185307398438454,-3.973643192267673e-09,1.3498437404632568,8.630721276858822e-05,0.03339312598109245,0.4899211823940277,0.8934167623519897,,0.0003995572055599881,,,,,,,
7351200.0,,107.2,1149.0,,,,,,,,,,,,,,-1.0,53.0,18.0,1.0,40.0,4.0
7396800.0,,103.60000000000001,1365.0,,,,,,,,,,,,,,-1.0,71.0,23.0,3.0,9.0,5.0
7430400.0,,,,,,,,,,,,,,0.4325554370880127,,,,,,,,
7488000.0,,2.1999999999999993,882.0,,,,,,,,,,,,,,-1.0,15.0,7.0,1.0,0.0,0.0
7540800.0,,71.2,1189.0,,,,,,,,,,,,,,-1.0,56.0,18.0,1.0,1.0,4.0
7574400.0,,76.2,1243.0,,,,,,,,,,,,,,-1.0,55.0,17.0,1.0,8.0,4.0
7624800.0,,46.2,994.0,,,,,,,,,,,,,,-1.0,38.0,15.0,1.0,5.0,2.0
7665600.0,,73.2,1335.0,,,,,,,,,,,,,,-1.0,52.0,19.0,1.0,10.0,3.0
7766400.0,,,,,,,,,,,,,,,,1620.4256414978397,,,,,,
7833600.0,,59.2,1059.0,,,,,,,,,,,,,,-1.0,46.0,16.0,1.0,5.0,3.0
7838400.0,,14.200000000000003,630.0,,,,,,,,,,,,,,-1.0,15.0,4.0,1.0,11.0,1.0
8030400.0,,,,,,,,,,,,,,,,1622.276828277791,,,,,,
8112000.0,,97.2,1196.0,,,,,,,,,,,,,,-1.0,47.0,16.0,1.0,42.0,3.0
8128800.0,,,,,,,,,,,,,,,,1623.2583485283606,,,,,,
8318400.0,,,,,,,,,,,,,,,,1623.7581450244215,,,,,,
8452800.0,,62.2,1090.0,,,,,,,,,,,,,,-1.0,43.0,16.0,1.0,19.0,1.0
8599200.0,,84.2,1281.0,,,,,,,,,,,,,,-1.0,61.0,21.0,1.0,6.0,4.0
8726400.0,,,,0.0015117826405912638,0.0921672135591507,-2.38418573772492e-09,0.1807321012020111,5.165735839085528e-09,0.8539332747459412,-0.00013785940245725214,-0.013986948877573013,0.37611231207847595,0.46371129155158997,,0.00039937447059016886,,,,,,,
8784000.0,,,,,,,,,,,,,,,,1625.8946648819676,,,,,,
8800800.0,,,,0.0015346684958785772,-0.03419773653149605,-4.371007555903361e-09,-0.01259433664381504,-1.4503797274301178e-08,1.2652252912521362,-0.00012211543798912317,0.0616319365799427,0.5054866671562195,0.82126384973526,,0.00039936376339886514,,,,,,,
9084000.0,,,,,,,,,,,,,,,,1626.6423274402603,,,,,,
9158400.0,,,,,,,,,,,,,,,,1626.859181934408,,,,,,
9302400.0,,,,,,,,,,,,,,,,1627.840305896245,,,,,,
9364800.0,,20.200000000000003,1064.0,,,,,,,,,,,,,,-1.0,24.0,12.0,1.0,4.0,0.0
9504000.0,,,,,,,,,,,,,,,,1629.0403946066413,,,,,,
9518400.0,,160.2,1386.0,,,,,,,,,,,,,,1.0,72.0,23.0,1.0,21.0,6.0
9796800.0,,,,0.0011616635601967573,0.048256609588861465,-1.5894572324981482e-09,0.06658771634101868,6.357828929992593e-09,0.8547486066818237,1.4778582226426806e-05,-0.03182298690080643,0.3340393602848053,0.4889126718044281,,0.00039921169658147003,,,,,,,
9871200.0,,,,,,,,,,,,,,,,1630.0342411219697,,,,,,
10024800.0,,,,0.0016924766823649406,-0.0012244919780641794,2.38418573772492e-09,-0.004366324283182621,-2.9007594548602356e-08,1.055031657218933,-0.00015901369624771178,-0.03298109024763107,0.3803694546222687,0.6415390968322754,,0.0003991746022795256,,,,,,,
10077600.0,,,,0.0017684687627479434,0.02542893961071968,-2.4636587880877414e-08,0.034851592034101486,-3.1789144649962964e-09,1.1309386491775513,0.00011916602670680732,-0.036090560257434845,0.4727632701396942,0.6222215890884399,,0.0003991658907424249,,,,,,,
10132800.0,,47.80000000000001,898.0,,,,,,,,,,,,,,-1.0,45.0,16.0,4.0,2.0,1.0
10171200.0,,,,,,,,,,,,,,,,1608.4380100657454,,,,,,
10221600.0,,,,0.0015757533255964518,-0.008031731471419334,-3.9736430812453705e-10,0.0388103611767292,-2.9802322831784522e-09,1.3481357097625732,-0.0003699838707689196,0.039413902908563614,0.5848187208175659,0.8023766279220581,,0.00039914190022824573,,,,,,,
10399200.0,,148.2,1637.0,,,,,,,,,,,,,,1.0,64.0,23.0,1.0,25.0,4.0
10473600.0,,,,,,,,,,,,,,,,1610.325514326521,,,,,,
10507200.0,,,,,,,,,,,,,,,,1610.3158044765719,,,,,,
10586400.0,,,,0.0014759940095245838,-0.051875002682209015,5.9604645663569045e-09,-0.08676406741142273,8.344650304081824e-09,0.8461148738861084,-5.7932178606279194e-05,0.06329167634248734,0.30594906210899353,0.6034142971038818,,0.0003990796065361057,,,,,,,
10634400.0,,79.4,1141.0,,,,,,,,,,,,,,-1.0,59.0,18.0,2.0,6.0,4.0
10732800.0,,,,0.0015214347513392568,-0.04176369309425354,-5.563100202721216e-09,-0.011121673509478569,4.172325152040912e-09,0.9069216847419739,0.0002689823159016669,0.029413586482405663,0.42349773645401,0.5131217241287231,,0.00039905399528770643,,,,,,,
10752000.0,,,,,,,,,,,,,,,,1611.8405103772457,,,,,,
10831200.0,,79.2,1630.0,,,,,,,,,,,,,,-1.0,34.0,9.0,1.0,44.0,3.0
10831200.0,,,,0.0012298052897676826,-0.03228301927447319,1.3411045607369942e-08,0.01270547229796648,-1.19209286886246e-09,1.171926736831665,-8.958533726399764e-05,-0.013699250295758247,0.3473831117153168,0.8107671141624451,,0.00039903658429722033,,,,,,,
10864800.0,,,,0.001118511543609202,0.010865814983844757,8.344650304081824e-09,0.019246762618422508,-1.152356521316733e-08,1.1247535943984985,5.2564988436643034e-05,-0.04791044071316719,0.38213151693344116,0.694775402545929,,0.000399030602836258,,,,,,,
10927200.0,,41.80000000000001,884.0,,,,,,,,,,,,,,-1.0,40.0,16.0,4.0,5.0,0.0
11205600.0,,,,0.0016776674892753363,-0.004388214088976383,4.5696895156766004e-09,0.004543284885585308,-7.847945404648726e-09,1.296845555305481,-0.0001705387549009174,0.025373239070177078,0.5425925254821777,0.7794726490974426,,0.00039896889121196667,,,,,,,
11248800.0,,,,0.0015818263636901975,-0.06837518513202667,-6.357828929992593e-09,-0.03493128716945648,-1.7086664527710127e-08,1.893891453742981,-0.00018010189523920417,-0.022333605214953423,0.6330865621566772,1.238306999206543,,0.0003989609330957098,,,,,,,
11311200.0,,,,0.0014353335136547685,-0.02386973239481449,1.5099843153620895e-08,-0.05433050915598869,-1.887480394202612e-08,0.8386849164962769,2.977553231175989e-05,-0.03810589015483856,0.23054172098636627,0.5700814723968506,,0.00039894938421877247,,,,,,,
11440800.0,,92.2,1532.0,,,,,,,,,,,,,,-1.0,64.0,21.0,1.0,7.0,5.0
11457600.0,,,,0.001146627007983625,-0.04147900268435478,-8.145968344308585e-09,-0.016863765195012093,1.9868215406226852e-10,1.3490326404571533,-5.461235195980407e-05,-0.013491650111973286,0.4860936105251312,0.8494042158126831,,0.0003989220391320519,,,,,,,
11457600.0,,,,,,,,,,,,,,,,1615.6027464477302,,,,,,
11618400.0,,150.2,1131.0,,,,,,,,,,,,,,1.0,62.0,22.0,1.0,30.0,4.0
11712000.0,,,,,,,,,,,,,,0.5052432417869568,,,,,,,,
11738400.0,,79.2,1294.0,,,,,,,,,,,,,,-1.0,58.0,20.0,1.0,5.0,4.0
11853600.0,,193.2,1895.0,,,,,,,,,,,,,,-1.0,78.0,30.0,1.0,89.0,4.0
11901600.0,,,,,,,,,,,,,,,,1617.7817657783944,,,,,,
11956800.0,,39.2,1025.0,,,,,,,,,,,,,,-1.0,36.0,15.0,1.0,4.0,1.0
11956800.0,,,,,,,,,,,,,,,,1618.1324433476134,,,,,,
11966400.0,,,,,,,,,,,,,,,,1618.1604193306644,,,,,,
11997600.0,,,,,,,,,,,,,,,,1618.3625567319082,,,,,,
12088800.0,,85.2,3560.0,,,,,,,,,,,,,,1.0,22.0,10.0,1.0,33.0,0.0
12254400.0,,,,0.0009959414601325989,0.041947491466999054,-1.3510386587256562e-08,0.05892762169241905,-2.7020773174513124e-08,0.9888006448745728,-7.566063868580386e-05,0.01216053869575262,0.3820507824420929,0.6188446879386902,,0.0003987670750823848,,,,,,,
12331200.0,,141.2,1000.0,,,,,,,,,,,,,,1.0,57.0,18.0,1.0,26.0,5.0
12333600.0,,,,,,,,,,,,,,,,1619.9541879104431,,,,,,
12518400.0,,,,,,,,,,,,,,,,1620.6579526077774,,,,,,
12571200.0,,79.2,1215.0,,,,,,,,,,,,,,-1.0,60.0,19.0,1.0,4.0,4.0
12602400.0,,70.2,1155.0,,,,,,,,,,,,,,-1.0,52.0,17.0,1.0,5.0,4.0
12650400.0,,,,,,,,,,,,,,,,1620.9066450453267,,,,,,
12664800.0,,,,0.0013887184904888272,-0.029612625017762184,5.563100202721216e-09,-0.009182343259453773,-4.76837147544984e-09,1.7100722789764404,-0.00019514310406520963,0.006629832088947296,0.6574179530143738,1.0591028928756714,,0.00039868321728015594,,,,,,,
12744000.0,,29.200000000000003,975.0,,,,,,,,,,,,,,-1.0,19.0,8.0,1.0,18.0,1.0
12820800.0,,164.2,1600.0,,,,,,,,,,,,,,1.0,70.0,24.0,1.0,34.0,4.0
12825600.0,,,,0.0012860770802944899,0.0033547186758369207,2.38418573772492e-09,0.0430016927421093,2.38418573772492e-09,1.1219788789749146,-2.1795380234834738e-05,0.0006764678400941193,0.4364255964756012,0.6862208247184753,,0.00039864961183237084,,,,,,,
12830400.0,,66.4,1007.0,,,,,,,,,,,,,,-1.0,44.0,13.0,2.0,21.0,2.0
13096800.0,,,,0.002075706608593464,-0.04753512889146805,-3.1789144649962964e-09,-0.06465613096952438,3.9736430812453705e-10,0.9176228046417236,0.00021602447668556124,-0.060101039707660675,0.32440268993377686,0.5333558320999146,,0.0003985919791233806,,,,,,,
13140000.0,,,,,,,,,,,,,,,,1622.4214596221816,,,,,,
13159200.0,,126.2,1235.0,,,,,,,,,,,,,,1.0,51.0,22.0,1.0,29.0,1.0
13243200.0,,,,0.0012799444375559688,-0.02233131229877472,1.5894572324981482e-09,-0.04454062134027481,-6.357828929992593e-09,1.0422964096069336,-4.63875949208159e-05,0.011317241005599499,0.3282022774219513,0.7253777980804443,,0.00039856036952256007,,,,,,,
13644000.0,,93.2,1096.0,,,,,,,,,,,,,,-1.0,51.0,16.0,1.0,30.0,4.0
13663200.0,,,,0.0016861720941960812,0.01712397299706936,-4.371007555903361e-09,0.05367562919855118,1.5894572324981482e-09,1.552103042602539,-0.0001358970912406221,-0.0009556655422784388,0.5191139578819275,1.0319143533706665,,0.0003984677487298837,,,,,,,
13800000.0,,,,,,,,,,,,,,,,1624.373966822819,,,,,,
13831200.0,,,,0.001463199034333229,-0.01047696452587843,9.139379031353201e-09,-0.03276802599430084,-9.934107758624577e-09,1.2407417297363281,8.934837387641892e-05,-0.07093575596809387,0.4740527868270874,0.6958572268486023,,0.0003984298961454186,,,,,,,
13864800.0,,89.2,1245.0,,,,,,,,,,,,,,-1.0,65.0,22.0,1.0,6.0,4.0
14080800.0,,41.6,695.0,,,,,,,,,,,,,,-1.0,28.0,9.0,3.0,16.0,2.0
14196000.0,,,,0.0011459357338026166,0.027901846915483475,-1.668930060816365e-08,0.05005442723631859,3.5762788286319847e-09,0.6292498111724854,-2.312222568434663e-05,-0.057002659887075424,0.18654760718345642,0.3856878876686096,,0.00039834612026329525,,,,,,,
14234400.0,,34.0,912.0,,,,,,,,,,,,,,-1.0,34.0,17.0,0.0,3.0,0.0
14335200.0,,,,,,,,,,,,,,,,1626.136446685702,,,,,,
14467200.0,,88.2,1364.0,,,,,,,,,,,,,,-1.0,62.0,19.0,1.0,7.0,5.0
14522400.0,,,,0.001020068651996553,-0.04525922238826752,1.0331471678171056e-08,-0.07517844438552856,-6.357828929992593e-09,0.9710522294044495,7.202779670478776e-05,-0.026055704802274704,0.270293265581131,0.6747854948043823,,0.00039826932777050614,,,,,,,
14606400.0,,,,0.001285532838664949,-0.017956316471099854,0.0,0.03249679505825043,-4.76837147544984e-09,2.1202118396759033,-0.0003269971639383584,-0.01586776413023472,0.8698098063468933,1.234220027923584,,0.0003982492846978764,,,,,,,
14666400.0,,,,,,,,,,,,,,,,1627.0095758416485,,,,,,
14721600.0,,,,0.001234410796314478,-0.019160810858011246,-9.934107758624577e-09,-0.02087852545082569,-1.3510386587256562e-08,0.6993694305419922,7.905066740931943e-05,-0.01428226474672556,0.21307526528835297,0.4721032977104187,,0.0003982216105229917,,,,,,,
14762400.0,,,,0.001483697211369872,-0.09080406278371811,-2.98023217215615e-10,-0.1301339715719223,-1.7285348263840206e-08,1.2931935787200928,-0.00012621015775948763,-0.07904286682605743,0.39414894580841064,0.8198904395103455,,0.00039821175752289455,,,,,,,
14824800.0,,75.2,1245.0,,,,,,,,,,,,,,-1.0,57.0,20.0,1.0,6.0,3.0
14940000.0,,,,,,,,,,,,,,,,1627.65474993362,,,,,,
15050400.0,,,,0.0010162977268919349,0.037122152745723724,-4.371007555903361e-09,0.025554047897458076,-1.19209286886246e-09,0.9953153133392334,-6.0364593082340434e-05,-0.032795436680316925,0.34952205419540405,0.6129476428031921,,0.0003981414374926415,,,,,,,
15062400.0,,135.2,1343.0,,,,,,,,,,,,,,-1.0,63.0,22.0,1.0,54.0,4.0
15072000.0,,,,,,,,,,,,,,,,1611.2874640418584,,,,,,
15182400.0,,,,0.0017422662349417806,0.049979474395513535,3.9736430812453705e-10,0.05755440518260002,-9.139379031353201e-09,1.087459921836853,-0.00024216657038778067,-0.031279753893613815,0.34968313574790955,0.706272304058075,,0.00039810875711407233,,,,,,,
15196800.0,,90.2,1303.0,,,,,,,,,,,,,,-1.0,60.0,19.0,1.0,11.0,5.0
15292800.0,,,,0.0012798215029761195,0.00938054546713829,2.38418573772492e-09,0.061637211591005325,-1.9868215961338365e-09,0.9745493531227112,0.00017211996600963175,-0.03372452035546303,0.32344844937324524,0.6175612807273865,,0.00039808120710622827,,,,,,,
15307200.0,,,,,,,,,,,,,,,,1611.6841190338912,,,,,,
15451200.0,,,,0.0012533679837360978,-0.02477209083735943,2.8610230629055877e-08,-0.021127644926309586,2.1855037779516806e-09,1.124945044517517,-1.6317853805958293e-05,0.027497276663780212,0.4367823898792267,0.7156561017036438,,0.00039804133313377173,,,,,,,
15631200.0,,,,0.0012296102941036224,-0.03988901898264885,6.357828929992593e-09,-0.03105207532644272,-5.9604645663569045e-09,1.0200811624526978,-4.449309199117124e-05,-0.04301249235868454,0.2715718150138855,0.7054646611213684,,0.0003979955273682314,,,,,,,
15664800.0,,92.2,1229.0,,,,,,,,,,,,,,-1.0,63.0,20.0,1.0,9.0,5.0
15724800.0,,122.19999999999999,1384.0,,,,,,,,,,,,,,-1.0,64.0,23.0,1.0,39.0,4.0
15734400.0,,,,0.0009872207883745432,-0.02003602683544159,-5.9604645663569045e-09,-0.02321759983897209,-2.1855037779516806e-09,1.0955913066864014,-0.00013978655624669045,-0.11410755664110184,0.37788793444633484,0.6034659147262573,,0.00039796902822153586,,,,,,,
15835200.0,,,,0.0010020490735769272,-0.004453972913324833,1.390775050680304e-09,0.030726682394742966,3.5762788286319847e-09,1.0779937505722046,2.4605144062661566e-05,-0.013733575120568275,0.3338213860988617,0.7304734587669373,,0.0003979429784982363,,,,,,,
15900000.0,,,,0.0013089056592434645,-0.010638458654284477,2.592802061940347e-08,-0.01099339034408331,1.9868215406226852e-10,2.3574724197387695,-0.00021096234559081495,-0.001336109358817339,1.1926562786102295,1.163282036781311,,0.0003979261451980924,,,,,,,
16036800.0,,78.2,1379.0,,,,,,,,,,,,,,-1.0,40.0,16.0,1.0,34.0,2.0
16089600.0,,23.200000000000003,1130.0,,,,,,,,,,,,,,-1.0,27.0,12.0,1.0,4.0,0.0
16240800.0,,62.2,853.0,,,,,,,,,,,,,,-1.0,37.0,13.0,1.0,24.0,2.0
16250400.0,,72.2,934.0,,,,,,,,,,,,,,1.0,23.0,11.0,1.0,18.0,0.0
16346400.0,,,,0.0013713323278352618,-0.03553525730967522,-2.781550101360608e-09,-0.07650955766439438,1.5894572324981482e-09,0.83467698097229,8.785486716078594e-05,-0.02649643085896969,0.2839805781841278,0.5243015885353088,,0.00039780833196286836,,,,,,,
16353600.0,,88.2,1306.0,,,,,,,,,,,,,,-1.0,59.0,18.0,1.0,11.0,5.0
16440000.0,,,,,,,,,,,,,,,,1612.0897950828407,,,,,,
16447200.0,,,,0.0012595719890668988,-0.03919675201177597,7.947286384535346e-09,-0.07884182035923004,4.76837147544984e-09,1.012678861618042,-0.00019514819723553956,-0.007044202648103237,0.3477770984172821,0.6576750874519348,,0.00039778128185573595,,,,,,,
16485600.0,,78.2,1074.0,,,,,,,,,,,,,,-1.0,45.0,19.0,1.0,26.0,2.0
16492800.0,,110.19999999999999,1123.0,,,,,,,,,,,,,,-1.0,52.0,15.0,1.0,43.0,5.0
16495200.0,,135.2,870.0,,,,,,,,,,,,,,1.0,53.0,16.0,1.0,30.0,4.0
16495200.0,,,,0.0011961323907598853,-0.0060813045129179955,3.874302212381053e-09,-0.03219631314277649,6.95387525340152e-09,1.2358412742614746,-2.0658320863731205e-05,-0.019823336973786354,0.40500956773757935,0.8109995126724243,,0.00039776834297551036,,,,,,,
16552800.0,,84.2,1364.0,,,,,,,,,,,,,,-1.0,58.0,21.0,1.0,9.0,4.0
16648800.0,,,,0.0010789752705022693,-0.0064002652652561665,5.364418242947977e-09,-0.01573110558092594,-5.563100202721216e-09,1.2022700309753418,-5.3768580983160064e-05,-0.015133333392441273,0.4268925189971924,0.7602012157440186,,0.00039772668768090034,,,,,,,
16910400.0,,87.2,568.0,,,,,,,,,,,,,,1.0,32.0,11.0,1.0,16.0,2.0
16941600.0,,17.0,465.0,,,,,,,,,,,,,,-1.0,25.0,8.0,5.0,3.0,0.0
16992000.0,,85.2,1392.0,,,,,,,,,,,,,,-1.0,59.0,21.0,1.0,9.0,4.0
17068800.0,,97.2,1455.0,,,,,,,,,,,,,,-1.0,64.0,23.0,1.0,14.0,4.0
17212800.0,,47.000000000000014,1010.0,,,,,,,,,,,,,,-1.0,43.0,16.0,5.0,3.0,1.0
17248800.0,,,,,,,,,,,,,,,,1613.7384736409933,,,,,,
17270400.0,,134.2,806.0,,,,,,,,,,,,,,1.0,50.0,14.0,1.0,30.0,5.0
17407200.0,,93.4,1116.0,,,,,,,,,,,,,,-1.0,67.0,19.0,2.0,7.0,5.0
17541600.0,,,,0.0012926801573485136,0.03890756145119667,-9.934107758624577e-09,0.029293932020664215,-3.5762788286319847e-09,1.306510329246521,0.000306516740238294,-0.08296354115009308,0.379331111907959,0.8445351123809814,,0.0003974770025163346,,,,,,,
17560800.0,,,,,,,,,,,,,,,,1614.4598959037519,,,,,,
17568000.0,,,,,,,,,,,,,,,,1614.4373517428307,,,,,,
17584800.0,,,,,,,,,,,,,,,,1614.5177756748553,,,,,,
17647200.0,,,,,,,,,,,,,,,,1614.6340656676098,,,,,,
17726400.0,,94.2,1209.0,,,,,,,,,,,,,,-1.0,60.0,19.0,1.0,15.0,5.0
17781600.0,,,,0.0014082486741244793,-0.036576274782419205,-1.172224717294057e-08,-0.06365030258893967,-1.390775050680304e-08,0.9929406642913818,0.00018142898625228554,0.002011691452935338,0.30935585498809814,0.6857919692993164,,0.00039740768348358636,,,,,,,
18038400.0,,,,,,,,,,,,,,,,1615.2924510124817,,,,,,
18045600.0,,164.2,1088.0,,,,,,,,,,,,,,1.0,60.0,21.0,1.0,47.0,4.0
18129600.0,,130.2,762.0,,,,,,,,,,,,,,1.0,47.0,12.0,1.0,31.0,5.0
18139200.0,,121.2,1064.0,,,,,,,,,,,,,,1.0,51.0,17.0,1.0,21.0,3.0
18139200.0,,,,,,,,,,,,,,,,1615.3076560246186,,,,,,
18148800.0,,,,,,,,,,,,,,,,1615.3091004946787,,,,,,
18160800.0,,,,0.00103388587012887,0.02551266923546791,-2.3841858265427618e-08,0.08144152164459229,4.967053879312289e-09,2.132002115249634,-0.0003362837014719844,-0.05625429376959801,0.9581122994422913,1.1173094511032104,,0.00039729626180408004,,,,,,,
18218400.0,,,,0.0008664114866405725,-0.028998197987675667,-1.3510386587256562e-08,-0.024797335267066956,0.0,0.9438949227333069,-0.00015214124869089574,-0.061925627291202545,0.24209420382976532,0.6397315859794617,,0.00039727913374815345,,,,,,,
18244800.0,,123.2,876.0,,,,,,,,,,,,,,1.0,49.0,17.0,1.0,25.0,3.0
18264000.0,,,,0.0008692661649547517,-0.0016127092530950904,-1.0132789718397817e-08,-0.0584440641105175,-1.8278758062706402e-08,1.034263253211975,0.00022101443028077483,-0.0036866364534944296,0.2942245602607727,0.7365817427635193,,0.0003972655360343322,,,,,,,
18297600.0,,72.4,1212.0,,,,,,,,,,,,,,-1.0,57.0,20.0,2.0,7.0,2.0
18316800.0,,140.2,1022.0,,,,,,,,,,,,,,1.0,58.0,20.0,1.0,30.0,3.0
18362400.0,,,,,,,,,,,,,,,,1615.9545759589366,,,,,,
18388800.0,,,,,,,,,,,,,,,,1615.9784116519504,,,,,,
18403200.0,,,,0.0012920197332277894,-0.010516338981688023,5.9604645663569045e-09,0.0024030450731515884,-1.668930060816365e-08,1.1968516111373901,1.1897588592546526e-05,-0.08212725818157196,0.37189874053001404,0.7428503632545471,,0.0003972238195210721,,,,,,,
18434400.0,,103.2,1425.0,,,,,,,,,,,,,,-1.0,68.0,22.0,1.0,13.0,5.0
18434400.0,,,,,,,,,,,,,,,,1616.0477854964502,,,,,,
18460800.0,,73.2,1171.0,,,,,,,,,,,,,,-1.0,54.0,17.0,1.0,6.0,4.0
18748800.0,,,,0.0012383711291477084,-0.06444326043128967,3.1789144649962964e-09,-0.07316301017999649,-6.357828929992593e-09,1.7338124513626099,-0.00018219173944089562,-0.0741746723651886,0.5378695726394653,1.1215983629226685,,0.00039711889516572113,,,,,,,
18760800.0,,35.800000000000004,580.0,,,,,,,,,,,,,,-1.0,35.0,10.0,4.0,6.0,1.0
18760800.0,,,,0.0012809198815375566,-0.07599899172782898,7.549921576810448e-09,-0.1208239495754242,1.19209286886246e-09,2.959592580795288,-9.935005073202774e-05,-0.03290609270334244,1.2330373525619507,1.6935625076293945,,0.0003971152173351519,,,,,,,
18787200.0,,110.19999999999999,1582.0,,,,,,,,,,,,,,-1.0,70.0,22.0,1.0,14.0,6.0
18789600.0,,,,,,,,,,,,,,,,1616.770134824282,,,,,,
18844800.0,,119.2,816.0,,,,,,,,,,,,,,1.0,49.0,17.0,1.0,21.0,3.0
18916800.0,,140.2,1433.0,,,,,,,,,,,,,,-1.0,65.0,23.0,1.0,56.0,4.0
18969600.0,,5.599999999999998,435.0,,,,,,,,,,,,,,-1.0,16.0,7.0,3.0,2.0,0.0
19077600.0,,107.2,1385.0,,,,,,,,,,,,,,-1.0,71.0,24.0,1.0,12.0,5.0
19099200.0,,,,0.0009746758150868118,0.028807390481233597,5.066394859198908e-09,0.036528054624795914,-2.32458123861079e-08,1.311959147453308,-6.267141725402325e-05,-0.0014326608506962657,0.37727946043014526,0.933194100856781,,0.00039701054624345536,,,,,,,
19144800.0,,118.19999999999999,1665.0,,,,,,,,,,,,,,-1.0,52.0,21.0,1.0,57.0,2.0
19236000.0,,,,0.0012799000833183527,-0.05494477599859238,-8.742015111806722e-09,-1.1149446436320432e-05,2.38418573772492e-09,0.96071457862854,9.113727719523013e-05,-0.038032080978155136,0.2668485939502716,0.6559378504753113,,0.0003969677083151349,,,,,,,
19252800.0,,84.00000000000001,880.0,,,,,,,,,,,,,,-1.0,54.0,16.0,5.0,21.0,3.0
19260000.0,,,,,,,,,,,,,,,,1617.5078472418709,,,,,,
19348800.0,,118.19999999999999,1377.0,,,,,,,,,,,,,,-1.0,68.0,21.0,1.0,25.0,6.0
19430400.0,,100.2,1459.0,,,,,,,,,,,,,,-1.0,65.0,24.0,1.0,15.0,4.0
19480800.0,,,,0.0015127883525565267,-0.049643319100141525,1.0331471678171056e-08,-0.06025604531168938,-5.9604643443123e-10,1.1356724500656128,-1.3063485312159173e-05,-0.08250414580106735,0.3654179573059082,0.6877524256706238,,0.0003968902982464676,,,,,,,
19495200.0,,,,,,,,,,,,,,,,1618.3780957241313,,,,,,
19533600.0,,100.2,776.0,,,,,,,,,,,,,,1.0,39.0,14.0,1.0,19.0,2.0
19543200.0,,31.200000000000003,990.0,,,,,,,,,,,,,,-1.0,32.0,15.0,1.0,4.0,0.0
19543200.0,,,,0.0012965231435373425,-0.001325397752225399,-1.19209286886246e-09,-0.012071795761585236,-1.19209286886246e-09,1.315712571144104,-0.0001702626032056287,-0.03365844860672951,0.3541935980319977,0.9277032613754272,,0.0003968704118554306,,,,,,,
19564800.0,,34.2,865.0,,,,,,,,,,,,,,-1.0,25.0,8.0,1.0,13.0,2.0
19764000.0,,,,,,,,,,,,,,,,1618.7422420337616,,,,,,
19821600.0,,99.2,1428.0,,,,,,,,,,,,,,-1.0,66.0,24.0,1.0,13.0,4.0
19922400.0,,84.2,1199.0,,,,,,,,,,,,,,-1.0,59.0,19.0,1.0,6.0,5.0
20006400.0,,122.2,739.0,,,,,,,,,,,,,,1.0,52.0,15.0,1.0,19.0,4.0
20047200.0,,81.2,1130.0,,,,,,,,,,,,,,-1.0,59.0,18.0,1.0,4.0,5.0
20073600.0,,,,0.0010880716145038605,-0.01735541969537735,5.563100202721216e-09,0.006154750939458609,-4.76837147544984e-09,1.1313414573669434,-0.00012151544797234237,-0.014276119880378246,0.36370566487312317,0.7532490491867065,,0.0003966988463401581,,,,,,,
20258400.0,,155.2,1165.0,,,,,,,,,,,,,,1.0,65.0,21.0,1.0,29.0,5.0
20342400.0,,,,,,,,,,,,,,,,1607.623261750673,,,,,,
20400000.0,,,,0.0018393457867205143,-0.011209125630557537,3.1789144649962964e-09,0.024762049317359924,-8.543332263855064e-09,1.4418745040893555,-0.00016385840717703104,-0.04538731276988983,0.44390830397605896,0.9524334073066711,,0.00039659101773690663,,,,,,,
20433600.0,,25.6,495.0,,,,,,,,,,,,,,-1.0,25.0,7.0,3.0,9.0,1.0
20462400.0,,113.19999999999999,1405.0,,,,,,,,,,,,,,-1.0,72.0,22.0,1.0,15.0,6.0
20476800.0,,101.2,1306.0,,,,,,,,,,,,,,-1.0,64.0,21.0,1.0,16.0,5.0
20484000.0,,,,0.0012943142792209983,-0.09419488161802292,5.165735839085528e-09,-0.08123993128538132,-1.19209286886246e-09,0.9702664017677307,0.00027906938339583576,-0.024152830243110657,0.3151710629463196,0.6312345266342163,,0.0003965629905878326,,,,,,,
20515200.0,,,,,,,,,,,,,,,,1608.2426541254952,,,,,,
20565600.0,,160.2,1134.0,,,,,,,,,,,,,,1.0,68.0,21.0,1.0,31.0,5.0
20640000.0,,104.2,1511.0,,,,,,,,,,,,,,-1.0,62.0,19.0,1.0,23.0,5.0
20834400.0,,171.4,1631.0,,,,,,,,,,,,,,-1.0,73.0,27.0,2.0,71.0,5.0
20942400.0,,101.2,1077.0,,,,,,,,,,,,,,-1.0,52.0,15.0,1.0,34.0,5.0
20966400.0,,134.2,1749.0,,,,,,,,,,,,,,-1.0,81.0,27.0,1.0,18.0,7.0
21009600.0,,,,0.0014094249345362186,-0.02878224104642868,-2.38418573772492e-09,-0.027809487655758858,1.5894572324981482e-09,1.0704443454742432,9.401527495356277e-05,0.015978829935193062,0.40283122658729553,0.6837000846862793,,0.0003963850467327793,,,,,,,
21388800.0,,,,,,,,,,,,,,0.4385618269443512,,,,,,,,
21444000.0,,147.2,1704.0,,,,,,,,,,,,,,-1.0,83.0,27.0,1.0,29.0,7.0
21472800.0,,109.2,717.0,,,,,,,,,,,,,,1.0,46.0,15.0,1.0,16.0,3.0
21643200.0,,,,0.001318800263106823,-0.03990437462925911,5.563100202721216e-09,-0.036820124834775925,7.152557657263969e-09,1.1383451223373413,3.124553768429905e-05,-0.057805366814136505,0.3029320240020752,0.7776522636413574,,0.0003961646444016141,,,,,,,
21729600.0,,150.2,894.0,,,,,,,,,,,,,,1.0,56.0,16.0,1.0,38.0,5.0
21739200.0,,,,,,,,,,,,,,,,1612.9801338313623,,,,,,
21756000.0,,105.2,1390.0,,,,,,,,,,,,,,-1.0,71.0,24.0,1.0,10.0,5.0
21811200.0,,,,0.0014877315843477845,-0.07548617571592331,-6.556510889765832e-09,-0.03551396355032921,-2.582867963951685e-08,1.2236734628677368,-0.0001269993226742372,-0.09986959397792816,0.34898602962493896,0.7747058272361755,,0.0003961051247022311,,,,,,,
21895200.0,,181.2,1473.0,,,,,,,,,,,,,,1.0,67.0,22.0,1.0,52.0,5.0
21945600.0,,,,,,,,,,,,,,0.4555451571941376,,,,,,,,
21967200.0,,,,0.0014533192152157426,0.02099539339542389,1.1126200405442432e-08,0.042723529040813446,5.9604645663569045e-09,1.4743026494979858,-0.00017517482046969235,-0.051224615424871445,0.5611222386360168,0.8617950677871704,,0.0003960494514925633,,,,,,,
22039200.0,,,,0.0015577003359794617,-0.024285759776830673,1.5894572324981482e-09,-0.03855565935373306,5.364418242947977e-09,0.9371088147163391,-0.00019960459030698985,-0.030677156522870064,0.29361647367477417,0.6126311421394348,,0.0003960236246957522,,,,,,,
22120800.0,,,,0.0013194858329370618,-0.015325581654906273,-9.53674295089968e-09,0.0631847232580185,1.0728836485895954e-08,1.1414437294006348,0.00011341812933096662,-0.050544433295726776,0.2627640962600708,0.8282618522644043,,0.0003959942539735098,,,,,,,
22219200.0,,94.2,1330.0,,,,,,,,,,,,,,-1.0,64.0,21.0,1.0,9.0,5.0
22226400.0,,118.2,870.0,,,,,,,,,,,,,,1.0,46.0,16.0,1.0,24.0,3.0
22257600.0,,98.4,1224.0,,,,,,,,,,,,,,-1.0,70.0,21.0,2.0,7.0,5.0
22276800.0,,,,0.001961141126230359,-0.011565180495381355,-7.3512396170372085e-09,0.06476540118455887,0.0,1.1069680452346802,0.0001703744346741587,-0.10270347446203232,0.34916526079177856,0.6552894115447998,,0.0003959378073702974,,,,,,,
22288800.0,,,,,,,,,,,,,,,,1614.737411981333,,,,,,
22320000.0,,82.2,1211.0,,,,,,,,,,,,,,-1.0,60.0,21.0,1.0,5.0,4.0
22360800.0,,,,0.0018113987753167748,-0.09491126239299774,-1.5099843153620895e-08,-0.1032712310552597,7.947286162490741e-10,1.2579759359359741,0.0002360042999498546,-0.04431803151965141,0.3846482038497925,0.8292638659477234,,0.0003959072517168615,,,,,,,
22365600.0,,,,0.0016295395325869322,-0.08049437403678894,6.357828929992593e-09,-0.061343755573034286,5.165735839085528e-09,1.1641643047332764,-0.00029606217867694795,0.011082004755735397,0.34791499376296997,0.8270516395568848,,0.00039590550226926676,,,,,,,
22420800.0,,-14.8,420.0,,,,,,,,,,,,,,-1.0,2.0,1.0,1.0,2.0,0.0
22420800.0,,,,0.0008254679851233959,-0.04233331233263016,6.357828929992593e-09,-0.04142843559384346,1.1920929132713809e-08,1.166831135749817,-6.958230369491503e-05,-0.034754812717437744,0.3297920823097229,0.8022229075431824,,0.000395885357126495,,,,,,,
22452000.0,,,,0.0010850676335394382,-0.05952851101756096,-9.139379031353201e-09,-0.0662039965391159,7.549921576810448e-09,1.119330883026123,-0.00017231803212780505,-0.06270305067300797,0.3812006711959839,0.6752657294273376,,0.000395873949178113,,,,,,,
22500000.0,,,,0.0009374496876262128,-0.06770939379930496,5.563100202721216e-09,-0.06100804731249809,8.344650304081824e-09,0.907055139541626,6.73655595164746e-05,-0.008673802018165588,0.280798077583313,0.6176599860191345,,0.0003958563680818744,,,,,,,
22617600.0,,,,0.0012287262361496687,0.003033579559996724,-1.9868215961338365e-09,-0.007650801446288824,-1.2715657859985185e-08,1.1173701286315918,-6.025367838446982e-05,-0.03872844949364662,0.3324111998081207,0.7461825013160706,,0.0003958131386579729,,,,,,,
22632000.0,,95.2,1542.0,,,,,,,,,,,,,,-1.0,65.0,26.0,1.0,12.0,3.0
22677600.0,,158.4,1056.0,,,,,,,,,,,,,,1.0,71.0,19.0,2.0,28.0,5.0
22809600.0,,16.799999999999997,420.0,,,,,,,,,,,,,,-1.0,27.0,7.0,4.0,2.0,0.0
22809600.0,,,,0.0014051722828298807,-0.0568697489798069,-5.563100202721216e-09,-0.09707353264093399,2.38418573772492e-09,1.679491639137268,0.00011024197010556236,-0.006309922784566879,0.49614787101745605,1.1771581172943115,,0.00039574208478229016,,,,,,,
22840800.0,,,,0.0011244879569858313,-0.0861915871500969,7.947286162490741e-10,-0.07368207722902298,1.5894572324981482e-09,1.3180015087127686,4.2091105569852516e-05,-0.0328756719827652,0.40762582421302795,0.8775533437728882,,0.00039573048287043635,,,,,,,
22881600.0,,,,0.001065124524757266,-0.015138072893023491,3.079573218656151e-08,0.006165658123791218,3.1789144649962964e-09,0.9864345788955688,4.616760998032987e-05,-0.051710207015275955,0.29506662487983704,0.6397145986557007,,0.00039571528766665047,,,,,,,
22888800.0,,,,,,,,,,,,,,,,1616.961101490316,,,,,,
22893600.0,,75.2,1127.0,,,,,,,,,,,,,,-1.0,54.0,18.0,1.0,7.0,4.0
22903200.0,,103.2,1417.0,,,,,,,,,,,,,,-1.0,73.0,23.0,1.0,7.0,5.0
22963200.0,,,,,,,,,,,,,,,,1617.1693332859868,,,,,,
22970400.0,,122.19999999999999,1577.0,,,,,,,,,,,,,,-1.0,74.0,24.0,1.0,20.0,6.0
22999200.0,,,,0.0013170897727832198,-0.04225947707891464,-3.973643192267673e-09,-0.025878656655550003,1.2318293940438707e-08,1.2365080118179321,6.83119724271819e-05,-0.0609886571764946,0.3868084251880646,0.7887923717498779,,0.0003956713409045884,,,,,,,
23011200.0,,146.4,1277.0,,,,,,,,,,,,,,1.0,64.0,20.0,2.0,30.0,3.0
23059200.0,,185.2,1074.0,,,,,,,,,,,,,,1.0,63.0,21.0,1.0,61.0,5.0
23148000.0,,,,0.0016760030994191766,-0.05785565823316574,-1.5099843153620895e-08,-0.030661240220069885,-5.9604645663569045e-09,2.033228874206543,-0.0003065984055865556,-0.09342017769813538,0.7580873966217041,1.1814312934875488,,0.00039561541818589085,,,,,,,
23162400.0,,177.2,1091.0,,,,,,,,,,,,,,1.0,60.0,19.0,1.0,58.0,5.0
23198400.0,,,,,,,,,,,,,,,,1617.8722630275104,,,,,,
23320800.0,,132.2,1263.0,,,,,,,,,,,,,,-1.0,63.0,22.0,1.0,47.0,5.0
23330400.0,,129.8,1047.0,,,,,,,,,,,,,,1.0,37.0,12.0,4.0,48.0,3.0
23496000.0,,152.8,1178.0,,,,,,,,,,,,,,1.0,61.0,19.0,4.0,40.0,3.0
23575200.0,,,,,,,,,,,,,,,,1618.8466903279761,,,,,,
23640000.0,,,,0.0012055514380335808,-0.017964452505111694,1.7086664527710127e-08,-0.02996807172894478,7.947286162490741e-10,0.9149852395057678,0.00022435472055803984,-0.020872516557574272,0.2855614721775055,0.6087876558303833,,0.0003954279959464383,,,,,,,
23683200.0,,,,,,,,,,,,,,,,1619.1141776356883,,,,,,
23700000.0,,,,,,,,,,,,,,,,1619.1281836473224,,,,,,
23767200.0,,,,,,,,,,,,,,,,1619.3162346348297,,,,,,
24002400.0,,,,0.001356208580546081,0.015485290437936783,-5.563100202721216e-09,0.007750256452709436,-1.4702479234074417e-08,0.9927294850349426,-0.00011618969438131899,-0.08676847070455551,0.33236512541770935,0.573493242263794,,0.0003952874741692947,,,,,,,
24024000.0,,,,0.0011319320183247328,-0.08888187259435654,-1.9868215961338365e-09,-0.12686114013195038,-8.344650304081824e-09,1.2561111450195312,-9.22859544516541e-05,-0.05472193658351898,0.30841532349586487,0.8928929567337036,,0.00039527903260353696,,,,,,,
24040800.0,,,,0.0010625259019434452,0.01386157888919115,-1.3510386587256562e-08,0.004551742225885391,3.9736430812453705e-10,0.8775514960289001,0.00023377483012154698,0.0011434926418587565,0.288539320230484,0.5904000401496887,,0.00039527246180235266,,,,,,,
24043200.0,,90.4,1463.0,,,,,,,,,,,,,,-1.0,68.0,20.0,2.0,6.0,4.0
24117600.0,,,,,,,,,,,,,,,,1619.9149585356272,,,,,,
24194400.0,,121.2,905.0,,,,,,,,,,,,,,1.0,46.0,16.0,1.0,27.0,3.0
24273600.0,,109.19999999999999,1549.0,,,,,,,,,,,,,,-1.0,70.0,25.0,1.0,14.0,5.0
24278400.0,,,,0.0011478632222861052,-0.07728417217731476,-6.755193293628281e-09,-0.07118089497089386,-3.9736430812453705e-10,1.5333067178726196,3.9811391616240144e-05,0.011251809075474739,0.5775786638259888,0.9670310616493225,,0.00039517905052018586,,,,,,,
24420000.0,,30.200000000000003,868.0,,,,,,,,,,,,,,-1.0,25.0,10.0,1.0,15.0,0.0
24432000.0,,,,0.001230671419762075,-0.018976297229528427,-4.371007555903361e-09,0.021257035434246063,1.5695890809297453e-08,0.985212504863739,0.0002336915349587798,-0.049697864800691605,0.26946699619293213,0.6662936210632324,,0.000395118185069443,,,,,,,
24460800.0,,,,,,,,,,,,,,,,1620.990290033274,,,,,,
24573600.0,,127.4,875.0,,,,,,,,,,,,,,1.0,58.0,16.0,2.0,21.0,3.0
24732000.0,,55.20000000000002,732.0,,,,,,,,,,,,,,-1.0,51.0,13.0,6.0,6.0,1.0
24780000.0,,,,,,,,,,,,,,,,1621.7271780029478,,,,,,
24784800.0,,95.80000000000001,1258.0,,,,,,,,,,,,,,-1.0,57.0,19.0,4.0,31.0,2.0
24888000.0,,,,0.0012336894869804382,-0.04488486796617508,-1.5894572324981482e-09,0.018623458221554756,1.1920929132713809e-08,1.5365314483642578,-0.00013479750487022102,-0.04632507264614105,0.47028088569641113,1.0198029279708862,,0.0003949352795101559,,,,,,,
24928800.0,,,,0.0010660075349733233,0.03077307529747486,1.0728836485895954e-08,0.07514774799346924,6.95387525340152e-10,0.6474813222885132,0.00015454215463250875,0.0008419402875006199,0.20816485583782196,0.4403235912322998,,0.0003949187531333804,,,,,,,
25190400.0,,123.4,732.0,,,,,,,,,,,,,,1.0,52.0,14.0,2.0,25.0,3.0
25392000.0,,199.4,1728.0,,,,,,,,,,,,,,1.0,92.0,31.0,2.0,44.0,3.0
25456800.0,,,,0.0010991597082465887,-0.07354667782783508,3.1789144649962964e-09,-0.04110529646277428,7.947286384535346e-09,0.9916763305664062,5.361672447179444e-05,-0.03986033797264099,0.2600831091403961,0.6917974948883057,,0.0003947024970533258,,,,,,,
25476000.0,,,,,,,,,,,,,,,,1613.957624792102,,,,,,
25480800.0,,,,0.0011618410935625434,0.04652607813477516,1.5894572324981482e-09,0.060914818197488785,-1.2715657859985185e-08,1.1211410760879517,-3.909717270289548e-05,-0.04488133266568184,0.32300716638565063,0.7532250285148621,,0.0003946925620689558,,,,,,,
25648800.0,,,,,,,,,,,,,,,,1614.5319158977948,,,,,,
25668000.0,,,,0.0011089874897152185,-0.11749774217605591,-3.774960788405224e-09,-0.12287440150976181,-5.563100202721216e-09,1.1797361373901367,-1.2132243682572152e-05,-0.04859950393438339,0.2843932807445526,0.8467422723770142,,0.00039461475556964017,,,,,,,
25713600.0,,81.4,1374.0,,,,,,,,,,,,,,-1.0,60.0,17.0,2.0,8.0,4.0
25737600.0,,,,0.000970075314398855,-0.02994261495769024,1.7881394143159923e-09,-0.03750920668244362,-2.9206276508375595e-08,1.1634076833724976,-0.00013744043826591223,-0.0877738744020462,0.2951127588748932,0.7803931832313538,,0.0003945856857719825,,,,,,,
25852800.0,,150.4,1094.0,,,,,,,,,,,,,,1.0,61.0,19.0,2.0,38.0,3.0
25879200.0,,,,,,,,,,,,,,,,1614.3676218908379,,,,,,
25884000.0,,28.200000000000003,1158.0,,,,,,,,,,,,,,-1.0,30.0,14.0,1.0,4.0,0.0
26008800.0,,67.2,2924.0,,,,,,,,,,,,,,1.0,18.0,7.0,1.0,22.0,0.0
26037600.0,,,,0.0011655251728370786,0.019706031307578087,-5.9604645663569045e-09,0.04911598190665245,-3.774960788405224e-09,0.8572403788566589,-5.7614299294073135e-05,-0.06467927247285843,0.24263733625411987,0.5498778223991394,,0.000394459506081711,,,,,,,
26071200.0,,,,0.0010769986547529697,-0.03516661003232002,1.9868215961338365e-09,-0.0291919969022274,5.165735839085528e-09,1.2182998657226562,8.940995758166537e-05,-0.019041646271944046,0.3002289831638336,0.899129331111908,,0.0003944452851485686,,,,,,,
26092800.0,,,,0.0009381523705087602,-0.015397662296891212,7.947286162490741e-10,-0.020025085657835007,-5.563100202721216e-09,1.0034528970718384,4.126569183426909e-05,-0.05008380487561226,0.259024053812027,0.6943957805633545,,0.0003944361336767168,,,,,,,
26133600.0,,157.2,1843.0,,,,,,,,,,,,,,-1.0,89.0,31.0,1.0,33.0,6.0
26198400.0,,,,,,,,,,,,,,,,1614.7715171912873,,,,,,
26203200.0,,94.00000000000001,1130.0,,,,,,,,,,,,,,-1.0,61.0,18.0,5.0,26.0,2.0
26227200.0,,98.4,1278.0,,,,,,,,,,,,,,-1.0,69.0,20.0,2.0,5.0,6.0
26412000.0,,,,0.0014227181673049927,-0.001232788199558854,-6.357828929992593e-09,0.03716402128338814,5.165735839085528e-09,0.8382697105407715,0.00038785432116128504,-0.08947529643774033,0.21288874745368958,0.5363078117370605,,0.00039430003399049877,,,,,,,
26493600.0,,167.2,1240.0,,,,,,,,,,,,,,1.0,78.0,24.0,1.0,17.0,7.0
26524800.0,,,,,,,,,,,,,,,,1615.3481800883048,,,,,,
26685600.0,,129.4,1435.0,,,,,,,,,,,,,,-1.0,89.0,26.0,2.0,10.0,6.0
26731200.0,,,,,,,,,,,,,,,,1615.6507272262515,,,,,,
26971200.0,,142.4,1078.0,,,,,,,,,,,,,,1.0,58.0,17.0,2.0,35.0,3.0
26997600.0,,73.20000000000003,940.0,,,,,,,,,,,,,,-1.0,57.0,17.0,11.0,17.0,0.0
27000000.0,,91.2,1096.0,,,,,,,,,,,,,,-1.0,63.0,20.0,1.0,8.0,5.0
27012000.0,,,,,,,,,,,,,,,,1616.4612369167937,,,,,,
27067200.0,,100.2,1327.0,,,,,,,,,,,,,,-1.0,68.0,22.0,1.0,6.0,6.0
27237600.0,,,,0.0011369327548891306,0.0021379415411502123,8.543332263855064e-09,-0.011035604402422905,6.1591469702193535e-09,1.5805143117904663,-0.0003031805681530386,0.024693839251995087,0.5652541518211365,1.03966224193573,,0.0003939405424150069,,,,,,,
27273600.0,,,,0.001283561228774488,-0.08235450834035873,3.9736430812453705e-10,-0.11476989835500717,-4.5696895156766004e-09,1.4727095365524292,-6.544046482304111e-05,-0.033138178288936615,0.4468795955181122,0.9926391839981079,,0.0003939246219098598,,,,,,,
27340800.0,,,,,,,,,,,,,,0.3694726526737213,,,,,,,,
27391200.0,,33.800000000000004,695.0,,,,,,,,,,,,,,-1.0,33.0,10.0,4.0,10.0,0.0
27410400.0,,,,0.0013991346349939704,0.001711972407065332,-1.0728836485895954e-08,0.03198486939072609,-6.95387525340152e-10,1.2651593685150146,-0.00028642098186537623,-0.09739691764116287,0.35341620445251465,0.8140738010406494,,0.00039386393746092165,,,,,,,
27420000.0,,,,0.0012492139358073473,-0.0771377682685852,5.165735839085528e-09,-0.0405476912856102,7.947286162490741e-10,1.044556975364685,0.0001414454891346395,-0.05713382735848427,0.3024214208126068,0.6851556301116943,,0.00039385966781522606,,,,,,,
27436800.0,,,,,,,,,,,,,,,,1617.3347736365429,,,,,,
27460800.0,,163.2,1081.0,,,,,,,,,,,,,,1.0,66.0,20.0,1.0,33.0,6.0
27501600.0,,,,0.00141119712498039,-0.03752348572015762,7.549921576810448e-09,0.004425460007041693,4.967053990334591e-10,0.9634166359901428,-2.607762871775776e-05,-0.05863024666905403,0.22269763052463531,0.6820768117904663,,0.00039382331712939014,,,,,,,
27511200.0,,58.2,1009.0,,,,,,,,,,,,,,-1.0,49.0,18.0,1.0,7.0,1.0
27636000.0,,,,,,,,,,,,,,,,1617.872967137912,,,,,,
27825600.0,,,,0.001641579787246883,-0.06180121377110481,-1.8278758062706402e-08,-0.05970202758908272,-1.0331471678171056e-08,1.293075680732727,-0.00014560099225491285,-0.014740985818207264,0.46750086545944214,0.8107046484947205,,0.00039367794745100084,,,,,,,
27876000.0,,131.2,761.0,,,,,,,,,,,,,,1.0,53.0,16.0,1.0,26.0,4.0
27885600.0,,,,0.0016620471142232418,0.02279430255293846,3.973643192267673e-09,0.06811077892780304,3.5762788286319847e-09,0.8424301147460938,0.00011502599227242172,-0.07090716063976288,0.2523377537727356,0.5193168520927429,,0.00039365084558047624,,,,,,,
28238400.0,,104.2,1377.0,,,,,,,,,,,,,,-1.0,70.0,23.0,1.0,11.0,5.0
28320000.0,,,,,,,,,,,,,,0.2918698489665985,,,,,,,,
28528800.0,,,,0.001044349162839353,-0.07312918454408646,-8.344650304081824e-09,-0.03594106808304787,-8.742015111806722e-09,1.2965664863586426,-1.479809816373745e-05,-0.005548452027142048,0.33289894461631775,0.958114743232727,,0.00039335675317602684,,,,,,,
28644000.0,,128.39999999999998,1426.0,,,,,,,,,,,,,,-1.0,85.0,26.0,2.0,9.0,7.0
28744800.0,,,,,,,,,,,,,,,,1620.7385222799676,,,,,,
28922400.0,,,,0.0010130561422556639,-0.01541141513735056,-3.9736430812453705e-10,0.03203631937503815,-1.152356521316733e-08,0.8173192143440247,0.00025720050325617194,-0.07610953599214554,0.18726636469364166,0.5542106628417969,,0.0003931735776180942,,,,,,,
28992000.0,,,,0.000873154669534415,-0.032869186252355576,1.152356521316733e-08,-0.004032805096358061,5.165735839085528e-09,1.2397685050964355,3.0257115213316865e-05,-0.03982025384902954,0.3363907039165497,0.863596498966217,,0.00039314093364321005,,,,,,,
29107200.0,,106.4,1204.0,,,,,,,,,,,,,,-1.0,75.0,20.0,2.0,7.0,6.0
29152800.0,,27.799999999999997,755.0,,,,,,,,,,,,,,-1.0,24.0,8.0,4.0,15.0,0.0
29184000.0,,,,,,,,,,,,,,0.30660009384155273,,,,,,,,
29220000.0,,147.2,868.0,,,,,,,,,,,,,,1.0,64.0,18.0,1.0,21.0,6.0
29299200.0,,,,0.0009114037384279072,-0.006672191899269819,3.973643192267673e-09,0.03407531976699829,-4.76837147544984e-09,1.1263707876205444,-8.439290832029656e-05,-0.02407320961356163,0.3088691830635071,0.7933529615402222,,0.00039299594163232267,,,,,,,
29323200.0,,31.6,945.0,,,,,,,,,,,,,,-1.0,29.0,8.0,3.0,14.0,0.0
29361600.0,,,,,,,,,,,,,,,,1622.13943165408,,,,,,
29414400.0,,142.4,947.0,,,,,,,,,,,,,,1.0,62.0,18.0,2.0,30.0,3.0
29527200.0,,,,0.000785351381637156,-0.05258547142148018,1.0132789718397817e-08,0.013792689889669418,1.1126200405442432e-08,1.1419278383255005,-0.00020462209067773074,-0.06297452002763748,0.3097817599773407,0.7689748406410217,,0.0003928873735335517,,,,,,,
29556000.0,,,,,,,,,,,,,,,,1622.5022007529017,,,,,,
29601600.0,,,,,,,,,,,,,,,,1622.6302397374916,,,,,,
29620800.0,,,,0.0009406651370227337,-0.03511332720518112,6.357828929992593e-09,-0.05154317244887352,6.755193293628281e-09,1.025246262550354,-5.449855962069705e-06,-0.11696667969226837,0.2322450876235962,0.6760385036468506,,0.0003928425675991288,,,,,,,
29664000.0,,68.2,1155.0,,,,,,,,,,,,,,-1.0,41.0,12.0,6.0,26.0,2.0
29738400.0,,149.2,995.0,,,,,,,,,,,,,,1.0,62.0,20.0,1.0,31.0,4.0
29820000.0,,,,,,,,,,,,,,,,1623.1330898430904,,,,,,
29928000.0,,62.60000000000001,1226.0,,,,,,,,,,,,,,-1.0,56.0,22.0,3.0,4.0,0.0
29932800.0,,24.200000000000003,1001.0,,,,,,,,,,,,,,-1.0,26.0,13.0,1.0,5.0,0.0
29961600.0,,,,0.0010703399311751127,0.022929707542061806,-1.5894572324981482e-09,0.05720493569970131,-4.76837147544984e-09,2.752925157546997,-3.22756968671456e-05,-0.09321372956037521,1.1445990800857544,1.5150909423828125,,0.00039267826885524133,,,,,,,
30110400.0,,117.2,823.0,,,,,,,,,,,,,,1.0,38.0,16.0,1.0,39.0,1.0
30115200.0,,132.2,756.0,,,,,,,,,,,,,,1.0,55.0,16.0,1.0,21.0,5.0
30206400.0,,,,,,,,,,,,,,,,1615.243929431479,,,,,,
30240000.0,,,,,,,,,,,,,,,,1615.324899151968,,,,,,
30244800.0,,130.2,744.0,,,,,,,,,,,,,,1.0,51.0,14.0,1.0,25.0,5.0
30266400.0,,99.2,1257.0,,,,,,,,,,,,,,-1.0,66.0,21.0,1.0,8.0,6.0
30316800.0,,99.4,1040.0,,,,,,,,,,,,,,1.0,30.0,11.0,2.0,30.0,2.0
30384000.0,,151.2,918.0,,,,,,,,,,,,,,1.0,62.0,18.0,1.0,27.0,6.0
30506400.0,,99.2,1359.0,,,,,,,,,,,,,,-1.0,67.0,22.0,1.0,10.0,5.0
30516000.0,,104.4,1395.0,,,,,,,,,,,,,,-1.0,75.0,22.0,2.0,11.0,4.0
30619200.0,,135.4,860.0,,,,,,,,,,,,,,1.0,63.0,16.0,2.0,20.0,4.0
30667200.0,,,,,,,,,,,,,,,,1615.963186173847,,,,,,
30724800.0,,,,,,,,,,,,,,,,1616.0890523351034,,,,,,
30808800.0,,145.2,1548.0,,,,,,,,,,,,,,-1.0,91.0,28.0,1.0,14.0,8.0
30813600.0,,90.4,1301.0,,,,,,,,,,,,,,-1.0,64.0,20.0,2.0,10.0,4.0
30873600.0,,,,,,,,,,,,,,0.2942425012588501,,,,,,,,
30878400.0,,,,,,,,,,,,,,,,1616.3949150261458,,,,,,
30931200.0,,157.2,1035.0,,,,,,,,,,,,,,1.0,71.0,20.0,1.0,18.0,7.0
31051200.0,,94.60000000000001,1259.0,,,,,,,,,,,,,,-1.0,57.0,17.0,3.0,28.0,3.0
31080000.0,,107.2,1491.0,,,,,,,,,,,,,,-1.0,72.0,25.0,1.0,10.0,5.0
31084800.0,,120.19999999999999,1393.0,,,,,,,,,,,,,,-1.0,79.0,23.0,1.0,10.0,7.0
31200000.0,,,,0.001239789999090135,-0.002568110590800643,-7.152557657263969e-09,0.024213770404458046,-6.357828929992593e-09,1.1421809196472168,-1.3554534234572202e-05,-0.09002552181482315,0.26759353280067444,0.7845606803894043,,0.00039206595563324775,,,,,,,
31305600.0,,,,,,,,,,,,,,,,1616.8529120759033,,,,,,
31399200.0,,91.80000000000001,1162.0,,,,,,,,,,,,,,-1.0,69.0,20.0,4.0,6.0,4.0
31408800.0,,,,,,,,,,,,,,,,1617.1055440139792,,,,,,
31497600.0,,,,,,,,,,,,,,,,1617.2470211231062,,,,,,
31500000.0,,142.2,986.0,,,,,,,,,,,,,,1.0,55.0,17.0,1.0,34.0,4.0
31548000.0,,,,,,,,,,,,,,,,1617.379126526061,,,,,,
31636800.0,,,,,,,,,,,,,,,,1617.6333396584519,,,,,,
31653600.0,,190.2,1720.0,,,,,,,,,,,,,,1.0,88.0,30.0,1.0,28.0,6.0
31692000.0,,114.19999999999999,1240.0,,,,,,,,,,,,,,-1.0,74.0,25.0,1.0,15.0,5.0
31783200.0,,,,0.00140311848372221,-0.03644109517335892,-2.781550101360608e-09,-0.05780307948589325,-1.2715657859985185e-08,1.1678513288497925,-0.00027819329989142716,0.02019820176064968,0.36979448795318604,0.8179909586906433,,0.00039176931712223953,,,,,,,
31797600.0,,135.2,1514.0,,,,,,,,,,,,,,-1.0,89.0,28.0,1.0,10.0,7.0
31819200.0,,148.2,1551.0,,,,,,,,,,,,,,-1.0,87.0,27.0,1.0,26.0,7.0
31821600.0,,,,,,,,,,,,,,,,1618.0656062334253,,,,,,
31833600.0,,,,0.0014151250943541527,-0.006852483842521906,-7.947286162490741e-10,0.02642892673611641,-3.9736430812453705e-10,1.065929651260376,-3.7582172808470204e-05,-0.05547492578625679,0.275942325592041,0.7344890236854553,,0.00039174343330596284,,,,,,,
31874400.0,,95.4,1253.0,,,,,,,,,,,,,,-1.0,64.0,21.0,2.0,18.0,3.0
31910400.0,,150.2,893.0,,,,,,,,,,,,,,1.0,60.0,17.0,1.0,29.0,6.0
32020800.0,,,,0.0008764080703258514,-0.024848250672221184,3.9736430812453705e-10,0.02685399353504181,-9.934107703113426e-11,1.2306618690490723,-4.922115840599872e-05,0.009393375366926193,0.4231131076812744,0.816901683807373,,0.00039164694778764215,,,,,,,
32251200.0,,164.2,1144.0,,,,,,,,,,,,,,1.0,67.0,21.0,1.0,32.0,6.0
32316000.0,,,,,,,,,,,,,,,,1618.687915866009,,,,,,
32330400.0,,,,0.0015932082897052169,-0.042713724076747894,-3.9736430812453705e-10,-0.03580448776483536,-1.390775050680304e-09,1.4488884210586548,-0.00014197567361406982,-0.026667166501283646,0.43348684906959534,0.9886084198951721,,0.00039148618117806666,,,,,,,
32352000.0,,,,,,,,,,,,,,,,1618.7777275230956,,,,,,
32534400.0,,91.2,1213.0,,,,,,,,,,,,,,-1.0,65.0,21.0,1.0,5.0,5.0
32601600.0,,,,,,,,,,,,,,0.30664995312690735,,,,,,,,
32721600.0,,104.4,1182.0,,,,,,,,,,,,,,-1.0,72.0,21.0,2.0,11.0,5.0
32721600.0,,,,,,,,,,,,,,,,1619.3744973061414,,,,,,
32774400.0,,,,,,,,,,,,,,0.3104328215122223,,,,,,,,
32880000.0,,,,0.0013150328304618597,-0.020000673830509186,1.5894572324981482e-09,-0.005045739933848381,0.0,1.5244489908218384,5.22803638887126e-05,-0.0581289678812027,0.53287273645401,0.9335125684738159,,0.0003911971269955313,,,,,,,
33012000.0,,150.4,1747.0,,,,,,,,,,,,,,-1.0,83.0,25.0,2.0,42.0,5.0
33036000.0,,258.8,3811.0,,,,,,,,,,,,,,1.0,98.0,37.0,4.0,91.0,3.0
33055200.0,,92.80000000000001,1271.0,,,,,,,,,,,,,,-1.0,68.0,23.0,4.0,9.0,3.0
33057600.0,,136.2,785.0,,,,,,,,,,,,,,1.0,58.0,16.0,1.0,22.0,5.0
33115200.0,,,,0.0008655333076603711,-0.006444975733757019,-1.3113021779531664e-08,-0.003844374092295766,-1.19209286886246e-09,1.1032977104187012,6.316340295597911e-05,-0.033585645258426666,0.3144479990005493,0.7553359270095825,,0.0003910719973364233,,,,,,,
33352800.0,,97.2,1278.0,,,,,,,,,,,,,,-1.0,68.0,22.0,1.0,7.0,5.0
33372000.0,,,,,,,,,,,,,,,,1620.097814479161,,,,,,
33472800.0,,,,0.0012361054541543126,-0.0370844230055809,-1.2715657859985185e-08,-0.029585251584649086,7.152557657263969e-09,1.3997316360473633,-0.00012790091568604112,-0.01569993607699871,0.3451225757598877,1.0387935638427734,,0.00039088010970054127,,,,,,,
33482400.0,,,,0.001274341600947082,-0.022801870480179787,2.38418573772492e-09,0.02021542191505432,1.5894572324981482e-09,1.2898529767990112,0.00010930618009297177,-0.07854083925485611,0.32886648178100586,0.8825677633285522,,0.0003908749311123497,,,,,,,
33621600.0,,128.2,1496.0,,,,,,,,,,,,,,-1.0,85.0,26.0,1.0,9.0,7.0
33638400.0,,,,,,,,,,,,,,0.3110820949077606,,,,,,,,
33640800.0,,,,,,,,,,,,,,,,1620.3241771359187,,,,,,
33734400.0,,,,,,,,,,,,,,,,1620.36870470452,,,,,,
33832800.0,,139.4,986.0,,,,,,,,,,,,,,1.0,58.0,19.0,2.0,26.0,4.0
33847200.0,,142.4,822.0,,,,,,,,,,,,,,1.0,57.0,16.0,2.0,37.0,3.0
33849600.0,,81.20000000000002,979.0,,,,,,,,,,,,,,-1.0,58.0,17.0,6.0,9.0,4.0
33876000.0,,127.19999999999999,1301.0,,,,,,,,,,,,,,-1.0,77.0,23.0,1.0,19.0,7.0
33883200.0,,,,,,,,,,,,,,,,1620.4862296285528,,,,,,
34041600.0,,56.0,815.0,,,,,,,,,,,,,,-1.0,47.0,13.0,5.0,15.0,0.0
34137600.0,,122.2,765.0,,,,,,,,,,,,,,1.0,49.0,15.0,1.0,22.0,4.0
34168800.0,,96.80000000000001,1151.0,,,,,,,,,,,,,,-1.0,56.0,21.0,4.0,31.0,2.0
34303200.0,,,,0.0012348718009889126,0.016666755080223083,-3.1789145538141383e-08,0.02855934202671051,-1.668930060816365e-08,2.750631093978882,-0.00030372184119187295,-0.07246863096952438,1.0229988098144531,1.6548722982406616,,0.00039042690246034726,,,,,,,
34317600.0,,101.2,1104.0,,,,,,,,,,,,,,1.0,37.0,17.0,1.0,27.0,0.0
34353600.0,,91.4,1249.0,,,,,,,,,,,,,,-1.0,66.0,20.0,2.0,5.0,5.0
34420800.0,,123.4,771.0,,,,,,,,,,,,,,1.0,61.0,15.0,2.0,11.0,4.0
34548000.0,,150.2,1275.0,,,,,,,,,,,,,,1.0,58.0,19.0,1.0,37.0,4.0
34711200.0,,,,,,,,,,,,,,,,1621.2309033513206,,,,,,
34824000.0,,,,,,,,,,,,,,,,1621.319333754236,,,,,,
34934400.0,,,,0.0011642815079540014,-0.06398226320743561,-1.5894572324981482e-09,-0.05042412504553795,-4.172325152040912e-09,1.3697298765182495,-4.755402551381849e-05,-0.03607288375496864,0.33168825507164,1.0019328594207764,,0.00039007530723446317,,,,,,,
35068800.0,,,,0.001153234508819878,-0.014345591887831688,1.1920929132713809e-08,-0.01620539464056492,1.5894572324981482e-09,1.3165720701217651,0.00014456448843702674,0.01636759750545025,0.47540801763534546,0.8576878309249878,,0.0003899996520327704,,,,,,,
35097600.0,,,,,,,,,,,,,,0.30859774351119995,,,,,,,,
35224800.0,,,,0.0008519634138792753,0.005557043012231588,-3.774960788405224e-09,0.05050511285662651,-1.0530154526122715e-08,1.267975091934204,-0.00010165786079596728,-0.04290342703461647,0.38426241278648376,0.8407160639762878,,0.0003899114902129104,,,,,,,
35263200.0,,142.2,1001.0,,,,,,,,,,,,,,1.0,57.0,17.0,1.0,28.0,5.0
35419200.0,,,,,,,,,,,,,,,,1614.1050276022772,,,,,,
35625600.0,,,,,,,,,,,,,,,,1614.3540338475261,,,,,,
35666400.0,,,,,,,,,,,,,,,,1614.3998057843453,,,,,,
35673600.0,,126.4,690.0,,,,,,,,,,,,,,1.0,54.0,14.0,2.0,26.0,3.0
35721600.0,,,,,,,,,,,,,,,,1614.416306980146,,,,,,
35791200.0,,,,,,,,,,,,,,,,1614.4861438964651,,,,,,
35834400.0,,98.2,1249.0,,,,,,,,,,,,,,-1.0,68.0,22.0,1.0,8.0,5.0
35872800.0,,78.4,1268.0,,,,,,,,,,,,,,-1.0,60.0,18.0,2.0,8.0,3.0
35942400.0,,,,0.0010546495905146003,-0.10444536060094833,1.8278758062706402e-08,-0.10172560811042786,1.2616316880098566e-08,1.4437696933746338,0.00016114299069158733,-0.06474821269512177,0.473222553730011,0.905970573425293,,0.00038950114027308714,,,,,,,
35947200.0,,86.2,1132.0,,,,,,,,,,,,,,-1.0,62.0,20.0,1.0,4.0,5.0
35990400.0,,,,0.0011475445935502648,-0.03948608413338661,4.371007555903361e-09,-0.0854010060429573,-4.371007555903361e-09,1.3932040929794312,-8.737257303437218e-05,-0.022931214421987534,0.4350733458995819,0.93512362241745,,0.00038947341076637826,,,,,,,
36024000.0,,86.2,1281.0,,,,,,,,,,,,,,-1.0,60.0,19.0,1.0,7.0,5.0
36043200.0,,149.2,959.0,,,,,,,,,,,,,,1.0,60.0,20.0,1.0,33.0,4.0
36043200.0,,,,,,,,,,,,,,,,1614.4968432514077,,,,,,
36050400.0,,62.60000000000001,1001.0,,,,,,,,,,,,,,-1.0,56.0,17.0,3.0,5.0,1.0
36168000.0,,64.6,1515.0,,,,,,,,,,,,,,-1.0,29.0,9.0,3.0,34.0,3.0
36211200.0,,,,,,,,,,,,,,,,1614.6212377642694,,,,,,
36218400.0,,85.60000000000001,1280.0,,,,,,,,,,,,,,-1.0,63.0,19.0,3.0,7.0,4.0
36259200.0,,103.4,1265.0,,,,,,,,,,,,,,-1.0,74.0,22.0,2.0,7.0,5.0
36307200.0,,,,0.0007822166662663221,-0.09652536362409592,-4.371007555903361e-09,-0.06006738916039467,-7.549921576810448e-09,1.85092031955719,0.00010067121911561117,-0.06802935153245926,0.6237373948097229,1.1592620611190796,,0.00038928951254151836,,,,,,,
36324000.0,,,,0.0010191556066274643,-0.04032358527183533,-9.33806099112644e-09,0.027882983908057213,1.0530154526122715e-08,1.1414717435836792,0.00012580906332004815,-0.08903124928474426,0.2858486473560333,0.7667278051376343,,0.00038927971754138424,,,,,,,
36422400.0,,,,0.0009207454859279096,-0.13273125886917114,1.9868215961338365e-09,-0.16576306521892548,-1.907348590179936e-08,1.1480460166931152,-3.3824899219325744e-06,-0.0049866242334246635,0.2938143014907837,0.8492509722709656,,0.0003892222602671202,,,,,,,
36424800.0,,83.80000000000001,1189.0,,,,,,,,,,,,,,-1.0,64.0,20.0,4.0,7.0,3.0
36492000.0,,118.4,1318.0,,,,,,,,,,,,,,-1.0,82.0,22.0,2.0,6.0,7.0
36511200.0,,95.4,1325.0,,,,,,,,,,,,,,-1.0,66.0,19.0,2.0,10.0,5.0
36530400.0,,,,0.0010185501305386424,-0.0518052875995636,-3.1789144649962964e-09,-0.025645650923252106,-7.152557657263969e-09,1.1458779573440552,-1.9656420136016095e-06,-0.06047514081001282,0.22191035747528076,0.8635005950927734,,0.000389159027242767,,,,,,,
36564000.0,,,,,,,,,,,,,,,,1615.0096977355245,,,,,,
36619200.0,,,,,,,,,,,,,,,,1615.160513576868,,,,,,
36640800.0,,,,,,,,,,,,,,,,1615.2178515024982,,,,,,
36748800.0,,,,,,,,,,,,,,,,1615.3098210771977,,,,,,
36763200.0,,124.4,1240.0,,,,,,,,,,,,,,-1.0,64.0,19.0,2.0,45.0,4.0
36844800.0,,,,0.0010517541086301208,-0.061320237815380096,3.9736430812453705e-10,-0.05323400720953941,-1.7881394143159923e-08,1.096303105354309,7.712595106568187e-05,-0.021866142749786377,0.3191699683666229,0.7553545236587524,,0.00038897393586102553,,,,,,,
36890400.0,,41.20000000000001,675.0,,,,,,,,,,,,,,-1.0,37.0,10.0,6.0,13.0,0.0
37106400.0,,,,0.0011611972004175186,-0.010912463068962097,-8.344650304081824e-09,-0.017159851267933846,-4.371007555903361e-09,0.8661071062088013,-8.33370431791991e-05,0.013005956076085567,0.27025747299194336,0.6087839007377625,,0.00038881878023439725,,,,,,,
37144800.0,,75.60000000000001,1222.0,,,,,,,,,,,,,,-1.0,60.0,17.0,3.0,6.0,3.0
37286400.0,,,,,,,,,,,,,,0.3269188404083252,,,,,,,,
37305600.0,,,,0.0011428786674514413,-0.007153140846639872,7.947286384535346e-09,0.04061451181769371,2.8808913032918326e-09,1.0655241012573242,-1.1994407941529062e-05,-0.06918533146381378,0.21747660636901855,0.7788615822792053,,0.0003886999354665178,,,,,,,
37329600.0,,101.2,1161.0,,,,,,,,,,,,,,-1.0,74.0,21.0,1.0,2.0,6.0
37401600.0,,105.2,1349.0,,,,,,,,,,,,,,-1.0,69.0,22.0,1.0,10.0,6.0
37483200.0,,33.800000000000004,740.0,,,,,,,,,,,,,,-1.0,32.0,9.0,4.0,12.0,0.0
37531200.0,,,,,,,,,,,,,,,,1617.0125764260836,,,,,,
37605600.0,,101.80000000000001,1326.0,,,,,,,,,,,,,,-1.0,74.0,21.0,4.0,6.0,5.0
37644000.0,,,,,,,,,,,,,,,,1617.1502334021004,,,,,,
37648800.0,,,,,,,,,,,,,,,,1617.1709954574847,,,,,,
37670400.0,,102.4,1152.0,,,,,,,,,,,,,,-1.0,58.0,20.0,2.0,36.0,2.0
37828800.0,,,,0.0008918686071410775,-0.04572930186986923,5.563100202721216e-09,-0.021145761013031006,-8.742015111806722e-09,1.1702173948287964,-7.43014388717711e-05,-0.06661613285541534,0.311443030834198,0.7920929193496704,,0.00038838491590026045,,,,,,,
37874400.0,,135.4,835.0,,,,,,,,,,,,,,1.0,62.0,17.0,2.0,20.0,4.0
37876800.0,,132.2,808.0,,,,,,,,,,,,,,1.0,50.0,16.0,1.0,30.0,4.0
37884000.0,,106.4,1221.0,,,,,,,,,,,,,,-1.0,73.0,19.0,2.0,10.0,6.0
38035200.0,,183.2,2040.0,,,,,,,,,,,,,,-1.0,100.0,30.0,1.0,33.0,10.0
38035200.0,,,,,,,,,,,,,,0.25191956758499146,,,,,,,,
38184000.0,,,,,,,,,,,,,,,,1618.4619101643475,,,,,,
38361600.0,,134.4,1455.0,,,,,,,,,,,,,,-1.0,88.0,26.0,2.0,16.0,6.0
38445600.0,,224.2,2215.0,,,,,,,,,,,,,,-1.0,100.0,32.0,1.0,76.0,9.0
38505600.0,,81.2,1228.0,,,,,,,,,,,,,,-1.0,59.0,23.0,1.0,7.0,3.0
38596800.0,,81.2,1256.0,,,,,,,,,,,,,,-1.0,57.0,19.0,1.0,9.0,4.0
38695200.0,,174.2,1066.0,,,,,,,,,,,,,,1.0,70.0,22.0,1.0,42.0,5.0
38707200.0,,75.80000000000001,1075.0,,,,,,,,,,,,,,-1.0,55.0,16.0,4.0,8.0,4.0
38731200.0,,111.19999999999999,1223.0,,,,,,,,,,,,,,-1.0,73.0,22.0,1.0,8.0,7.0
38743200.0,,194.4,2292.0,,,,,,,,,,,,,,1.0,76.0,23.0,2.0,55.0,5.0
38911200.0,,,,0.0013324933825060725,-0.03107713721692562,-1.1126200405442432e-08,-0.006763572804629803,-5.9604643443123e-10,1.19700026512146,2.9387510949163698e-06,-0.05922897532582283,0.3546195924282074,0.7831679582595825,,0.00038772002512844884,,,,,,,
39019200.0,,142.2,875.0,,,,,,,,,,,,,,1.0,61.0,18.0,1.0,23.0,5.0
39076800.0,,,,0.0012997486628592014,-0.06766211241483688,-3.973643192267673e-09,-0.06862273067235947,-7.947286162490741e-10,1.2772568464279175,0.00015165272634476423,-0.013794713653624058,0.3561296761035919,0.9074971675872803,,0.00038761673849461217,,,,,,,
39086400.0,,88.60000000000001,1121.0,,,,,,,,,,,,,,-1.0,65.0,19.0,3.0,4.0,5.0
39165600.0,,,,0.0009973644046112895,-0.024307966232299805,-3.973643192267673e-09,-0.021457599475979805,-1.1126200405442432e-08,0.8831740021705627,1.4518815078190528e-05,-0.034422874450683594,0.18260440230369568,0.6661712527275085,,0.0003875611824261762,,,,,,,
39170400.0,,154.59999999999997,1679.0,,,,,,,,,,,,,,-1.0,94.0,31.0,3.0,21.0,7.0
39312000.0,,,,0.0008901023538783193,-0.07568033039569855,3.3775965135873776e-08,-0.08953361958265305,-8.742015111806722e-09,0.8258615732192993,0.00010562442184891552,-0.004051870200783014,0.19481001794338226,0.6271141767501831,,0.00038746933029407517,,,,,,,
39324000.0,,136.2,1433.0,,,,,,,,,,,,,,-1.0,62.0,20.0,1.0,54.0,5.0
39331200.0,,44.2,843.0,,,,,,,,,,,,,,-1.0,39.0,16.0,1.0,5.0,1.0
39434400.0,,125.2,942.0,,,,,,,,,,,,,,1.0,54.0,17.0,1.0,18.0,4.0
39600000.0,,43.60000000000001,660.0,,,,,,,,,,,,,,-1.0,41.0,11.0,3.0,11.0,0.0
39600000.0,,,,,,,,,,,,,,,,1620.6956307442842,,,,,,
39633600.0,,,,,,,,,,,,,,,,1620.7461827468046,,,,,,
39650400.0,,23.800000000000004,625.0,,,,,,,,,,,,,,-1.0,26.0,8.0,4.0,9.0,0.0
39705600.0,,,,0.0013237686362117529,-0.005519175436347723,6.755193293628281e-09,0.029375066980719566,-3.5762788286319847e-09,0.9309399724006653,8.65597467054613e-05,-0.06417033076286316,0.27524232864379883,0.5916271209716797,,0.0003872207821120075,,,,,,,
39919200.0,,,,0.0012682699598371983,-0.0038985460996627808,-3.9736430812453705e-10,0.019278723746538162,6.755193293628281e-09,1.1457865238189697,-8.652375254314393e-05,-0.06587816774845123,0.2556649446487427,0.8241694569587708,,0.00038708492314400795,,,,,,,
39955200.0,,,,,,,,,,,,,,0.2838055491447449,,,,,,,,
39962400.0,,108.19999999999999,1261.0,,,,,,,,,,,,,,-1.0,63.0,21.0,1.0,24.0,5.0
40204800.0,,98.4,1315.0,,,,,,,,,,,,,,-1.0,68.0,23.0,2.0,7.0,5.0
40389600.0,,129.2,733.0,,,,,,,,,,,,,,1.0,51.0,15.0,1.0,27.0,4.0
40389600.0,,,,,,,,,,,,,,,,1615.7485047752868,,,,,,
40420800.0,,77.2,1080.0,,,,,,,,,,,,,,-1.0,58.0,19.0,1.0,4.0,4.0
40425600.0,,46.2,955.0,,,,,,,,,,,,,,-1.0,26.0,8.0,1.0,24.0,2.0
40526400.0,,,,,,,,,,,,,,,,1616.054064523418,,,,,,
40593600.0,,,,0.0009649878484196961,0.010418903082609177,-2.1457672971791908e-08,0.0718340203166008,-8.543332263855064e-09,0.932666540145874,-0.0001193642383441329,-0.021631110459566116,0.21556885540485382,0.6953569054603577,,0.0003866514769986695,,,,,,,
40615200.0,,91.2,1217.0,,,,,,,,,,,,,,-1.0,66.0,22.0,1.0,3.0,5.0
40670400.0,,103.4,1279.0,,,,,,,,,,,,,,-1.0,72.0,21.0,2.0,10.0,5.0
40809600.0,,,,,,,,,,,,,,,,1616.3067292374844,,,,,,
40924800.0,,,,0.0008653223048895597,-0.033724889159202576,8.543332263855064e-09,-0.06572183221578598,-1.19209286886246e-09,1.0749664306640625,-0.00015374872600659728,-0.026430265977978706,0.3558114171028137,0.6925796270370483,,0.000386436113365287,,,,,,,
40977600.0,,107.2,661.0,,,,,,,,,,,,,,1.0,45.0,14.0,1.0,20.0,2.0
41001600.0,,120.2,742.0,,,,,,,,,,,,,,1.0,44.0,15.0,1.0,29.0,3.0
41112000.0,,,,0.0009281401871703565,0.004562279209494591,9.735425798851338e-09,0.044437702745199203,2.0265579436795633e-08,1.1896278858184814,-5.7388348068343475e-05,-0.03225931525230408,0.36462706327438354,0.7926934361457825,,0.00038631365994346473,,,,,,,
41114400.0,,,,,,,,,,,,,,,,1616.8260529154607,,,,,,
41186400.0,,,,0.0011328881373628974,-0.06907734274864197,8.344650304081824e-09,-0.0695338249206543,-1.2318293940438707e-08,1.1510993242263794,0.0002229910169262439,-0.04629475250840187,0.27348339557647705,0.8315554261207581,,0.00038626484706030903,,,,,,,
41253600.0,,126.2,758.0,,,,,,,,,,,,,,1.0,54.0,15.0,1.0,21.0,4.0
41328000.0,,102.4,1199.0,,,,,,,,,,,,,,-1.0,60.0,21.0,2.0,29.0,3.0
41354400.0,,,,0.0012758707161992788,-0.13651975989341736,-7.152557657263969e-09,-0.1589381992816925,3.1789144649962964e-09,1.3733919858932495,5.780422725365497e-05,-0.03828414902091026,0.36923226714134216,0.9659460783004761,,0.0003861543202010487,,,,,,,
41368800.0,,,,,,,,,,,,,,,,1617.3897376249395,,,,,,
41476800.0,,,,0.0011496130609884858,-0.08244986087083817,-5.563100202721216e-09,-0.09441932290792465,-3.1789144649962964e-09,1.1583784818649292,-5.546652027987875e-05,0.02061418443918228,0.32735610008239746,0.8515926003456116,,0.0003860735281090736,,,,,,,
41479200.0,,162.60000000000002,1891.0,,,,,,,,,,,,,,-1.0,98.0,29.0,3.0,23.0,8.0
41606400.0,,17.0,460.0,,,,,,,,,,,,,,-1.0,24.0,8.0,5.0,4.0,0.0
41637600.0,,133.2,1464.0,,,,,,,,,,,,,,-1.0,88.0,27.0,1.0,14.0,6.0
41815200.0,,,,,,,,,,,,,,,,1617.9281959813013,,,,,,
41824800.0,,,,0.001178314327262342,-0.06106561794877052,1.1324882365215672e-08,-0.042453158646821976,1.0331471678171056e-08,1.1810234785079956,-0.00012083029287168756,-0.028094343841075897,0.35606083273887634,0.796759307384491,,0.00038584260417912325,,,,,,,
41839200.0,,,,0.000978793133981526,-0.06926440447568893,-7.549921576810448e-09,-0.0702386125922203,7.947286162490741e-10,0.9263083338737488,0.00011411461309762672,-0.042397186160087585,0.29176950454711914,0.5922655463218689,,0.00038583300981506004,,,,,,,
41841600.0,,,,0.0010290875798091292,-0.08655282855033875,2.4239222184974096e-08,-0.10553143918514252,4.371007555903361e-09,1.604651927947998,-0.00020343420328572392,0.023323848843574524,0.4260130524635315,1.2017695903778076,,0.0003858314104540785,,,,,,,
41956800.0,,148.60000000000002,1303.0,,,,,,,,,,,,,,-1.0,75.0,23.0,3.0,54.0,4.0
42019200.0,,172.6,1177.0,,,,,,,,,,,,,,1.0,72.0,30.0,3.0,50.0,0.0
42124800.0,,165.4,1534.0,,,,,,,,,,,,,,-1.0,87.0,26.0,2.0,52.0,5.0
42177600.0,,133.4,762.0,,,,,,,,,,,,,,1.0,57.0,15.0,2.0,29.0,3.0
42204000.0,,,,,,,,,,,,,,,,1618.4636614858898,,,,,,
42211200.0,,,,,,,,,,,,,,,,1618.4503079341964,,,,,,
42228000.0,,,,0.0010792019311338663,-0.03963005170226097,-1.9868215961338365e-09,-0.00516819953918457,-5.9604645663569045e-09,1.0074658393859863,-0.00012926777708344162,-0.027531510218977928,0.2788527011871338,0.7009632587432861,,0.00038557279514138794,,,,,,,
42242400.0,,,,0.0009970571845769882,-0.030139122158288956,1.0728836485895954e-08,-0.035717036575078964,8.742015111806722e-09,1.2747634649276733,-0.00010138597281184047,-0.02867356687784195,0.26457226276397705,0.9814262390136719,,0.00038556311437409733,,,,,,,
42336000.0,,176.60000000000002,1592.0,,,,,,,,,,,,,,-1.0,79.0,25.0,3.0,68.0,6.0
42348000.0,,141.2,803.0,,,,,,,,,,,,,,1.0,56.0,16.0,1.0,29.0,5.0
42475200.0,,,,,,,,,,,,,,,,1618.8413658401907,,,,,,
42511200.0,,152.4,814.0,,,,,,,,,,,,,,1.0,66.0,16.0,2.0,30.0,5.0
42549600.0,,,,0.0007452599820680916,-0.03506065905094147,-4.76837147544984e-09,-0.047314245253801346,5.165735839085528e-09,1.0641039609909058,4.355600140115712e-06,0.0338115431368351,0.3789474368095398,0.7189798355102539,,0.0003853558573397068,,,,,,,
42604800.0,,,,,,,,,,,,,,,,1619.0880826997532,,,,,,
42686400.0,,126.4,1408.0,,,,,,,,,,,,,,-1.0,86.0,25.0,2.0,11.0,6.0
42705600.0,,126.2,775.0,,,,,,,,,,,,,,1.0,55.0,16.0,1.0,19.0,4.0
42746400.0,,125.60000000000002,1408.0,,,,,,,,,,,,,,-1.0,82.0,25.0,3.0,14.0,6.0
42782400.0,,174.60000000000002,2335.0,,,,,,,,,,,,,,-1.0,99.0,34.0,3.0,61.0,0.0
42919200.0,,128.4,748.0,,,,,,,,,,,,,,1.0,55.0,15.0,2.0,26.0,3.0
42967200.0,,132.4,1483.0,,,,,,,,,,,,,,-1.0,88.0,27.0,2.0,13.0,6.0
43084800.0,,113.4,1263.0,,,,,,,,,,,,,,-1.0,74.0,20.0,2.0,11.0,7.0
43219200.0,,161.4,1370.0,,,,,,,,,,,,,,1.0,80.0,23.0,2.0,18.0,5.0
43284000.0,,,,0.0011016816133633256,-0.09738072752952576,-3.973643192267673e-09,-0.08555247634649277,1.867612198225288e-08,1.1631584167480469,-1.923178024298977e-05,-0.034170038998126984,0.30799388885498047,0.820986270904541,,0.0003848547103073373,,,,,,,
43315200.0,,137.60000000000002,1002.0,,,,,,,,,,,,,,1.0,51.0,14.0,3.0,40.0,3.0
43382400.0,,,,0.0010424870997667313,0.012680559419095516,9.934107758624577e-09,0.01913146860897541,-7.549921576810448e-09,0.8648639917373657,-8.491529297316447e-05,-0.0038272005040198565,0.17874078452587128,0.682221531867981,,0.0003847869565640007,,,,,,,
43416000.0,,,,0.001042106538079679,-0.054922524839639664,-1.0927518445669193e-08,-0.05088145658373833,-7.549921576810448e-09,1.0469826459884644,7.341748278122395e-05,-0.05249659717082977,0.3011765778064728,0.6933931708335876,,0.0003847637883573857,,,,,,,
43478400.0,,,,,,,,,,,,,,,,1620.826370517958,,,,,,
43485600.0,,,,0.0007502237567678094,-0.023128045722842216,-4.76837147544984e-09,-0.037170857191085815,-1.7086664527710127e-08,0.8832353949546814,-9.68078020378016e-05,-0.028472881764173508,0.20224671065807343,0.6524264812469482,,0.00038471574400059127,,,,,,,
43514400.0,,,,,,,,,,,,,,,,1620.8871646161344,,,,,,
43603200.0,,,,,,,,,,,,,,0.38277238607406616,,,,,,,,
43608000.0,,,,,,,,,,,,,,,,1621.0504180828293,,,,,,
43620000.0,,106.2,1272.0,,,,,,,,,,,,,,-1.0,70.0,22.0,1.0,10.0,6.0
43632000.0,,,,,,,,,,,,,,,,1621.0794364523726,,,,,,
43747200.0,,,,,,,,,,,,,,,,1621.2879455297345,,,,,,
43802400.0,,153.4,1478.0,,,,,,,,,,,,,,-1.0,98.0,26.0,2.0,13.0,9.0
43848000.0,,,,,,,,,,,,,,,,1621.4375470667712,,,,,,
43872000.0,,,,0.0010712356306612492,-0.07413191348314285,7.947286162490741e-10,-0.05350087583065033,-4.371007555903361e-09,0.9174134731292725,-0.00011162426380906254,-0.025000976398587227,0.31946367025375366,0.5728479027748108,,0.000384447714181435,,,,,,,
43874400.0,,167.2,995.0,,,,,,,,,,,,,,1.0,66.0,20.0,1.0,37.0,6.0
43922400.0,,,,0.0009808302856981754,0.004623982589691877,6.755193293628281e-09,0.008892681449651718,-5.165735839085528e-09,1.1289353370666504,7.961834489833564e-05,-0.03177706152200699,0.2701960802078247,0.8270516395568848,,0.00038441259138549986,,,,,,,
43968000.0,,,,,,,,,,,,,,0.3914274573326111,,,,,,,,
43989600.0,,,,,,,,,,,,,,,,1621.5747822069986,,,,,,
44128800.0,,,,,,,,,,,,,,,,1621.84107983938,,,,,,
44164800.0,,,,,,,,,,,,,,,,1621.9004829280068,,,,,,
44198400.0,,,,0.0009380342089571059,0.011728830635547638,1.2715657859985185e-08,0.023273169994354248,-3.1789144649962964e-09,1.0048030614852905,-0.00016599043738096952,-0.019777635112404823,0.2578917443752289,0.7269771695137024,,0.00038421958858797284,,,,,,,
44208000.0,,,,,,,,,,,,,,,,1621.9825589486725,,,,,,
44212800.0,,,,0.0008376500336453319,-0.02005635015666485,-7.947286162490741e-10,-0.04355114325881004,1.5894572324981482e-09,1.1448291540145874,6.77435818943195e-05,-0.015962447971105576,0.30598360300064087,0.8229592442512512,,0.000384209488087499,,,,,,,
44289600.0,,185.2,1167.0,,,,,,,,,,,,,,1.0,82.0,24.0,1.0,31.0,7.0
44296800.0,,158.4,911.0,,,,,,,,,,,,,,1.0,66.0,17.0,2.0,39.0,4.0
44510400.0,,128.2,721.0,,,,,,,,,,,,,,1.0,51.0,14.0,1.0,23.0,5.0
44548800.0,,,,,,,,,,,,,,,,1622.4908839684201,,,,,,
44553600.0,,156.60000000000002,1265.0,,,,,,,,,,,,,,1.0,66.0,20.0,3.0,34.0,4.0
44577600.0,,,,0.0009209727868437767,-0.08889997750520706,-1.5894572324981482e-09,-0.0720280110836029,-7.947286384535346e-09,1.4155610799789429,-6.55112016829662e-05,0.0024578284937888384,0.3305956721305847,1.0873669385910034,,0.00038395259139803966,,,,,,,
44728800.0,,,,0.000957733835093677,-0.08804609626531601,-1.9868215406226852e-10,-0.08243756741285324,1.0927518889758403e-09,1.4627584218978882,-2.846805364242755e-05,0.005421672482043505,0.4859999716281891,0.9821611046791077,,0.0003838455412326266,,,,,,,
44894400.0,,136.2,1292.0,,,,,,,,,,,,,,1.0,61.0,24.0,1.0,23.0,2.0
44896800.0,,148.4,1105.0,,,,,,,,,,,,,,1.0,73.0,21.0,2.0,18.0,4.0
44932800.0,,,,0.0010753775713965297,-0.0686812773346901,-3.5762788286319847e-09,-0.06702599674463272,-2.1855037779516806e-09,1.1750656366348267,9.570967813488096e-05,-0.02608814649283886,0.3008172810077667,0.8482666611671448,,0.00038370057673673346,,,,,,,
44956800.0,,98.2,603.0,,,,,,,,,,,,,,1.0,40.0,12.0,1.0,18.0,2.0
44956800.0,,,,,,,,,,,,,,,,1623.0750978584608,,,,,,
44959200.0,,123.19999999999999,1402.0,,,,,,,,,,,,,,-1.0,82.0,25.0,1.0,8.0,7.0
45012000.0,,222.4,1333.0,,,,,,,,,,,,,,1.0,90.0,25.0,2.0,63.0,6.0
45052800.0,,,,0.0009544678614474833,-0.10324492305517197,-3.9736430812453705e-10,-0.1274694800376892,2.9404958468148834e-08,1.1298246383666992,9.677252091933042e-05,-0.023452505469322205,0.3246478736400604,0.7818306088447571,,0.0003836150184339217,,,,,,,
45177600.0,,81.00000000000001,1199.0,,,,,,,,,,,,,,-1.0,60.0,19.0,5.0,9.0,3.0
45242400.0,,,,0.0010593336774036288,-0.03986262157559395,-2.2649764730431343e-08,-0.024051545187830925,-4.5696895156766004e-09,1.2173572778701782,-0.00023976087686605752,-0.052338581532239914,0.34320536255836487,0.8215842247009277,,0.0003834794063160717,,,,,,,
45388800.0,,,,0.001072240644134581,-0.07134741544723511,-3.1789144649962964e-09,-0.06716415286064148,-8.742015111806722e-09,1.1192725896835327,-6.199892959557474e-05,-0.044060949236154556,0.299739807844162,0.775420606136322,,0.0003833743331179976,,,,,,,
45458400.0,,172.2,2191.0,,,,,,,,,,,,,,-1.0,99.0,31.0,1.0,26.0,9.0
45549600.0,,,,,,,,,,,,,,,,1617.8469042306479,,,,,,
45580800.0,,,,,,,,,,,,,,,,1617.884121602286,,,,,,
45609600.0,,,,,,,,,,,,,,,,1617.9618330568328,,,,,,
45612000.0,,142.4,958.0,,,,,,,,,,,,,,1.0,48.0,17.0,2.0,45.0,3.0
45633600.0,,123.19999999999999,1121.0,,,,,,,,,,,,,,-1.0,74.0,22.0,1.0,19.0,7.0
45684000.0,,134.2,1399.0,,,,,,,,,,,,,,-1.0,85.0,25.0,1.0,12.0,8.0
45789600.0,,,,0.0009752529440447688,-0.010490023531019688,7.947286162490741e-10,0.013142947107553482,2.38418573772492e-09,1.5212204456329346,2.9610297133331187e-05,-0.030373666435480118,0.3951258957386017,1.0957603454589844,,0.0003830850705563856,,,,,,,
45859200.0,,84.60000000000001,946.0,,,,,,,,,,,,,,-1.0,58.0,15.0,3.0,19.0,3.0
45926400.0,,,,0.0008605894399806857,-0.01135798916220665,-3.1789144649962964e-09,-0.01154927909374237,1.7086664527710127e-08,0.761139452457428,7.755529622954782e-06,0.008173730224370956,0.22490273416042328,0.5444267988204956,,0.000382985803301102,,,,,,,
45957600.0,,,,,,,,,,,,,,,,1618.7166322722333,,,,,,
46005600.0,,111.60000000000002,1290.0,,,,,,,,,,,,,,-1.0,78.0,21.0,3.0,8.0,6.0
46022400.0,,83.60000000000001,1048.0,,,,,,,,,,,,,,-1.0,64.0,17.0,3.0,6.0,4.0
46029600.0,,,,0.0010042533976957202,-0.014917285181581974,1.390775050680304e-09,0.003998624160885811,-9.934107758624577e-09,1.378005862236023,-5.482204505824484e-05,-0.029368750751018524,0.4278404414653778,0.9207518696784973,,0.00038291073686353723,,,,,,,
46144800.0,,,,0.0008454052731394768,0.01101759821176529,-2.38418573772492e-09,-0.014247745275497437,3.1789144649962964e-09,0.9247500896453857,-9.888975910143927e-06,0.02743128500878811,0.28503280878067017,0.667147159576416,,0.0003828267584196226,,,,,,,
46173600.0,,106.4,1026.0,,,,,,,,,,,,,,-1.0,64.0,18.0,2.0,28.0,4.0
46305600.0,,,,,,,,,,,,,,,,1619.2766496531324,,,,,,
46348800.0,,,,,,,,,,,,,,,,1619.3291659002966,,,,,,
46375200.0,,104.40000000000002,1375.0,,,,,,,,,,,,,,-1.0,64.0,22.0,7.0,37.0,0.0
46528800.0,,,,0.0008883933769538999,-0.010647662915289402,-7.947286162490741e-10,0.014781300909817219,9.53674295089968e-09,1.6519012451171875,1.1182655725860968e-05,-0.03523494303226471,0.392709881067276,1.2239766120910645,,0.0003825454348553286,,,,,,,
46564800.0,,238.4,1524.0,,,,,,,,,,,,,,1.0,97.0,28.0,2.0,65.0,7.0
46567200.0,,,,,,,,,,,,,,,,1619.6969927651837,,,,,,
46646400.0,,,,,,,,,,,,,,,,1619.847470239361,,,,,,
46754400.0,,136.2,816.0,,,,,,,,,,,,,,1.0,62.0,17.0,1.0,17.0,5.0
46776000.0,,140.4,850.0,,,,,,,,,,,,,,1.0,65.0,16.0,2.0,23.0,4.0
47004000.0,,54.60000000000001,795.0,,,,,,,,,,,,,,-1.0,44.0,13.0,3.0,17.0,0.0
47097600.0,,,,,,,,,,,,,,0.27397048473358154,,,,,,,,
47140800.0,,109.4,1251.0,,,,,,,,,,,,,,-1.0,74.0,21.0,2.0,14.0,5.0
47169600.0,,69.20000000000002,1098.0,,,,,,,,,,,,,,-1.0,58.0,19.0,6.0,7.0,1.0
47203200.0,,153.2,1049.0,,,,,,,,,,,,,,1.0,68.0,20.0,1.0,25.0,5.0
47263200.0,,126.39999999999998,1367.0,,,,,,,,,,,,,,-1.0,87.0,25.0,2.0,10.0,6.0
47299200.0,,,,0.0006651030853390694,-0.010167904198169708,0.0,-0.0028011794202029705,-1.3510386587256562e-08,1.0170520544052124,2.1029652543802513e-06,-0.004077963996678591,0.22201864421367645,0.7909641861915588,,0.0003819745706465109,,,,,,,
47301600.0,,,,0.00063903076807037,-0.00976072158664465,9.934107980669182e-10,-0.022755762562155724,2.781550101360608e-09,0.8289862275123596,-8.317643369082361e-05,-0.003062853356823325,0.22383412718772888,0.6020124554634094,,0.00038197277881263375,,,,,,,
47316000.0,,136.4,768.0,,,,,,,,,,,,,,1.0,61.0,15.0,2.0,24.0,4.0
47376000.0,,105.80000000000001,1371.0,,,,,,,,,,,,,,-1.0,58.0,16.0,4.0,39.0,3.0
47409600.0,,,,,,,,,,,,,,,,1620.8286156001448,,,,,,
47438400.0,,135.4,980.0,,,,,,,,,,,,,,1.0,64.0,19.0,2.0,20.0,3.0
47534400.0,,164.4,975.0,,,,,,,,,,,,,,1.0,65.0,17.0,2.0,42.0,5.0
47589600.0,,104.60000000000001,1105.0,,,,,,,,,,,,,,-1.0,64.0,18.0,3.0,26.0,4.0
47736000.0,,,,,,,,,,,,,,,,1621.3593534608442,,,,,,
47750400.0,,,,0.0008546690223738551,-0.02026846632361412,-3.1789144649962964e-09,-0.057171378284692764,2.781550101360608e-09,1.0071983337402344,-3.0331128073157743e-05,6.0660444432869554e-05,0.22016307711601257,0.787074089050293,,0.00038163624179022703,,,,,,,
47793600.0,,83.2,462.0,,,,,,,,,,,,,,1.0,33.0,10.0,1.0,16.0,1.0
47875200.0,,149.2,1286.0,,,,,,,,,,,,,,1.0,58.0,20.0,1.0,35.0,4.0
47913600.0,,,,,,,,,,,,,,,,1621.3500076915298,,,,,,
47997600.0,,,,,,,,,,,,,,,,1621.3207495144077,,,,,,
48247200.0,,,,,,,,,,,,,,,,1621.548281379274,,,,,,
48336000.0,,158.4,877.0,,,,,,,,,,,,,,1.0,63.0,18.0,2.0,37.0,5.0
48384000.0,,168.2,1671.0,,,,,,,,,,,,,,-1.0,96.0,30.0,1.0,26.0,9.0
48410400.0,,87.2,1373.0,,,,,,,,,,,,,,-1.0,60.0,22.0,1.0,9.0,4.0
48453600.0,,,,,,,,,,,,,,,,1621.8165550223734,,,,,,
48523200.0,,174.2,2015.0,,,,,,,,,,,,,,-1.0,100.0,29.0,1.0,25.0,10.0
48549600.0,,,,,,,,,,,,,,,,1621.8242790246604,,,,,,
48657600.0,,,,0.0008178941789083183,0.007365847006440163,5.9604643443123e-10,0.014341164380311966,-1.19209286886246e-09,1.0186444520950317,-5.494125434779562e-05,-0.0625075027346611,0.24436812102794647,0.7117221355438232,,0.00038094709787603277,,,,,,,
48760800.0,,114.4,1374.0,,,,,,,,,,,,,,-1.0,79.0,20.0,2.0,11.0,6.0
48784800.0,,,,,,,,,,,,,,,,1621.916056709642,,,,,,
48799200.0,,,,,,,,,,,,,,,,1621.9227615137354,,,,,,
48842400.0,,,,,,,,,,,,,,,,1621.9820729933367,,,,,,
48847200.0,,161.60000000000002,1122.0,,,,,,,,,,,,,,1.0,56.0,22.0,3.0,47.0,4.0
48928800.0,,,,0.0006884557660669088,-0.01611228659749031,-1.1920929132713809e-08,-0.03354737162590027,-2.1855036891338386e-08,1.1217968463897705,0.00010209857282461599,-0.04074069485068321,0.3634958565235138,0.7176693677902222,,0.00038073878652971087,,,,,,,
48962400.0,,,,,,,,,,,,,,,,1622.0854472802596,,,,,,
48969600.0,,169.2,1710.0,,,,,,,,,,,,,,-1.0,98.0,29.0,1.0,26.0,9.0
49036800.0,,66.2,445.0,,,,,,,,,,,,,,1.0,18.0,9.0,1.0,19.0,0.0
49113600.0,,,,,,,,,,,,,,,,1622.3273028327121,,,,,,
49171200.0,,121.4,1226.0,,,,,,,,,,,,,,-1.0,65.0,21.0,2.0,43.0,3.0
49300800.0,,151.2,1557.0,,,,,,,,,,,,,,-1.0,94.0,27.0,1.0,14.0,9.0
49320000.0,,,,,,,,,,,,,,,,1622.7432765514957,,,,,,
49411200.0,,,,0.0006962899933569133,-0.030417950823903084,-1.41064333547547e-08,0.008043154142796993,-1.1126200405442432e-08,1.3072052001953125,-8.817671914584935e-05,-0.03193545714020729,0.26149696111679077,1.0136914253234863,,0.0003803656454700917,,,,,,,
49473600.0,,217.2,1919.0,,,,,,,,,,,,,,-1.0,99.0,30.0,1.0,72.0,9.0
49629600.0,,106.80000000000001,1150.0,,,,,,,,,,,,,,-1.0,82.0,22.0,4.0,6.0,4.0
49634400.0,,,,0.0009219509665854275,-0.03601004555821419,0.0,-0.06598836928606033,-5.563100202721216e-09,0.9985705614089966,0.00010547464626142755,-0.029411109164357185,0.2480890452861786,0.7211850881576538,,0.0003801918717831349,,,,,,,
49636800.0,,157.6,975.0,,,,,,,,,,,,,,1.0,69.0,19.0,3.0,33.0,4.0
49680000.0,,161.4,1715.0,,,,,,,,,,,,,,-1.0,100.0,29.0,2.0,20.0,8.0
49701600.0,,166.2,1920.0,,,,,,,,,,,,,,-1.0,82.0,26.0,1.0,50.0,7.0
49730400.0,,167.2,1099.0,,,,,,,,,,,,,,1.0,75.0,21.0,1.0,23.0,7.0
49740000.0,,126.60000000000002,1313.0,,,,,,,,,,,,,,-1.0,75.0,26.0,3.0,41.0,1.0
49783200.0,,,,0.0007959772483445704,-0.05972019210457802,-3.973643192267673e-09,-0.0898805633187294,1.5894572324981482e-09,1.2813106775283813,-7.19939052942209e-05,0.008457161486148834,0.3987542986869812,0.8909496068954468,,0.0003800756274544676,,,,,,,
49908000.0,,153.4,870.0,,,,,,,,,,,,,,1.0,67.0,16.0,2.0,30.0,5.0
50092800.0,,,,,,,,,,,,,,,,1618.365590075842,,,,,,
50133600.0,,,,0.0006946099456399679,0.020804861560463905,-1.41064333547547e-08,0.04852261021733284,-9.53674295089968e-09,0.8370431661605835,-4.8013571358751506e-05,-0.03236440196633339,0.22704793512821198,0.5775898098945618,,0.00037980064375363283,,,,,,,
50244000.0,,,,0.0009332251502200961,-0.0512530580163002,-5.165735839085528e-09,-0.03970709443092346,-3.1789144649962964e-09,1.7044250965118408,-1.149825607171806e-06,-0.054791808128356934,0.3506293296813965,1.2990120649337769,,0.00037971364281377134,,,,,,,
50443200.0,,134.6,1533.0,,,,,,,,,,,,,,-1.0,95.0,29.0,3.0,10.0,5.0
50568000.0,,123.4,1485.0,,,,,,,,,,,,,,-1.0,82.0,22.0,2.0,11.0,7.0
50575200.0,,219.4,1300.0,,,,,,,,,,,,,,1.0,86.0,23.0,2.0,62.0,7.0
50616000.0,,78.2,530.0,,,,,,,,,,,,,,1.0,28.0,10.0,1.0,16.0,1.0
50724000.0,,,,,,,,,,,,,,,,1619.070051271837,,,,,,
50772000.0,,,,,,,,,,,,,,,,1619.1103920230378,,,,,,
50793600.0,,,,,,,,,,,,,,,,1619.1605871870847,,,,,,
50877600.0,,150.4,896.0,,,,,,,,,,,,,,1.0,69.0,16.0,2.0,25.0,5.0
50882400.0,,,,0.0008018009830266237,-0.027209829539060593,-6.357828929992593e-09,-0.005532499868422747,-2.38418573772492e-09,0.9765946269035339,2.2477050151792355e-05,-0.05961061641573906,0.24514341354370117,0.6718711256980896,,0.0003792071541294775,,,,,,,
50990400.0,,105.4,1269.0,,,,,,,,,,,,,,-1.0,77.0,23.0,2.0,5.0,5.0
51108000.0,,88.4,1151.0,,,,,,,,,,,,,,-1.0,64.0,19.0,2.0,5.0,5.0
51148800.0,,,,,,,,,,,,,,0.2647753059864044,,,,,,,,
51163200.0,,,,0.0008719157194718719,-0.04844063147902489,1.1126200405442432e-08,-0.07305000722408295,-7.947286162490741e-10,1.6978724002838135,-2.2360043658409268e-05,0.014405366964638233,0.5115058422088623,1.2007582187652588,,0.00037898254532190757,,,,,,,
51180000.0,,35.2,1011.0,,,,,,,,,,,,,,-1.0,35.0,16.0,1.0,4.0,0.0
51256800.0,,,,,,,,,,,,,,,,1619.630378966081,,,,,,
51276000.0,,,,,,,,,,,,,,,,1619.6697736067317,,,,,,
51278400.0,,126.4,1373.0,,,,,,,,,,,,,,-1.0,82.0,23.0,2.0,17.0,6.0
51508800.0,,123.2,693.0,,,,,,,,,,,,,,1.0,50.0,14.0,1.0,23.0,4.0
51532800.0,,128.4,757.0,,,,,,,,,,,,,,1.0,55.0,13.0,2.0,24.0,4.0
51578400.0,,,,0.0010477622272446752,-0.054865818470716476,4.371007555903361e-09,-0.06666550785303116,-1.7682712183386684e-08,1.022922396659851,0.0001506777189206332,-0.05696981027722359,0.2337830662727356,0.7323307394981384,,0.0003786483882799088,,,,,,,
51633600.0,,152.4,975.0,,,,,,,,,,,,,,1.0,57.0,19.0,2.0,40.0,4.0
51684000.0,,,,,,,,,,,,,,,,1620.1327291203995,,,,,,
51717600.0,,,,,,,,,,,,,,,,1620.1500966420008,,,,,,
51820800.0,,,,0.001004331628791988,-0.013211079873144627,-9.934107980669182e-10,-0.034318119287490845,3.9736430812453705e-10,1.0061029195785522,-0.0001170778414234519,-0.03650270029902458,0.21233370900154114,0.7571594715118408,,0.0003784521775580789,,,,,,,
51873600.0,,106.4,1398.0,,,,,,,,,,,,,,-1.0,75.0,20.0,2.0,7.0,6.0
51919200.0,,132.4,1045.0,,,,,,,,,,,,,,1.0,59.0,16.0,2.0,25.0,3.0
51931200.0,,,,,,,,,,,,,,,,1620.3953639700821,,,,,,
51976800.0,,,,0.0010344319744035602,0.04428444802761078,3.1789144649962964e-09,0.07496035099029541,6.755193293628281e-09,0.8793380856513977,0.00024529601796530187,-0.07398106902837753,0.2203875035047531,0.5852251648902893,,0.0003783254655153522,,,,,,,
51996000.0,,93.2,1188.0,,,,,,,,,,,,,,-1.0,66.0,21.0,1.0,6.0,5.0
52094400.0,,136.0,1324.0,,,,,,,,,,,,,,-1.0,73.0,20.0,5.0,38.0,6.0
52183200.0,,76.4,1245.0,,,,,,,,,,,,,,-1.0,61.0,19.0,2.0,4.0,3.0
52243200.0,,,,0.0009994227439165115,0.0020072446204721928,3.973643192267673e-09,0.033224426209926605,-1.8278758062706402e-08,0.8410335779190063,0.00010099229984916747,0.02001936174929142,0.1977853924036026,0.6633785963058472,,0.00037810828875126367,,,,,,,
52332000.0,,,,0.0009432955412194133,-0.04276001825928688,1.5099843153620895e-08,-0.006834020838141441,9.53674295089968e-09,0.7785413861274719,-5.0494847528170794e-05,-0.038169845938682556,0.16557440161705017,0.5747560262680054,,0.00037803567485351214,,,,,,,
52377600.0,,,,0.0011903141858056188,0.009418459609150887,-7.947286162490741e-10,0.03261839225888252,-9.139379031353201e-09,1.2906990051269531,-1.8229626221000217e-05,-0.005441122222691774,0.3266582787036896,0.9585933685302734,,0.0003779983436066448,,,,,,,
52404000.0,,83.2,533.0,,,,,,,,,,,,,,1.0,32.0,11.0,1.0,16.0,1.0
52449600.0,,152.2,948.0,,,,,,,,,,,,,,1.0,64.0,19.0,1.0,29.0,5.0
52701600.0,,,,,,,,,,,,,,,,1621.408250708903,,,,,,
52764000.0,,,,,,,,,,,,,,,,1621.500649542483,,,,,,
52785600.0,,,,0.0012659436324611306,0.01207811664789915,2.38418573772492e-09,-0.010247224010527134,-5.9604645663569045e-09,1.0680522918701172,-4.796698340214789e-05,-0.004602029919624329,0.30569398403167725,0.757720947265625,,0.00037766302932567094,,,,,,,
52833600.0,,,,0.001092627178877592,-0.014295541681349277,-9.53674295089968e-09,-0.020036179572343826,-9.53674295089968e-09,1.2340084314346313,-6.462817691499367e-05,-0.040182940661907196,0.3657534718513489,0.8280184268951416,,0.0003776234272541644,,,,,,,
52912800.0,,,,,,,,,,,,,,,,1621.7754996899318,,,,,,
52922400.0,,237.2,1570.0,,,,,,,,,,,,,,1.0,96.0,30.0,1.0,59.0,8.0
52924800.0,,118.99999999999994,1412.0,,,,,,,,,,,,,,-1.0,80.0,24.0,5.0,10.0,6.0
53018400.0,,118.4,815.0,,,,,,,,,,,,,,1.0,58.0,15.0,2.0,13.0,3.0
53212800.0,,,,,,,,,,,,,,,,1622.3175761438135,,,,,,
53280000.0,,,,0.0012148373061791062,-0.03501227870583534,-5.9604643443123e-10,-0.01192768570035696,-1.9868215961338365e-09,0.9574028849601746,-3.1501065677730367e-05,-0.002323840046301484,0.26023828983306885,0.6948214173316956,,0.0003772535849163436,,,,,,,
53284800.0,,99.2,615.0,,,,,,,,,,,,,,1.0,40.0,13.0,1.0,22.0,1.0
53349600.0,,106.4,685.0,,,,,,,,,,,,,,1.0,49.0,14.0,2.0,19.0,1.0
53404800.0,,,,0.0011197538115084171,-0.044064342975616455,-7.748604424762107e-09,-0.03377137705683708,-1.4702479234074417e-08,1.0699975490570068,-0.0001130915989051573,-0.020255012437701225,0.22751516103744507,0.8221254944801331,,0.0003771496903925576,,,,,,,
53532000.0,,136.2,1570.0,,,,,,,,,,,,,,-1.0,87.0,27.0,1.0,10.0,8.0
53589600.0,,,,0.0010314679238945246,0.012594018131494522,6.357828929992593e-09,0.011053158901631832,-3.5762788286319847e-09,0.9723266363143921,-9.146396041614935e-05,0.010593065991997719,0.2295474261045456,0.753291130065918,,0.00037699544774793024,,,,,,,
53661600.0,,111.4,1590.0,,,,,,,,,,,,,,-1.0,59.0,25.0,2.0,47.0,0.0
53745600.0,,,,,,,,,,,,,,,,1622.939896183665,,,,,,
53916000.0,,115.2,694.0,,,,,,,,,,,,,,1.0,48.0,14.0,1.0,21.0,3.0
53937600.0,,168.4,1276.0,,,,,,,,,,,,,,1.0,61.0,22.0,2.0,49.0,4.0
54220800.0,,,,0.0008247813675552607,-0.052665602415800095,7.947286162490741e-10,-0.053650639951229095,4.76837147544984e-09,1.1564966440200806,-0.0001367157674394548,0.025799833238124847,0.3470999598503113,0.8350680470466614,,0.0003764650359838123,,,,,,,
54316800.0,,,,0.0005389759317040443,-0.04435332119464874,0.0,-0.052073247730731964,-9.139379031353201e-09,0.832359254360199,3.823677161562955e-06,-0.047013211995363235,0.156708762049675,0.6286464333534241,,0.00037638388033144586,,,,,,,
54403200.0,,,,0.0007983970572240651,-0.036193571984767914,-1.8278758062706402e-08,-0.031147398054599762,5.563100202721216e-09,1.1180593967437744,-0.00014465910498984158,-0.009542865678668022,0.3037750720977783,0.8046048283576965,,0.00037631073103321837,,,,,,,
54420000.0,,,,0.0006753646302968264,0.004171363543719053,-9.934107980669182e-10,0.01853758469223976,-1.2715657859985185e-08,0.7954638004302979,-0.00017325130465906113,0.011584763415157795,0.2738928198814392,0.5329892039299011,,0.0003762964955490881,,,,,,,
54559200.0,,,,0.0008763892110437155,-0.045674510300159454,-1.8278758062706402e-08,-0.023160813376307487,-8.344650304081824e-09,1.1900986433029175,7.500752690248191e-05,-0.036316148936748505,0.26446694135665894,0.8893994092941284,,0.00037617839405872745,,,,,,,
54667200.0,,,,0.0008709260728210211,-0.00417100777849555,-3.9736430812453705e-10,0.06186430901288986,1.1126200405442432e-08,0.8637033700942993,-3.273241873102961e-06,-0.06800983846187592,0.20090967416763306,0.5947892665863037,,0.0003760865788716948,,,,,,,
54969600.0,,162.60000000000002,1761.0,,,,,,,,,,,,,,-1.0,100.0,29.0,3.0,25.0,7.0
55089600.0,,,,,,,,,,,,,,,,1620.138479573096,,,,,,
55096800.0,,,,,,,,,,,,,,,,1620.1536226349667,,,,,,
55140000.0,,110.80000000000001,1287.0,,,,,,,,,,,,,,-1.0,75.0,19.0,4.0,12.0,6.0
55209600.0,,,,,,,,,,,,,,,,1620.3221391438126,,,,,,
55212000.0,,110.60000000000002,1366.0,,,,,,,,,,,,,,-1.0,76.0,20.0,3.0,6.0,7.0
55252800.0,,,,0.0010324795730412006,-0.001205233857035637,3.973643192267673e-09,0.0425250306725502,-4.371007555903361e-09,1.034499168395996,0.00013145730190444738,0.018465103581547737,0.284793496131897,0.7683125734329224,,0.0003755859314893774,,,,,,,
55279200.0,,,,,,,,,,,,,,,,1620.4359228609947,,,,,,
55449600.0,,,,,,,,,,,,,,,,1620.6813922389551,,,,,,
55478400.0,,145.2,825.0,,,,,,,,,,,,,,1.0,59.0,16.0,1.0,30.0,5.0
55598400.0,,,,,,,,,,,,,,,,1620.8275031176017,,,,,,
55708800.0,,,,0.000958901597186923,-0.051459528505802155,-3.5762788286319847e-09,-0.06329554319381714,-1.5497208849524213e-08,1.207828402519226,-7.875673327362165e-05,-0.06830762326717377,0.2684193551540375,0.8710321187973022,,0.00037519281151019216,,,,,,,
55785600.0,,86.4,1239.0,,,,,,,,,,,,,,-1.0,67.0,21.0,2.0,6.0,3.0
55840800.0,,117.4,660.0,,,,,,,,,,,,,,1.0,51.0,13.0,2.0,21.0,3.0
55898400.0,,142.4,1651.0,,,,,,,,,,,,,,-1.0,95.0,27.0,2.0,16.0,6.0
56011200.0,,,,0.0007705364841967821,-0.05263305827975273,-7.152557657263969e-09,-0.0693863108754158,5.165735839085528e-09,0.8613249063491821,-3.551843110471964e-05,0.03841855004429817,0.19398730993270874,0.70572829246521,,0.0003749305360403899,,,,,,,
56059200.0,,115.2,710.0,,,,,,,,,,,,,,1.0,53.0,16.0,1.0,26.0,0.0
56140800.0,,139.4,927.0,,,,,,,,,,,,,,1.0,67.0,18.0,2.0,18.0,4.0
56222400.0,,119.6,715.0,,,,,,,,,,,,,,1.0,54.0,14.0,3.0,23.0,2.0
56356800.0,,155.2,999.0,,,,,,,,,,,,,,1.0,60.0,19.0,1.0,36.0,5.0
56359200.0,,141.4,883.0,,,,,,,,,,,,,,1.0,64.0,16.0,2.0,25.0,4.0
56373600.0,,,,0.0006979021127335727,-0.047456201165914536,-2.781550101360608e-09,-0.017092088237404823,-1.5894572324981482e-09,0.8906338810920715,-5.541900827665813e-05,-0.007813825272023678,0.2541518211364746,0.6286197900772095,,0.0003746145716721507,,,,,,,
56467200.0,,,,,,,,,,,,,,,,1621.875068593965,,,,,,
56517600.0,,146.4,906.0,,,,,,,,,,,,,,1.0,66.0,18.0,2.0,26.0,4.0
56539200.0,,112.4,644.0,,,,,,,,,,,,,,1.0,48.0,13.0,2.0,23.0,2.0
56563200.0,,,,0.0008436684729531407,-0.038000185042619705,1.1126200405442432e-08,-0.032710134983062744,1.0530154526122715e-08,0.8346655964851379,5.673318446497433e-05,-0.04741398245096207,0.2135130614042282,0.573803722858429,,0.0003744485504112226,,,,,,,
56589600.0,,,,0.0009336931980215013,0.02803744748234749,2.38418573772492e-09,0.07870256155729294,-7.947286384535346e-09,0.8776944875717163,4.699289274867624e-05,-0.022936198860406876,0.19791394472122192,0.6569007039070129,,0.0003744253946006727,,,,,,,
56649600.0,,96.4,1386.0,,,,,,,,,,,,,,-1.0,75.0,24.0,2.0,13.0,1.0
56731200.0,,,,,,,,,,,,,,,,1622.109687204747,,,,,,
56824800.0,,,,,,,,,,,,,,,,1622.173638444047,,,,,,
56836800.0,,,,0.0011735409498214722,-0.023403581231832504,-1.5894572324981482e-09,0.02866058424115181,2.582867919542764e-09,1.7078553438186646,-1.012448592518922e-05,-0.01268862932920456,0.48102205991744995,1.2141462564468384,,0.0003742081108259738,,,,,,,
56889600.0,,,,,,,,,,,,,,,,1622.2161454683012,,,,,,
56920800.0,,,,0.0008340693893842399,-0.07367967814207077,9.139379031353201e-09,-0.08715939521789551,-1.0530154526122715e-08,0.9984758496284485,4.173506749793887e-05,-0.040744658559560776,0.19280248880386353,0.7649787664413452,,0.0003741340869878284,,,,,,,
56973600.0,,173.19999999999993,2295.0,,,,,,,,,,,,,,-1.0,99.0,34.0,11.0,50.0,2.0
57028800.0,,141.2,1614.0,,,,,,,,,,,,,,-1.0,86.0,27.0,1.0,16.0,8.0
57033600.0,,102.60000000000001,1267.0,,,,,,,,,,,,,,-1.0,76.0,24.0,3.0,6.0,4.0
57052800.0,,,,,,,,,,,,,,,,1622.3952502885793,,,,,,
57062400.0,,,,,,,,,,,,,,,,1622.4020392707744,,,,,,
57084000.0,,,,0.0008160616853274405,-0.024897614493966103,-5.9604645663569045e-09,-0.019127286970615387,-6.357828929992593e-09,0.9421544075012207,-8.124647865770385e-05,0.009930956177413464,0.2542756199836731,0.6977366805076599,,0.00037398999470530215,,,,,,,
57187200.0,,99.2,597.0,,,,,,,,,,,,,,1.0,38.0,12.0,1.0,21.0,2.0
57208800.0,,,,0.0009160956251434982,-0.09131059795618057,-6.755193293628281e-09,-0.07750019431114197,2.38418573772492e-09,1.5526835918426514,-9.268286521546543e-05,0.0026350959669798613,0.34477776288986206,1.210457444190979,,0.00037387956211215595,,,,,,,
57242400.0,,118.2,670.0,,,,,,,,,,,,,,1.0,49.0,14.0,1.0,23.0,3.0
57264000.0,,118.19999999999999,1066.0,,,,,,,,,,,,,,-1.0,70.0,19.0,6.0,32.0,4.0
57273600.0,,105.4,604.0,,,,,,,,,,,,,,1.0,48.0,12.0,2.0,17.0,2.0
57343200.0,,103.4,1336.0,,,,,,,,,,,,,,-1.0,72.0,23.0,2.0,12.0,4.0
57357600.0,,79.2,580.0,,,,,,,,,,,,,,1.0,27.0,12.0,1.0,20.0,0.0
57367200.0,,,,,,,,,,,,,,,,1622.635375678959,,,,,,
57484800.0,,,,0.0009418771369382739,-0.0305210892111063,7.947286162490741e-10,-0.0432058610022068,-1.152356521316733e-08,1.1809096336364746,-0.0001935431791935116,0.005791643634438515,0.343006432056427,0.8435106873512268,,0.0003736345850691302,,,,,,,
57540000.0,,,,0.0008679908933117986,-0.03888486325740814,3.973643192267673e-09,-0.04598101228475571,-2.0662943356342112e-08,1.3315045833587646,-1.0150355592486449e-05,-0.014686313457787037,0.3499966263771057,0.9668201208114624,,0.0003735854656592167,,,,,,,
57590400.0,,104.2,586.0,,,,,,,,,,,,,,1.0,42.0,11.0,1.0,19.0,3.0
57715200.0,,,,0.0008247491787187755,-0.06086481735110283,5.9604645663569045e-09,-0.053401414304971695,2.0662943356342112e-08,1.327709436416626,-0.00011980783165199682,-0.010341120883822441,0.3091745972633362,1.0080821514129639,,0.0003734292914683415,,,,,,,
57856800.0,,174.2,1213.0,,,,,,,,,,,,,,1.0,66.0,23.0,1.0,49.0,4.0
57892800.0,,109.2,610.0,,,,,,,,,,,,,,1.0,46.0,13.0,1.0,18.0,3.0
57919200.0,,,,0.0007465506787411869,-0.049367506057024,-6.755193293628281e-09,-0.050329845398664474,1.5894572324981482e-09,1.382070541381836,-0.00010435549484100193,0.015369215048849583,0.33884963393211365,1.0584932565689087,,0.00037324692131136166,,,,,,,
58092000.0,,136.2,738.0,,,,,,,,,,,,,,1.0,58.0,15.0,1.0,27.0,4.0
58142400.0,,103.2,573.0,,,,,,,,,,,,,,1.0,46.0,12.0,1.0,17.0,2.0
58440000.0,,152.2,873.0,,,,,,,,,,,,,,1.0,64.0,18.0,1.0,30.0,5.0
58488000.0,,80.20000000000002,1506.0,,,,,,,,,,,,,,-1.0,59.0,18.0,6.0,18.0,1.0
58504800.0,,207.2,1528.0,,,,,,,,,,,,,,1.0,78.0,29.0,1.0,64.0,4.0
58704000.0,,109.2,712.0,,,,,,,,,,,,,,1.0,43.0,15.0,1.0,23.0,2.0
58713600.0,,,,,,,,,,,,,,0.2852722108364105,,,,,,,,
58752000.0,,,,,,,,,,,,,,,,1624.3890547287697,,,,,,
58780800.0,,,,,,,,,,,,,,,,1624.4194937692007,,,,,,
58852800.0,,76.00000000000001,1092.0,,,,,,,,,,,,,,-1.0,57.0,18.0,5.0,12.0,2.0
58886400.0,,,,0.0007089438149705529,-0.02338610775768757,4.967053990334591e-10,-0.06143133342266083,-3.9736430812453705e-10,1.3609600067138672,2.190929080825299e-05,-0.03741312026977539,0.3793945014476776,0.9441813230514526,,0.0003723746313197661,,,,,,,
59011200.0,,107.4,605.0,,,,,,,,,,,,,,1.0,47.0,12.0,2.0,20.0,2.0
59023200.0,,118.2,672.0,,,,,,,,,,,,,,1.0,50.0,14.0,1.0,22.0,3.0
59078400.0,,,,0.0006561510381288826,-0.004705636762082577,8.742015111806722e-09,-0.0003873780369758606,8.543332263855064e-09,0.869962215423584,-0.0001671451609581709,-0.019772695377469063,0.2188173532485962,0.6312115788459778,,0.00037219997575530764,,,,,,,
59124000.0,,134.4,785.0,,,,,,,,,,,,,,1.0,60.0,15.0,2.0,23.0,4.0
59152800.0,,154.4,825.0,,,,,,,,,,,,,,1.0,68.0,15.0,2.0,31.0,5.0
59368800.0,,134.8,1249.0,,,,,,,,,,,,,,-1.0,73.0,22.0,4.0,47.0,3.0
59469600.0,,141.59999999999997,1614.0,,,,,,,,,,,,,,-1.0,95.0,31.0,3.0,11.0,6.0
59534400.0,,200.0,1346.0,,,,,,,,,,,,,,1.0,78.0,25.0,5.0,60.0,4.0
59534400.0,,,,,,,,,,,,,,,,1625.4057424729842,,,,,,
59539200.0,,198.60000000000002,1473.0,,,,,,,,,,,,,,1.0,85.0,28.0,3.0,41.0,6.0
59601600.0,,128.2,742.0,,,,,,,,,,,,,,1.0,56.0,15.0,1.0,21.0,4.0
59695200.0,,,,,,,,,,,,,,,,1625.4961492297325,,,,,,
59721600.0,,102.4,726.0,,,,,,,,,,,,,,1.0,47.0,15.0,2.0,20.0,0.0
59721600.0,,,,,,,,,,,,,,,,1625.526824206572,,,,,,
59724000.0,,,,,,,,,,,,,,,,1625.5315539897956,,,,,,
59752800.0,,159.4,1628.0,,,,,,,,,,,,,,-1.0,98.0,29.0,2.0,24.0,7.0
59896800.0,,,,0.0007402647170238197,-0.015234766528010368,1.19209286886246e-09,-0.01942841336131096,1.0331471678171056e-08,1.5827828645706177,-7.215319783426821e-05,0.002235251013189554,0.5667380690574646,1.0182151794433594,,0.000371449974457015,,,,,,,
59947200.0,,141.6,1416.0,,,,,,,,,,,,,,-1.0,95.0,26.0,3.0,8.0,8.0
59947200.0,,,,,,,,,,,,,,,,1625.8134983193634,,,,,,
60019200.0,,,,0.0005891250912100077,-0.06587699055671692,-3.9736430812453705e-10,-0.08585960417985916,-1.0927518445669193e-08,0.7690983414649963,-3.3384338166797534e-05,0.004741123411804438,0.11807437241077423,0.6557376384735107,,0.0003713370359909498,,,,,,,
60079200.0,,122.4,780.0,,,,,,,,,,,,,,1.0,56.0,16.0,2.0,22.0,2.0
60182400.0,,,,,,,,,,,,,,,,1621.554022471917,,,,,,
60312000.0,,,,,,,,,,,,,,,,1621.7539316780656,,,,,,
60357600.0,,73.2,403.0,,,,,,,,,,,,,,1.0,27.0,9.0,1.0,17.0,0.0
60369600.0,,82.4,1145.0,,,,,,,,,,,,,,-1.0,72.0,24.0,2.0,6.0,0.0
60398400.0,,,,0.0007326589548029006,0.010088440030813217,-1.629193668861717e-08,0.03670854493975639,-1.5099843153620895e-08,1.0547760725021362,7.477532926714048e-05,-0.038648445159196854,0.24064438045024872,0.7755653262138367,,0.0003709858835655439,,,,,,,
60568800.0,,125.4,1392.0,,,,,,,,,,,,,,-1.0,87.0,25.0,2.0,9.0,6.0
60588000.0,,,,,,,,,,,,,,,,1622.0414492124648,,,,,,
60602400.0,,,,,,,,,,,,,,,,1622.0665132733036,,,,,,
60679200.0,,165.4,1580.0,,,,,,,,,,,,,,-1.0,96.0,26.0,2.0,27.0,9.0
60684000.0,,,,0.0007551374728791416,-0.04212886467576027,0.0,-0.028513425961136818,-7.947286162490741e-10,1.0264462232589722,-7.734609243925661e-05,-0.04010126367211342,0.23425504565238953,0.7520200610160828,,0.00037072014816672813,,,,,,,
60720000.0,,,,,,,,,,,,,,,,1622.2010073412227,,,,,,
60746400.0,,,,0.0006764818681403995,-0.02551267109811306,1.19209286886246e-09,-0.01229300256818533,-6.357828929992593e-09,1.279672622680664,-0.00012105581845389679,-0.0033738964702934027,0.37318888306617737,0.9029955267906189,,0.0003706619445114426,,,,,,,
60765600.0,,109.4,1415.0,,,,,,,,,,,,,,-1.0,78.0,24.0,2.0,11.0,4.0
60806400.0,,,,0.0006193812587298453,-0.017054079100489616,-7.152557657263969e-09,0.009116125293076038,-1.5894572324981482e-09,1.5566171407699585,-3.097545413766056e-05,-0.010601455345749855,0.36522167921066284,1.1807693243026733,,0.0003706059308698496,,,,,,,
60818400.0,,78.40000000000002,1066.0,,,,,,,,,,,,,,-1.0,66.0,18.0,7.0,9.0,1.0
60885600.0,,111.4,603.0,,,,,,,,,,,,,,1.0,48.0,12.0,2.0,23.0,2.0
60919200.0,,191.4,1276.0,,,,,,,,,,,,,,1.0,96.0,26.0,2.0,21.0,7.0
60950400.0,,103.4,1184.0,,,,,,,,,,,,,,-1.0,71.0,20.0,2.0,16.0,4.0
61032000.0,,62.2,336.0,,,,,,,,,,,,,,1.0,20.0,7.0,1.0,15.0,0.0
61228800.0,,,,,,,,,,,,,,0.22412097454071045,,,,,,,,
61231200.0,,173.60000000000002,1086.0,,,,,,,,,,,,,,1.0,83.0,21.0,3.0,33.0,4.0
61267200.0,,,,,,,,,,,,,,,,1622.771399982338,,,,,,
61293600.0,,91.2,514.0,,,,,,,,,,,,,,1.0,39.0,11.0,1.0,17.0,1.0
61348800.0,,67.0,362.0,,,,,,,,,,,,,,1.0,24.0,8.0,0.0,15.0,0.0
61377600.0,,102.2,575.0,,,,,,,,,,,,,,1.0,42.0,12.0,1.0,20.0,2.0
61557600.0,,104.2,555.0,,,,,,,,,,,,,,1.0,39.0,11.0,1.0,22.0,3.0
61663200.0,,,,,,,,,,,,,,,,1623.0986062951222,,,,,,
61864800.0,,173.4,1537.0,,,,,,,,,,,,,,-1.0,89.0,28.0,2.0,52.0,6.0
61867200.0,,136.4,1454.0,,,,,,,,,,,,,,-1.0,66.0,19.0,2.0,55.0,4.0
61898400.0,,,,0.0006448914064094424,-0.022591670975089073,2.4835269840650653e-08,0.004821771290153265,9.139379031353201e-09,0.802195131778717,9.722416871227324e-05,0.015848379582166672,0.18962858617305756,0.6285185813903809,,0.00036957818584153174,,,,,,,
61932000.0,,81.4,1380.0,,,,,,,,,,,,,,-1.0,58.0,23.0,2.0,8.0,3.0
62006400.0,,,,0.0006744115380570292,-0.016861766576766968,2.38418573772492e-09,0.010425658896565437,-3.1789144649962964e-09,1.3998677730560303,3.48940520780161e-05,-0.009445986710488796,0.365930438041687,1.0245330333709717,,0.00036947568879053624,,,,,,,
62208000.0,,167.4,956.0,,,,,,,,,,,,,,1.0,68.0,16.0,2.0,39.0,6.0
62282400.0,,,,0.0007225711597129703,-0.061726171523332596,1.9868215517249155e-08,-0.0550721101462841,-3.9736430812453705e-10,0.829612135887146,5.3956546253175475e-06,-0.0543346032500267,0.1884928196668625,0.586797297000885,,0.00036921305789200257,,,,,,,
62304000.0,,,,,,,,,,,,,,,,1623.6394824792878,,,,,,
62308800.0,,118.19999999999999,1361.0,,,,,,,,,,,,,,-1.0,80.0,23.0,1.0,7.0,7.0
62344800.0,,157.2,990.0,,,,,,,,,,,,,,1.0,70.0,20.0,1.0,23.0,6.0
62383200.0,,,,0.0006451684166677296,0.009078158996999264,-8.742015111806722e-09,0.019709352403879166,-9.735425798851338e-09,0.6554799675941467,-2.1769852537545376e-05,-0.03396962583065033,0.18875840306282043,0.4327365756034851,,0.00036911689213554703,,,,,,,
62395200.0,,77.80000000000001,1107.0,,,,,,,,,,,,,,-1.0,66.0,19.0,4.0,12.0,0.0
62400000.0,,186.4,1052.0,,,,,,,,,,,,,,1.0,80.0,21.0,2.0,41.0,6.0
62409600.0,,106.60000000000001,1233.0,,,,,,,,,,,,,,-1.0,80.0,21.0,3.0,9.0,4.0
62505600.0,,,,,,,,,,,,,,,,1623.9091632823197,,,,,,
62616000.0,,45.60000000000001,935.0,,,,,,,,,,,,,,-1.0,35.0,10.0,3.0,16.0,1.0
62616000.0,,,,,,,,,,,,,,,,1624.0098233101376,,,,,,
62628000.0,,141.60000000000002,855.0,,,,,,,,,,,,,,1.0,65.0,16.0,3.0,24.0,4.0
62685600.0,,166.4,905.0,,,,,,,,,,,,,,1.0,67.0,18.0,2.0,41.0,5.0
62692800.0,,103.4,572.0,,,,,,,,,,,,,,1.0,46.0,11.0,2.0,18.0,2.0
62827200.0,,130.4,728.0,,,,,,,,,,,,,,1.0,58.0,14.0,2.0,22.0,4.0
62884800.0,,139.2,794.0,,,,,,,,,,,,,,1.0,58.0,16.0,1.0,29.0,4.0
62935200.0,,,,,,,,,,,,,,,,1624.1999205524942,,,,,,
63057600.0,,,,0.0005769501440227032,-0.022429272532463074,-1.4702479234074417e-08,-0.022846773266792297,-5.9604643443123e-10,0.6467517614364624,4.0965445805341005e-05,-0.050756387412548065,0.17711560428142548,0.41892650723457336,,0.00036847008813871874,,,,,,,
63122400.0,,79.2,457.0,,,,,,,,,,,,,,1.0,33.0,10.0,1.0,16.0,0.0
63153600.0,,,,,,,,,,,,,,,,1624.4652464428536,,,,,,
63432000.0,,,,,,,,,,,,,,,,1624.8611695492923,,,,,,
63436800.0,,74.2,439.0,,,,,,,,,,,,,,1.0,30.0,9.0,1.0,15.0,0.0
63549600.0,,,,0.0005982519360259175,-0.05150455981492996,-1.0530154526122715e-08,-0.03773534297943115,2.1855037779516806e-09,1.1047614812850952,-0.0001023038785206154,-0.013221550732851028,0.2969447374343872,0.7944988012313843,,0.0003679944908580696,,,,,,,
63609600.0,,,,,,,,,,,,,,0.30402734875679016,,,,,,,,
63633600.0,,159.4,1723.0,,,,,,,,,,,,,,-1.0,99.0,26.0,2.0,18.0,9.0
63669600.0,,147.4,1487.0,,,,,,,,,,,,,,-1.0,95.0,26.0,2.0,18.0,7.0
63672000.0,,122.4,1400.0,,,,,,,,,,,,,,-1.0,83.0,24.0,2.0,7.0,7.0
63715200.0,,,,,,,,,,,,,,,,1625.1556493985179,,,,,,
63765600.0,,,,,,,,,,,,,,,,1625.2301657916867,,,,,,
63768000.0,,60.2,338.0,,,,,,,,,,,,,,1.0,19.0,6.0,1.0,15.0,0.0
63892800.0,,112.4,702.0,,,,,,,,,,,,,,1.0,50.0,14.0,2.0,20.0,2.0
63909600.0,,161.4,2266.0,,,,,,,,,,,,,,-1.0,101.0,33.0,2.0,23.0,6.0
63972000.0,,100.4,1115.0,,,,,,,,,,,,,,-1.0,68.0,20.0,2.0,12.0,5.0
63976800.0,,,,,,,,,,,,,,,,1625.5185969453382,,,,,,
64017600.0,,86.2,460.0,,,,,,,,,,,,,,1.0,34.0,10.0,1.0,22.0,0.0
64029600.0,,120.4,1446.0,,,,,,,,,,,,,,-1.0,84.0,24.0,2.0,8.0,6.0
64039200.0,,,,,,,,,,,,,,,,1625.6492938362069,,,,,,
64056000.0,,,,0.0005779749481007457,-0.027586372569203377,-2.1855037779516806e-09,-0.05257274955511093,-1.668930060816365e-08,1.067612648010254,-1.712654011498671e-05,-0.005995233077555895,0.25427326560020447,0.8073327541351318,,0.0003675017027430843,,,,,,,
64096800.0,,103.4,1070.0,,,,,,,,,,,,,,-1.0,72.0,19.0,2.0,12.0,5.0
64154400.0,,,,0.0005140810972079635,-0.01539598498493433,6.755193293628281e-09,0.00019630909082479775,6.1591469702193535e-09,0.82994145154953,-1.7330132322967984e-05,-0.020399367436766624,0.1682952344417572,0.6412346363067627,,0.0003674055638508689,,,,,,,
64183200.0,,65.4,1040.0,,,,,,,,,,,,,,-1.0,54.0,17.0,2.0,6.0,2.0
64377600.0,,158.4,1387.0,,,,,,,,,,,,,,1.0,76.0,25.0,2.0,25.0,3.0
64428000.0,,,,,,,,,,,,,,,,1626.0464088275858,,,,,,
64471200.0,,,,0.0004800085735041648,0.0050133028998970985,-1.3709068547029801e-08,0.01013009063899517,-1.9868215961338365e-09,1.3662177324295044,-0.00010756485426099971,-0.006585224065929651,0.25565364956855774,1.1038761138916016,,0.00036709519727258375,,,,,,,
64572000.0,,178.2,1769.0,,,,,,,,,,,,,,-1.0,99.0,30.0,1.0,33.0,9.0
64586400.0,,,,0.0006414413219317794,-0.026938188821077347,1.668930060816365e-08,-0.0120167201384902,-1.3510386587256562e-08,1.0498123168945312,-5.040245741838589e-05,0.005718071013689041,0.32866090536117554,0.7268255949020386,,0.0003669820169955542,,,,,,,
64600800.0,,,,0.0007727688644081354,0.00906127318739891,2.582867919542764e-09,-0.005694161169230938,-3.1789144649962964e-09,1.1714023351669312,6.925461639184505e-05,-0.001352687831968069,0.3769773542881012,0.7931493520736694,,0.00036696785748700366,,,,,,,
64653600.0,,121.4,686.0,,,,,,,,,,,,,,1.0,56.0,14.0,2.0,19.0,3.0
64675200.0,,,,0.0006342980777844787,0.014829952269792557,4.371007555903361e-09,0.008613635785877705,-6.95387525340152e-09,2.1240968704223633,7.388235826510936e-05,0.01108092162758112,0.8734492063522339,1.2618091106414795,,0.0003668946576612161,,,,,,,
64766400.0,,137.60000000000002,1378.0,,,,,,,,,,,,,,-1.0,89.0,23.0,3.0,13.0,8.0
64802400.0,,129.4,1388.0,,,,,,,,,,,,,,-1.0,81.0,23.0,2.0,25.0,5.0
64886400.0,,,,,,,,,,,,,,,,1626.5546545098744,,,,,,
64965600.0,,,,,,,,,,,,,,,,1626.6509853026548,,,,,,
65136000.0,,,,0.0009188046678900719,-0.008027026429772377,-8.145968344308585e-09,0.025004612281918526,1.629193668861717e-08,1.3679624795913696,-9.329419845016673e-05,-0.022273769602179527,0.28925323486328125,1.0563513040542603,,0.00036643971201161913,,,,,,,
65138400.0,,,,,,,,,,,,,,,,1622.2747696504985,,,,,,
65241600.0,,121.19999999999999,1875.0,,,,,,,,,,,,,,-1.0,71.0,29.0,1.0,41.0,0.0
65608800.0,,,,,,,,,,,,,,,,1622.820362056898,,,,,,
65707200.0,,168.2,1558.0,,,,,,,,,,,,,,-1.0,99.0,26.0,1.0,19.0,11.0
65745600.0,,134.4,1441.0,,,,,,,,,,,,,,-1.0,88.0,24.0,2.0,14.0,7.0
65748000.0,,,,,,,,,,,,,,,,1622.9934181168348,,,,,,
65752800.0,,,,,,,,,,,,,,,,1623.001750617854,,,,,,
65812800.0,,143.2,726.0,,,,,,,,,,,,,,1.0,59.0,15.0,1.0,33.0,4.0
65918400.0,,78.4,1155.0,,,,,,,,,,,,,,-1.0,56.0,15.0,2.0,23.0,1.0
66060000.0,,99.80000000000001,1200.0,,,,,,,,,,,,,,-1.0,68.0,22.0,4.0,29.0,0.0
66064800.0,,199.4,1242.0,,,,,,,,,,,,,,1.0,80.0,22.0,2.0,53.0,6.0
66141600.0,,,,0.0009876351105049253,-0.006060036364942789,-1.19209286886246e-09,0.005342442076653242,-4.470348535789981e-09,1.1398870944976807,-4.7016979806357995e-05,0.0075333453714847565,0.2506454586982727,0.8967378735542297,,0.00036543748782573963,,,,,,,
66206400.0,,194.4,1167.0,,,,,,,,,,,,,,1.0,78.0,23.0,2.0,53.0,5.0
66259200.0,,214.4,1119.0,,,,,,,,,,,,,,1.0,84.0,21.0,2.0,57.0,8.0
66295200.0,,160.2,2626.0,,,,,,,,,,,,,,-1.0,97.0,33.0,1.0,26.0,6.0
66297600.0,,49.60000000000001,1010.0,,,,,,,,,,,,,,-1.0,38.0,11.0,3.0,16.0,1.0
66300000.0,,,,,,,,,,,,,,,,1623.444235346865,,,,,,
66367200.0,,59.80000000000001,993.0,,,,,,,,,,,,,,-1.0,58.0,17.0,4.0,4.0,0.0
66391200.0,,,,0.000993208261206746,-0.0031715291552245617,6.95387525340152e-09,0.059671975672245026,-3.5762788286319847e-09,1.0325508117675781,3.2169522455660626e-05,-0.0662693977355957,0.2348117083311081,0.7315117120742798,,0.0003651867383688366,,,,,,,
66453600.0,,,,0.000814384373370558,-0.043142396956682205,1.9868215961338365e-09,-0.033597398549318314,-7.947286162490741e-10,0.8688158988952637,-4.621662446879782e-05,0.011363120749592781,0.19951622188091278,0.6806247234344482,,0.00036512392797621423,,,,,,,
66504000.0,,,,0.0006845567841082811,-0.010005207732319832,-2.781550101360608e-09,-0.026051387190818787,-3.1789144649962964e-09,0.8194844722747803,8.352554687007796e-06,-0.004394481889903545,0.1582271307706833,0.6568780541419983,,0.00036507316061738207,,,,,,,
66528000.0,,153.4,1637.0,,,,,,,,,,,,,,-1.0,94.0,26.0,2.0,25.0,7.0
66602400.0,,128.4,767.0,,,,,,,,,,,,,,1.0,58.0,16.0,2.0,22.0,3.0
66736800.0,,174.2,1286.0,,,,,,,,,,,,,,1.0,69.0,26.0,1.0,47.0,3.0
66801600.0,,238.60000000000002,1565.0,,,,,,,,,,,,,,1.0,98.0,31.0,3.0,65.0,6.0
66801600.0,,66.2,342.0,,,,,,,,,,,,,,1.0,24.0,7.0,1.0,15.0,0.0
66801600.0,,,,0.0006196251488290727,-0.05398203805088997,8.543332263855064e-09,-0.018200449645519257,-7.152557657263969e-09,1.471552848815918,-0.0001528580760350451,0.0024734388571232557,0.28617432713508606,1.1877052783966064,,0.0003647727384712325,,,,,,,
66808800.0,,,,,,,,,,,,,,,,1623.6613720732914,,,,,,
66832800.0,,204.4,1181.0,,,,,,,,,,,,,,1.0,89.0,23.0,2.0,44.0,7.0
67003200.0,,,,0.0006697742501273751,-0.06056409329175949,6.357828929992593e-09,-0.06612776964902878,0.0,1.161429524421692,6.428119377233088e-05,-0.050899047404527664,0.16481244564056396,0.9457889199256897,,0.0003645685931851239,,,,,,,
67089600.0,,62.2,407.0,,,,,,,,,,,,,,1.0,19.0,8.0,1.0,15.0,0.0
67099200.0,,,,,,,,,,,,,,,,1623.8084384625342,,,,,,
67113600.0,,,,,,,,,,,,,,,,1623.8084720462457,,,,,,
67156800.0,,151.4,773.0,,,,,,,,,,,,,,1.0,63.0,15.0,2.0,33.0,5.0
67176000.0,,78.2,427.0,,,,,,,,,,,,,,1.0,30.0,9.0,1.0,15.0,1.0
67207200.0,,,,,,,,,,,,,,,,1623.8315824933331,,,,,,
67216800.0,,,,0.0008642812608741224,-0.03971905633807182,-1.887480394202612e-09,-0.04606606438755989,-8.742015111806722e-09,1.4521690607070923,-0.00012216722825542092,0.012950312346220016,0.3012918531894684,1.163714051246643,,0.0003643517392904133,,,,,,,
67272000.0,,,,0.0006741932593286037,-0.007270976901054382,-1.152356521316733e-08,-0.013538582250475883,-1.9868215961338365e-09,1.247677206993103,2.825530646077823e-05,-0.013967221602797508,0.3092414438724518,0.92450350522995,,0.00036429560531935225,,,,,,,
67279200.0,,,,,,,,,,,,,,,,1623.8432429189243,,,,,,
67368000.0,,109.60000000000001,679.0,,,,,,,,,,,,,,1.0,49.0,14.0,3.0,22.0,1.0
67449600.0,,156.60000000000002,1756.0,,,,,,,,,,,,,,-1.0,98.0,27.0,3.0,15.0,9.0
67492800.0,,,,0.0008209433290176094,-0.010831138119101524,2.38418573772492e-09,-0.05804380401968956,3.1789144649962964e-09,1.1786922216415405,-4.9235201004194096e-05,0.001920663402415812,0.3646845519542694,0.8158873319625854,,0.0003640706877094555,,,,,,,
67500000.0,,156.4,1682.0,,,,,,,,,,,,,,-1.0,100.0,29.0,2.0,15.0,8.0
67591200.0,,,,0.0005948152975179255,-0.0666407123208046,1.390775050680304e-09,-0.06269047409296036,-5.165735839085528e-09,1.241239070892334,-7.820421160431579e-05,-0.002967813750728965,0.18587027490139008,1.0523287057876587,,0.00036397025616276746,,,,,,,
67658400.0,,65.2,335.0,,,,,,,,,,,,,,1.0,23.0,7.0,1.0,15.0,0.0
67658400.0,,,,,,,,,,,,,,,,1624.08848516275,,,,,,
67711200.0,,122.4,761.0,,,,,,,,,,,,,,1.0,62.0,18.0,2.0,22.0,0.0
67735200.0,,111.4,1319.0,,,,,,,,,,,,,,-1.0,71.0,21.0,2.0,15.0,6.0
67771200.0,,187.60000000000002,1207.0,,,,,,,,,,,,,,1.0,87.0,23.0,3.0,33.0,6.0
67867200.0,,,,,,,,,,,,,,,,1624.1268169170032,,,,,,
67886400.0,,,,0.0008024451672099531,-0.024293281137943268,1.0331471678171056e-08,-0.02098958007991314,0.0,0.8874793648719788,0.00015717768110334873,-0.018882043659687042,0.18613429367542267,0.6826282739639282,,0.00036366823586038194,,,,,,,
67965600.0,,,,0.0009077118011191487,-0.042817067354917526,0.0,-0.06925274431705475,5.563100202721216e-09,1.1089097261428833,4.620083564077504e-05,0.011706778779625893,0.28225651383399963,0.838415265083313,,0.00036358702109247663,,,,,,,
68088000.0,,,,0.0007278171833604574,-0.06391637772321701,-6.755193293628281e-09,-0.09230238944292068,-4.371007555903361e-09,0.9408625364303589,3.3169369999086484e-05,0.012101883068680763,0.18868763744831085,0.7643172144889832,,0.0003634613536965329,,,,,,,
68119200.0,,142.4,803.0,,,,,,,,,,,,,,1.0,61.0,16.0,2.0,29.0,4.0
68200800.0,,,,,,,,,,,,,,,,1624.3478524169232,,,,,,
68436000.0,,147.4,4000.0,,,,,,,,,,,,,,0.0,84.0,23.0,2.0,16.0,6.0
68472000.0,,,,,,,,,,,,,,,,1624.4725767134673,,,,,,
68630400.0,,,,0.0007293310482054949,-0.06408991664648056,-9.139379031353201e-09,-0.05067431926727295,-1.0331471678171056e-08,1.080161452293396,6.618033512495458e-05,-0.0489913709461689,0.26980704069137573,0.7614365816116333,,0.00036290223420437173,,,,,,,
68690400.0,,139.4,1550.0,,,,,,,,,,,,,,-1.0,91.0,24.0,2.0,12.0,8.0
68709600.0,,,,0.0006399236735887825,-0.0486229807138443,0.0,-0.07874859124422073,-1.2318293940438707e-08,0.9030219912528992,-1.8689073840505444e-05,-0.04058099910616875,0.14876578748226166,0.71366286277771,,0.00036282028766666786,,,,,,,
68724000.0,,168.4,1777.0,,,,,,,,,,,,,,-1.0,99.0,29.0,2.0,20.0,10.0
68815200.0,,,,,,,,,,,,,,,,1624.6952233943896,,,,,,
68942400.0,,,,0.0005506283487193286,-0.028887946158647537,1.9868215406226852e-10,-0.04491283372044563,9.934107758624577e-09,0.9544844031333923,2.9715953132836148e-05,-0.014759385026991367,0.196842759847641,0.7429174780845642,,0.0003625789654055051,,,,,,,
69004800.0,,,,0.000730925181414932,-0.09465359151363373,-3.1789144649962964e-09,-0.0833665132522583,-3.4173329055420254e-08,1.6248791217803955,5.8289046137360856e-05,-0.0060882666148245335,0.3362000584602356,1.2826564311981201,,0.000362514167322036,,,,,,,
69012000.0,,141.2,815.0,,,,,,,,,,,,,,1.0,58.0,16.0,1.0,27.0,5.0
69064800.0,,,,0.0006733512855134904,-0.07365389913320541,-4.76837147544984e-09,-0.05818687006831169,-3.5762788286319847e-09,1.8953287601470947,4.905286550638266e-05,-0.007738806772977114,0.46020087599754333,1.4274448156356812,,0.0003624518161650242,,,,,,,
69112800.0,,186.4,1359.0,,,,,,,,,,,,,,1.0,94.0,25.0,2.0,19.0,7.0
69115200.0,,,,,,,,,,,,,,,,1624.925411625792,,,,,,
69170400.0,,,,0.0006945176282897592,-0.020849013701081276,-8.742015111806722e-09,-0.03160059452056885,1.19209286886246e-09,0.8260802030563354,7.933543383842334e-05,-0.03051888197660446,0.18982835114002228,0.6058192849159241,,0.0003623419703192157,,,,,,,
69256800.0,,,,,,,,,,,,,,,,1624.9736736143714,,,,,,
69300000.0,,208.4,1449.0,,,,,,,,,,,,,,1.0,92.0,27.0,2.0,45.0,6.0
69415200.0,,182.2,2110.0,,,,,,,,,,,,,,-1.0,100.0,28.0,1.0,30.0,11.0
69624000.0,,126.4,723.0,,,,,,,,,,,,,,1.0,55.0,15.0,2.0,24.0,3.0
69643200.0,,,,0.0005583284073509276,-0.02280760370194912,9.934107980669182e-10,0.004966819193214178,3.3775966468141405e-09,0.8959879875183105,-3.592698703869246e-05,-0.002660035155713558,0.26237428188323975,0.630923330783844,,0.0003618484779071653,,,,,,,
69650400.0,,128.2,744.0,,,,,,,,,,,,,,1.0,53.0,15.0,1.0,20.0,5.0
69657600.0,,118.2,668.0,,,,,,,,,,,,,,1.0,49.0,14.0,1.0,23.0,3.0
69700800.0,,,,0.0005366108380258083,-0.01844002492725849,-3.5762788286319847e-09,-0.061758365482091904,-2.38418573772492e-09,0.7768682837486267,-2.0549177861539647e-05,-0.007254261989146471,0.1673589050769806,0.6022399067878723,,0.00036178816939907787,,,,,,,
69736800.0,,,,,,,,,,,,,,,,1625.3016977173697,,,,,,
69888000.0,,109.2,588.0,,,,,,,,,,,,,,1.0,44.0,12.0,1.0,21.0,3.0
69974400.0,,,,0.0005811434239149094,-0.06055857613682747,8.742015111806722e-09,-0.047432441264390945,3.9736430812453705e-10,1.2596025466918945,4.754354085889645e-05,0.008316529914736748,0.21572019159793854,1.0522522926330566,,0.00036150114893044563,,,,,,,
70015200.0,,,,,,,,,,,,,,,,1621.5094101173045,,,,,,
70070400.0,,,,,,,,,,,,,,,,1621.5623962198001,,,,,,
70123200.0,,153.4,938.0,,,,,,,,,,,,,,1.0,67.0,18.0,2.0,24.0,6.0
70224000.0,,145.2,795.0,,,,,,,,,,,,,,1.0,59.0,16.0,1.0,30.0,5.0
70476000.0,,,,0.0006334680947475135,-0.025109058246016502,3.9736430812453705e-10,-0.006322852801531553,-1.867612198225288e-08,1.4817124605178833,-0.00010591996397124603,0.00871810968965292,0.32329651713371277,1.167034387588501,,0.0003609725691780941,,,,,,,
70485600.0,,,,0.0005714302533306181,-0.038918327540159225,9.139379031353201e-09,-0.09147953242063522,-1.172224717294057e-08,0.8163062930107117,8.280273323180154e-05,-0.010069160722196102,0.2304358035326004,0.5758898854255676,,0.0003609624229115843,,,,,,,
70550400.0,,,,,,,,,,,,,,,,1622.1249359752244,,,,,,
70555200.0,,,,,,,,,,,,,,,,1622.133489020281,,,,,,
70584000.0,,127.2,693.0,,,,,,,,,,,,,,1.0,53.0,14.0,1.0,20.0,5.0
70663200.0,,,,,,,,,,,,,,,,1622.2247006773505,,,,,,
70682400.0,,,,0.000619737314991653,-0.018381547182798386,-2.38418573772492e-09,-0.0216927919536829,-7.947286162490741e-10,1.1669718027114868,-6.43363018753007e-05,-0.005188578739762306,0.20955492556095123,0.9521701335906982,,0.0003607541774580051,,,,,,,
70696800.0,,,,,,,,,,,,,,,,1622.2608713096881,,,,,,
70747200.0,,188.4,1403.0,,,,,,,,,,,,,,1.0,93.0,28.0,2.0,23.0,6.0
70768800.0,,,,,,,,,,,,,,,,1622.3370217916838,,,,,,
70790400.0,,,,,,,,,,,,,,,,1622.3570395522124,,,,,,
70867200.0,,128.2,702.0,,,,,,,,,,,,,,1.0,53.0,15.0,1.0,24.0,4.0
70917600.0,,99.60000000000001,1312.0,,,,,,,,,,,,,,-1.0,63.0,20.0,3.0,20.0,4.0
70996800.0,,138.4,813.0,,,,,,,,,,,,,,1.0,64.0,17.0,2.0,25.0,3.0
71023200.0,,154.2,837.0,,,,,,,,,,,,,,1.0,59.0,17.0,1.0,38.0,5.0
71104800.0,,117.2,780.0,,,,,,,,,,,,,,1.0,61.0,16.0,1.0,20.0,0.0
71124000.0,,,,0.0006769808824174106,0.005517387297004461,1.1126200405442432e-08,0.04451775178313255,1.9868215961338365e-09,1.1334702968597412,-8.300316039822064e-06,-0.0015223181108012795,0.21511800587177277,0.916828453540802,,0.0003602851842934904,,,,,,,
71155200.0,,110.2,613.0,,,,,,,,,,,,,,1.0,43.0,13.0,1.0,22.0,3.0
71215200.0,,147.4,884.0,,,,,,,,,,,,,,1.0,67.0,18.0,2.0,26.0,4.0
71222400.0,,85.2,510.0,,,,,,,,,,,,,,1.0,35.0,10.0,1.0,20.0,0.0
71376000.0,,186.2,1038.0,,,,,,,,,,,,,,1.0,82.0,21.0,1.0,43.0,5.0
71572800.0,,101.2,618.0,,,,,,,,,,,,,,1.0,48.0,13.0,1.0,20.0,0.0
71608800.0,,,,0.0004351574752945453,-0.03766041249036789,1.7285348263840206e-08,-0.016456959769129753,2.38418573772492e-09,1.1228814125061035,-2.1254036255413666e-05,0.0053613497875630856,0.2719653248786926,0.8562605977058411,,0.0003597675958971,,,,,,,
71666400.0,,,,,,,,,,,,,,,,1623.316110620669,,,,,,
71784000.0,,150.2,837.0,,,,,,,,,,,,,,1.0,63.0,17.0,1.0,30.0,5.0
71832000.0,,140.2,765.0,,,,,,,,,,,,,,1.0,57.0,16.0,1.0,27.0,5.0
71841600.0,,156.4,817.0,,,,,,,,,,,,,,1.0,64.0,15.0,2.0,37.0,5.0
71865600.0,,138.2,722.0,,,,,,,,,,,,,,1.0,55.0,15.0,1.0,32.0,4.0
71872800.0,,80.2,475.0,,,,,,,,,,,,,,1.0,35.0,9.0,1.0,16.0,0.0
71884800.0,,,,,,,,,,,,,,,,1623.5359061904012,,,,,,
71911200.0,,,,0.0005538968835026026,-0.03756656497716904,-7.947286384535346e-09,-0.04583963006734848,-4.76837147544984e-09,1.0805420875549316,-3.07948503177613e-05,-0.03135845810174942,0.31240251660346985,0.7367557883262634,,0.00035944331013892597,,,,,,,
71918400.0,,120.2,745.0,,,,,,,,,,,,,,1.0,61.0,18.0,1.0,21.0,0.0
71966400.0,,120.4,1293.0,,,,,,,,,,,,,,-1.0,80.0,22.0,2.0,18.0,5.0
71966400.0,,,,0.00043913221452385187,-0.0674925148487091,-3.3775966468141405e-09,-0.11401227861642838,-1.9868215961338365e-09,0.8615673780441284,-3.829797151411185e-06,-0.015248667448759079,0.20659200847148895,0.6397272944450378,,0.00035938399656895476,,,,,,,
72108000.0,,,,,,,,,,,,,,,,1623.7487229093053,,,,,,
72216000.0,,145.2,797.0,,,,,,,,,,,,,,1.0,62.0,16.0,1.0,27.0,5.0
72333600.0,,142.4,1646.0,,,,,,,,,,,,,,-1.0,94.0,26.0,2.0,14.0,7.0
72379200.0,,131.2,1022.0,,,,,,,,,,,,,,1.0,49.0,19.0,1.0,35.0,2.0
72403200.0,,170.4,1824.0,,,,,,,,,,,,,,-1.0,101.0,27.0,2.0,26.0,9.0
72432000.0,,170.60000000000002,1096.0,,,,,,,,,,,,,,1.0,77.0,22.0,3.0,31.0,5.0
72482400.0,,179.2,1943.0,,,,,,,,,,,,,,-1.0,100.0,30.0,1.0,29.0,10.0
72544800.0,,,,,,,,,,,,,,,,1624.2467089017407,,,,,,
72554400.0,,,,,,,,,,,,,,,,1624.257840943113,,,,,,
72578400.0,,123.60000000000001,700.0,,,,,,,,,,,,,,1.0,56.0,14.0,3.0,21.0,3.0
72614400.0,,,,,,,,,,,,,,,,1624.3403250754814,,,,,,
72674400.0,,174.6,938.0,,,,,,,,,,,,,,1.0,68.0,19.0,3.0,51.0,4.0
72849600.0,,190.2,1867.0,,,,,,,,,,,,,,-1.0,100.0,28.0,1.0,38.0,11.0
72952800.0,,,,,,,,,,,,,,,,1624.798110367353,,,,,,
72986400.0,,,,0.0008983853040263057,-0.005767757073044777,7.947286162490741e-10,0.010695169679820538,1.9868215961338365e-09,1.0417290925979614,-2.3907707600301364e-06,-0.021953731775283813,0.15571027994155884,0.8640716671943665,,0.00035828142815027766,,,,,,,
72991200.0,,126.2,678.0,,,,,,,,,,,,,,1.0,53.0,14.0,1.0,23.0,4.0
73008000.0,,,,0.000891516509000212,0.020253831520676613,-2.9802322831784522e-09,0.04427213966846466,-7.947286384535346e-09,1.2500216960906982,-0.00011639605509117246,0.006181071978062391,0.305149644613266,0.9509456753730774,,0.00035825794561924866,,,,,,,
73072800.0,,,,0.000835611077491194,-0.02262277901172638,2.38418573772492e-09,-0.010434557683765888,-5.9604645663569045e-09,1.2401291131973267,3.7028599763289094e-05,-0.02306610904633999,0.3147086203098297,0.9023997187614441,,0.00035818746479749275,,,,,,,
73075200.0,,,,0.000846616632770747,0.01812794990837574,-5.563100202721216e-09,0.03808842599391937,0.0,1.40259850025177,2.9850550617993576e-06,-0.01549908984452486,0.29142868518829346,1.095682144165039,,0.00035818485343976726,,,,,,,
73137600.0,,204.4,1226.0,,,,,,,,,,,,,,1.0,79.0,23.0,2.0,62.0,5.0
73195200.0,,,,0.0005258119781501591,-0.032099585980176926,-4.76837147544984e-09,0.011581020429730415,-7.947286384535346e-09,1.028982400894165,5.030767169955652e-06,-0.022466380149126053,0.19609147310256958,0.810434877872467,,0.0003580541984601295,,,,,,,
73212000.0,,194.4,2020.0,,,,,,,,,,,,,,-1.0,100.0,30.0,2.0,44.0,10.0
73221600.0,,123.60000000000002,1304.0,,,,,,,,,,,,,,-1.0,79.0,24.0,3.0,20.0,5.0
73226400.0,,173.2,1901.0,,,,,,,,,,,,,,-1.0,100.0,28.0,1.0,21.0,11.0
73423200.0,,120.4,1399.0,,,,,,,,,,,,,,-1.0,78.0,21.0,2.0,21.0,5.0
73610400.0,,148.4,870.0,,,,,,,,,,,,,,1.0,70.0,17.0,2.0,21.0,5.0
73617600.0,,,,0.0008484969730488956,-0.06022344157099724,0.0,-0.05503877252340317,-1.4305115314527939e-08,1.0668079853057861,-9.929839870892465e-05,-0.03245782479643822,0.1791151762008667,0.8551440834999084,,0.0003575929368987099,,,,,,,
73624800.0,,,,0.0008423358667641878,-0.07461287081241608,-9.139379031353201e-09,-0.08794966340065002,4.470348535789981e-09,0.9059405326843262,-6.565621151821688e-05,0.0004314893449191004,0.19839005172252655,0.7079247236251831,,0.00035758505621238484,,,,,,,
73632000.0,,228.4,1559.0,,,,,,,,,,,,,,1.0,93.0,30.0,2.0,65.0,5.0
73639200.0,,,,,,,,,,,,,,,,1625.4124519378329,,,,,,
73684800.0,,132.4,1402.0,,,,,,,,,,,,,,-1.0,87.0,24.0,2.0,9.0,8.0
73732800.0,,,,0.000721453339792788,-0.023179786279797554,3.6756198085186043e-09,0.00140464399009943,8.742015111806722e-09,1.232973575592041,-6.679324724245816e-05,-0.013784239999949932,0.25717586278915405,0.96195387840271,,0.00035746677254947466,,,,,,,
73735200.0,,,,0.0007497431943193078,-0.017704105004668236,-4.76837147544984e-09,0.016193706542253494,-3.9736430812453705e-10,0.6332072615623474,2.401750498393085e-05,-0.01726430654525757,0.17321093380451202,0.4427635669708252,,0.0003574641424617885,,,,,,,
73797600.0,,143.4,1470.0,,,,,,,,,,,,,,-1.0,91.0,24.0,2.0,16.0,8.0
73864800.0,,235.60000000000002,1825.0,,,,,,,,,,,,,,1.0,101.0,34.0,3.0,72.0,2.0
73869600.0,,,,,,,,,,,,,,,,1625.5705621023349,,,,,,
73886400.0,,200.4,1750.0,,,,,,,,,,,,,,1.0,99.0,27.0,2.0,26.0,7.0
73891200.0,,118.4,720.0,,,,,,,,,,,,,,1.0,55.0,14.0,2.0,17.0,3.0
73898400.0,,175.4,2057.0,,,,,,,,,,,,,,-1.0,100.0,29.0,2.0,34.0,8.0
73929600.0,,,,0.0005987114273011684,-0.006406979635357857,-2.38418573772492e-09,-0.0019313538214191794,-8.742015111806722e-09,1.4587596654891968,-3.545829531503841e-05,-0.024517672136425972,0.3629845678806305,1.0712279081344604,,0.0003572508800761739,,,,,,,
73946400.0,,129.4,735.0,,,,,,,,,,,,,,1.0,60.0,15.0,2.0,22.0,3.0
73977600.0,,151.4,1582.0,,,,,,,,,,,,,,-1.0,96.0,26.0,2.0,21.0,7.0
73984800.0,,194.4,2515.0,,,,,,,,,,,,,,-1.0,99.0,34.0,2.0,73.0,2.0
74016000.0,,,,,,,,,,,,,,,,1625.7256372477066,,,,,,
74020800.0,,180.60000000000002,1165.0,,,,,,,,,,,,,,1.0,84.0,24.0,3.0,40.0,3.0
74035200.0,,,,,,,,,,,,,,0.26417943835258484,,,,,,,,
74047200.0,,140.4,1448.0,,,,,,,,,,,,,,-1.0,91.0,24.0,2.0,17.0,7.0
74112000.0,,,,0.0007665874436497688,-0.026820190250873566,-7.748604424762107e-09,-0.046692803502082825,-8.742015111806722e-09,0.6651936173439026,4.312373130233027e-05,-0.040015436708927155,0.1639949083328247,0.46123409271240234,,0.0003570503778491528,,,,,,,
74143200.0,,157.2,905.0,,,,,,,,,,,,,,1.0,65.0,19.0,1.0,33.0,5.0
74356800.0,,,,0.0007523900712840259,-0.010275567881762981,8.940697071579962e-09,0.004974773619323969,-1.2318293940438707e-08,1.1468466520309448,0.0001243234146386385,-0.08951588720083237,0.27009108662605286,0.7873714566230774,,0.0003567806690423774,,,,,,,
74464800.0,,,,0.0006197041948325932,-0.008321641013026237,-1.4901161415892261e-09,0.03815801069140434,-1.9868215406226852e-10,0.976351261138916,7.245584129123017e-05,-0.0033624081406742334,0.20639126002788544,0.7666762471199036,,0.00035666145667196677,,,,,,,
74488800.0,,164.4,1808.0,,,,,,,,,,,,,,-1.0,100.0,29.0,2.0,23.0,8.0
74493600.0,,168.2,903.0,,,,,,,,,,,,,,1.0,67.0,19.0,1.0,38.0,6.0
74496000.0,,,,,,,,,,,,,,,,1626.2046951811035,,,,,,
74563200.0,,163.4,1749.0,,,,,,,,,,,,,,-1.0,100.0,29.0,2.0,22.0,8.0
74642400.0,,,,,,,,,,,,,,,,1626.2835318095438,,,,,,
74661600.0,,111.60000000000001,695.0,,,,,,,,,,,,,,1.0,54.0,14.0,3.0,23.0,0.0
74695200.0,,149.2,793.0,,,,,,,,,,,,,,1.0,60.0,16.0,1.0,33.0,5.0
74745600.0,,,,,,,,,,,,,,0.24119679629802704,,,,,,,,
74772000.0,,150.2,794.0,,,,,,,,,,,,,,1.0,62.0,16.0,1.0,32.0,5.0
74800800.0,,86.2,1215.0,,,,,,,,,,,,,,-1.0,61.0,18.0,1.0,27.0,0.0
74822400.0,,141.4,1484.0,,,,,,,,,,,,,,-1.0,91.0,26.0,2.0,20.0,6.0
74880000.0,,,,,,,,,,,,,,0.2336156964302063,,,,,,,,
74964000.0,,,,0.0007230208721011877,-0.019899720326066017,-4.371007555903361e-09,-0.008041187189519405,5.9604645663569045e-09,0.8981771469116211,3.5240598663222045e-05,0.002458896953612566,0.18412412703037262,0.7165544033050537,,0.00035610866027741076,,,,,,,
75024000.0,,,,,,,,,,,,,,,,1622.862420716588,,,,,,
75093600.0,,177.2,931.0,,,,,,,,,,,,,,1.0,72.0,19.0,1.0,38.0,7.0
75110400.0,,,,,,,,,,,,,,0.22895362973213196,,,,,,,,
75112800.0,,152.2,1483.0,,,,,,,,,,,,,,-1.0,91.0,26.0,1.0,19.0,9.0
75127200.0,,129.4,1269.0,,,,,,,,,,,,,,-1.0,90.0,23.0,2.0,8.0,7.0
75216000.0,,87.4,973.0,,,,,,,,,,,,,,-1.0,57.0,16.0,2.0,26.0,2.0
75223200.0,,185.4,1694.0,,,,,,,,,,,,,,-1.0,101.0,32.0,2.0,36.0,9.0
75247200.0,,215.2,1392.0,,,,,,,,,,,,,,1.0,97.0,28.0,1.0,30.0,10.0
75283200.0,,,,0.0004868133401032537,-0.030495723709464073,7.549921576810448e-09,-0.02527330256998539,-6.357828929992593e-09,0.9726824164390564,5.74809564568568e-05,-0.0035545325372368097,0.20991583168506622,0.759274423122406,,0.0003557536686838994,,,,,,,
75324000.0,,196.2,994.0,,,,,,,,,,,,,,1.0,81.0,20.0,1.0,47.0,7.0
75405600.0,,187.4,1126.0,,,,,,,,,,,,,,1.0,78.0,22.0,2.0,47.0,5.0
75487200.0,,171.59999999999997,1676.0,,,,,,,,,,,,,,-1.0,100.0,27.0,3.0,28.0,9.0
75487200.0,,,,,,,,,,,,,,,,1623.3636432824803,,,,,,
75532800.0,,108.4,575.0,,,,,,,,,,,,,,1.0,47.0,12.0,2.0,21.0,2.0
75568800.0,,,,,,,,,,,,,,,,1623.462704160845,,,,,,
75580800.0,,,,,,,,,,,,,,,,1623.458333904609,,,,,,
75710400.0,,210.2,1197.0,,,,,,,,,,,,,,1.0,83.0,24.0,1.0,51.0,8.0
75768000.0,,175.2,1725.0,,,,,,,,,,,,,,-1.0,100.0,34.0,1.0,25.0,9.0
75818400.0,,,,0.000673932780046016,0.025312747806310654,4.76837147544984e-09,0.059161148965358734,-3.6160152205866325e-08,1.1065491437911987,-0.00012547952064778656,-0.046681467443704605,0.1874658316373825,0.8722831606864929,,0.000355155807680102,,,,,,,
75844800.0,,,,,,,,,,,,,,,,1623.7707753762138,,,,,,
75945600.0,,145.2,742.0,,,,,,,,,,,,,,1.0,57.0,15.0,1.0,33.0,5.0
75962400.0,,,,0.0004427526146173477,-0.020236462354660034,1.7484030223613445e-08,-0.001757810590788722,-3.973643192267673e-09,1.4439072608947754,-2.1777379515697248e-05,0.001552711590193212,0.27182722091674805,1.1736153364181519,,0.00035499438351092215,,,,,,,
75991200.0,,180.2,948.0,,,,,,,,,,,,,,1.0,75.0,19.0,1.0,42.0,6.0
75998400.0,,153.2,790.0,,,,,,,,,,,,,,1.0,58.0,16.0,1.0,39.0,5.0
76020000.0,,,,0.00041005367529578507,0.009973392821848392,1.8278758062706402e-08,0.03254473954439163,8.742015111806722e-09,1.3976463079452515,1.87141358765075e-05,-0.028663266450166702,0.34166789054870605,1.027337908744812,,0.00035492974697193323,,,,,,,
76087200.0,,,,0.000470430328277871,-0.004475112538784742,4.967053879312289e-09,0.006436281371861696,-1.3510386587256562e-08,0.996208667755127,8.799630450084805e-05,-0.0517488457262516,0.20693181455135345,0.7376207113265991,,0.0003548542894267212,,,,,,,
76089600.0,,,,,,,,,,,,,,,,1623.944693136644,,,,,,
76156800.0,,,,0.0004295370017644018,-0.007716579828411341,4.371007555903361e-09,-0.006726633757352829,-1.2715657859985185e-08,0.6403729319572449,4.173767229076475e-05,-0.0169723778963089,0.12755221128463745,0.49589434266090393,,0.00035477608222914933,,,,,,,
76260000.0,,,,,,,,,,,,,,,,1624.1164603042998,,,,,,
76497600.0,,118.2,627.0,,,,,,,,,,,,,,1.0,49.0,13.0,1.0,20.0,4.0
76504800.0,,,,,,,,,,,,,,,,1624.3212498916585,,,,,,
76538400.0,,90.4,1141.0,,,,,,,,,,,,,,-1.0,62.0,18.0,2.0,18.0,3.0
76564800.0,,,,,,,,,,,,,,,,1624.383386045582,,,,,,
76576800.0,,152.4,2019.0,,,,,,,,,,,,,,-1.0,77.0,21.0,2.0,50.0,6.0
76584000.0,,,,,,,,,,,,,,,,1624.390280619471,,,,,,
76603200.0,,,,,,,,,,,,,,,,1624.4141760430468,,,,,,
76615200.0,,171.2,1834.0,,,,,,,,,,,,,,-1.0,98.0,28.0,1.0,25.0,10.0
76716000.0,,124.2,677.0,,,,,,,,,,,,,,1.0,55.0,14.0,1.0,19.0,4.0
76735200.0,,,,,,,,,,,,,,,,1624.6084544777584,,,,,,
76802400.0,,137.4,809.0,,,,,,,,,,,,,,1.0,66.0,16.0,2.0,19.0,4.0
76908000.0,,135.4,825.0,,,,,,,,,,,,,,1.0,63.0,17.0,2.0,23.0,3.0
77044800.0,,99.2,547.0,,,,,,,,,,,,,,1.0,41.0,11.0,1.0,19.0,2.0
77071200.0,,80.60000000000001,1049.0,,,,,,,,,,,,,,-1.0,62.0,18.0,3.0,16.0,1.0
77193600.0,,,,,,,,,,,,,,,,1624.9869922861287,,,,,,
77272800.0,,,,0.0006147889653220773,-0.04513363540172577,2.9802322831784522e-09,-0.04303378984332085,-4.5696895156766004e-09,1.1135220527648926,1.521659578429535e-05,-0.03710630536079407,0.1682225912809372,0.9082145690917969,,0.0003535144974254375,,,,,,,
77289600.0,,124.2,638.0,,,,,,,,,,,,,,1.0,49.0,13.0,1.0,26.0,4.0
77563200.0,,,,0.0007053011213429272,-0.014994929544627666,-2.781550101360608e-09,0.01122974045574665,-6.357828929992593e-09,0.9210955500602722,-9.433871127839666e-06,-0.011489413678646088,0.1922658234834671,0.7173379063606262,,0.0003531838889740857,,,,,,,
77572800.0,,135.2,749.0,,,,,,,,,,,,,,1.0,58.0,15.0,1.0,22.0,5.0
77654400.0,,100.2,600.0,,,,,,,,,,,,,,1.0,46.0,12.0,1.0,22.0,0.0
77697600.0,,136.4,837.0,,,,,,,,,,,,,,1.0,63.0,17.0,2.0,24.0,3.0
77714400.0,,,,0.0005846390267834067,-0.04281968995928764,2.1855037779516806e-09,-0.05352848023176193,-1.390775050680304e-09,1.5160504579544067,-4.886476381216198e-05,0.038383033126592636,0.5400142669677734,1.014376163482666,,0.0003530113760383321,,,,,,,
77793600.0,,,,,,,,,,,,,,,,1625.5947998767192,,,,,,
77899200.0,,,,,,,,,,,,,,,,1625.6974217601314,,,,,,
78026400.0,,,,0.0004647138121072203,-0.031874001026153564,1.668930060816365e-08,-0.030928192660212517,-3.1789144649962964e-09,0.7535622119903564,1.1222540706512518e-05,-0.03454435616731644,0.14276334643363953,0.5762704014778137,,0.000352654581176797,,,,,,,
78211200.0,,,,0.0005070772022008896,-0.036298420280218124,-1.390775050680304e-09,-0.010425018146634102,4.76837147544984e-09,1.059800386428833,1.3719358321395703e-05,-0.03248215094208717,0.2662869691848755,0.7610501050949097,,0.0003524427318313369,,,,,,,
78249600.0,,106.0,640.0,,,,,,,,,,,,,,1.0,48.0,13.0,0.0,25.0,0.0
78261600.0,,,,,,,,,,,,,,,,1626.1097274723536,,,,,,
78273600.0,,132.2,753.0,,,,,,,,,,,,,,1.0,55.0,16.0,1.0,25.0,4.0
78321600.0,,175.2,2816.0,,,,,,,,,,,,,,-1.0,108.0,34.0,1.0,21.0,8.0
78376800.0,,,,0.0005114258965477347,-0.008455631323158741,5.761782606583665e-09,-0.01152660883963108,-5.165735839085528e-09,1.038024663925171,6.358925747917965e-05,-0.013695331290364265,0.2196500152349472,0.8047480583190918,,0.0003522525668478434,,,,,,,
78403200.0,,141.2,821.0,,,,,,,,,,,,,,1.0,60.0,17.0,1.0,24.0,5.0
78506400.0,,,,0.0006223248783499002,-0.05224801227450371,-1.629193668861717e-08,-0.017271921038627625,-6.357828929992593e-09,1.2333585023880005,0.00012229368439875543,-0.03115965984761715,0.23446401953697205,0.9678633809089661,,0.0003521035275514812,,,,,,,
78542400.0,,,,,,,,,,,,,,,,1626.3278415042514,,,,,,
78643200.0,,,,,,,,,,,,,,0.20230330526828766,,,,,,,,
78703200.0,,162.2,1775.0,,,,,,,,,,,,,,-1.0,98.0,31.0,1.0,17.0,9.0
78703200.0,,,,,,,,,,,,,,,,1626.3910708267547,,,,,,
78813600.0,,167.2,1606.0,,,,,,,,,,,,,,-1.0,99.0,29.0,1.0,19.0,10.0
78945600.0,,,,,,,,,,,,,,,,1626.4421739753295,,,,,,
78981600.0,,,,0.0006050626980140805,0.02036791853606701,1.0132789718397817e-08,0.06629583239555359,6.357828929992593e-09,0.9637709856033325,6.94378322805278e-05,-0.013101689517498016,0.2430996298789978,0.7076451778411865,,0.00035155544322255943,,,,,,,
79135200.0,,137.4,1215.0,,,,,,,,,,,,,,-1.0,88.0,23.0,2.0,22.0,6.0
79156800.0,,,,0.0004960911464877427,-0.040648672729730606,-1.867612198225288e-08,-0.0058609722182154655,4.76837147544984e-09,1.001355528831482,2.968652916024439e-05,-0.07385330647230148,0.19032445549964905,0.7372125387191772,,0.00035135273648661484,,,,,,,
79300800.0,,139.2,771.0,,,,,,,,,,,,,,1.0,56.0,16.0,1.0,27.0,5.0
79329600.0,,,,,,,,,,,,,,,,1626.4596281854633,,,,,,
79372800.0,,155.2,810.0,,,,,,,,,,,,,,1.0,61.0,17.0,1.0,37.0,5.0
79384800.0,,,,0.0005615478730760515,-0.02044648863375187,1.3113021779531664e-08,0.0004155048809479922,-2.1855037779516806e-09,0.7226585745811462,1.2058877700837911e-06,-0.03977152705192566,0.15671725571155548,0.5261766314506531,,0.00035108842927331004,,,,,,,
79406400.0,,,,0.0006048123468644917,-0.05727587640285492,8.145968344308585e-09,-0.025113454088568687,-2.1855037779516806e-09,0.8449767827987671,1.989251177292317e-05,-0.046109121292829514,0.19127576053142548,0.6076177954673767,,0.0003510633597357917,,,,,,,
79495200.0,,,,,,,,,,,,,,,,1626.5068087732063,,,,,,
79696800.0,,,,,,,,,,,,,,,,1626.5743465312416,,,,,,
79788000.0,,140.4,1489.0,,,,,,,,,,,,,,-1.0,97.0,26.0,2.0,5.0,8.0
79857600.0,,,,,,,,,,,,,,,,1626.6685441637783,,,,,,
79944000.0,,,,,,,,,,,,,,,,1626.6578906440966,,,,,,
79970400.0,,136.4,820.0,,,,,,,,,,,,,,1.0,68.0,17.0,2.0,19.0,3.0
80152800.0,,,,0.00037158114719204605,-0.024625139310956,5.364418242947977e-09,0.005097472574561834,-9.139379031353201e-09,0.7309502959251404,-2.290350721523282e-06,0.01275213249027729,0.16199031472206116,0.5817134976387024,,0.0003501939002331479,,,,,,,
80289600.0,,,,,,,,,,,,,,,,1623.268570442951,,,,,,
80311200.0,,,,,,,,,,,,,,,,1623.2707947864028,,,,,,
80318400.0,,164.4,1647.0,,,,,,,,,,,,,,-1.0,100.0,29.0,2.0,23.0,8.0
80328000.0,,159.2,1565.0,,,,,,,,,,,,,,-1.0,98.0,28.0,1.0,17.0,9.0
80354400.0,,115.2,620.0,,,,,,,,,,,,,,1.0,50.0,13.0,1.0,20.0,3.0
80378400.0,,,,,,,,,,,,,,,,1623.2896313693395,,,,,,
80385600.0,,,,0.00041062640957534313,-0.035719580948352814,-2.781550101360608e-09,-0.021361399441957474,-1.2814998839871805e-08,1.3042463064193726,-3.22391715599224e-05,-0.03187112510204315,0.32679739594459534,0.9455495476722717,,0.00034992146349207106,,,,,,,
80392800.0,,148.4,1605.0,,,,,,,,,,,,,,-1.0,98.0,26.0,2.0,8.0,9.0
80433600.0,,,,,,,,,,,,,,,,1623.304835466116,,,,,,
80472000.0,,87.2,445.0,,,,,,,,,,,,,,1.0,34.0,9.0,1.0,20.0,1.0
80493600.0,,140.39999999999998,1505.0,,,,,,,,,,,,,,-1.0,94.0,26.0,2.0,8.0,8.0
80572800.0,,93.2,507.0,,,,,,,,,,,,,,1.0,36.0,11.0,1.0,18.0,2.0
80673600.0,,,,,,,,,,,,,,,,1623.3993032232079,,,,,,
80700000.0,,134.2,837.0,,,,,,,,,,,,,,1.0,68.0,17.0,1.0,25.0,1.0
80781600.0,,121.2,680.0,,,,,,,,,,,,,,1.0,55.0,14.0,1.0,20.0,3.0
80949600.0,,138.2,1435.0,,,,,,,,,,,,,,-1.0,95.0,26.0,1.0,5.0,8.0
81148800.0,,,,,,,,,,,,,,,,1623.7264049669698,,,,,,
81343200.0,,165.4,995.0,,,,,,,,,,,,,,1.0,67.0,20.0,2.0,42.0,4.0
81381600.0,,,,0.0004628738679457456,-0.05999057739973068,-3.3775966468141405e-09,-0.01969059742987156,-3.1789144649962964e-09,1.4001067876815796,-3.110167381237261e-05,-0.013818863779306412,0.289655864238739,1.096605658531189,,0.00034874919824176185,,,,,,,
81508800.0,,,,0.00034341320861130953,-0.02749592810869217,-7.947286162490741e-10,-0.05081884562969208,6.357828929992593e-09,0.8249380588531494,1.853706271504052e-05,0.0007305084727704525,0.14884300529956818,0.6768475770950317,,0.0003485987110021666,,,,,,,
81636000.0,,148.2,1503.0,,,,,,,,,,,,,,-1.0,96.0,28.0,1.0,12.0,8.0
81705600.0,,58.400000000000006,730.0,,,,,,,,,,,,,,-1.0,49.0,13.0,2.0,16.0,0.0
81710400.0,,,,,,,,,,,,,,,,1623.9554149954095,,,,,,
81727200.0,,167.39999999999998,1632.0,,,,,,,,,,,,,,-1.0,100.0,29.0,2.0,22.0,9.0
81792000.0,,201.2,1112.0,,,,,,,,,,,,,,1.0,89.0,23.0,1.0,41.0,7.0
81861600.0,,72.2,1190.0,,,,,,,,,,,,,,-1.0,52.0,21.0,1.0,11.0,2.0
81952800.0,,118.2,654.0,,,,,,,,,,,,,,1.0,51.0,13.0,1.0,22.0,3.0
81964800.0,,,,,,,,,,,,,,,,1624.0641075277606,,,,,,
82008000.0,,,,,,,,,,,,,,,,1624.1010714151062,,,,,,
82029600.0,,171.2,1039.0,,,,,,,,,,,,,,1.0,79.0,21.0,1.0,27.0,6.0
82032000.0,,113.19999999999999,1369.0,,,,,,,,,,,,,,-1.0,53.0,22.0,1.0,50.0,2.0
82106400.0,,,,0.0003581664350349456,-0.029985377565026283,0.0,-0.025605294853448868,-7.947286162490741e-10,0.9363013505935669,-5.195234189159237e-05,0.0060302806086838245,0.19205424189567566,0.750229001045227,,0.0003478893676504624,,,,,,,
82116000.0,,113.19999999999999,1275.0,,,,,,,,,,,,,,-1.0,79.0,23.0,1.0,11.0,5.0
82195200.0,,95.2,527.0,,,,,,,,,,,,,,1.0,41.0,11.0,1.0,19.0,1.0
82197600.0,,144.4,823.0,,,,,,,,,,,,,,1.0,64.0,16.0,2.0,28.0,4.0
82248000.0,,,,,,,,,,,,,,,,1624.08011252276,,,,,,
82377600.0,,109.19999999999999,1348.0,,,,,,,,,,,,,,-1.0,88.0,31.0,1.0,10.0,0.0
82380000.0,,,,0.000263208377873525,-0.04299386590719223,-5.165735839085528e-09,-0.039060115814208984,-2.38418573772492e-09,1.331640362739563,-2.2127076590550132e-05,-0.0016726432368159294,0.3368891477584839,0.9930590987205505,,0.000347563326995164,,,,,,,
82401600.0,,,,,,,,,,,,,,,,1624.1449965297109,,,,,,
82502400.0,,,,,,,,,,,,,,,,1624.1960649275577,,,,,,
82548000.0,,135.60000000000002,799.0,,,,,,,,,,,,,,1.0,64.0,16.0,3.0,23.0,3.0
82716000.0,,,,0.0002761157229542732,-0.03961707279086113,3.1789144649962964e-09,-0.007591741159558296,1.152356521316733e-08,1.038962483406067,-7.016869858489372e-06,-0.01161277201026678,0.23137736320495605,0.7959681153297424,,0.0003471618307539007,,,,,,,
82802400.0,,,,,,,,,,,,,,,,1624.3923851223833,,,,,,
82884000.0,,,,,,,,,,,,,,,,1624.4512843199952,,,,,,
82917600.0,,,,,,,,,,,,,,,,1624.4871627682385,,,,,,
83040000.0,,,,,,,,,,,,,,,,1624.4796628831866,,,,,,
83145600.0,,172.2,1002.0,,,,,,,,,,,,,,1.0,74.0,21.0,1.0,33.0,6.0
83239200.0,,203.2,1842.0,,,,,,,,,,,,,,-1.0,101.0,45.0,1.0,77.0,0.0
83308800.0,,,,0.0004101676749996841,-0.02906154654920101,-5.165735839085528e-09,-0.031372662633657455,7.947286162490741e-10,0.9480292797088623,4.544531839201227e-05,-0.05196725204586983,0.21599863469600677,0.6801129579544067,,0.0003464505464920875,,,,,,,
83366400.0,,,,,,,,,,,,,,0.1606801599264145,,,,,,,,
83414400.0,,192.2,1225.0,,,,,,,,,,,,,,1.0,93.0,25.0,1.0,22.0,8.0
83443200.0,,223.4,1896.0,,,,,,,,,,,,,,-1.0,101.0,28.0,2.0,82.0,8.0
83443200.0,,,,0.0004270822391845286,-0.04175698012113571,-2.1855037779516806e-09,-0.020998148247599602,-7.947286384535346e-09,1.34730863571167,-7.396124419756234e-05,0.0042670536786317825,0.2847249507904053,1.0667810440063477,,0.0003462887658053232,,,,,,,
83539200.0,,,,,,,,,,,,,,,,1624.7482431120911,,,,,,
83697600.0,,,,,,,,,,,,,,,,1624.8415790611614,,,,,,
83791200.0,,158.2,1772.0,,,,,,,,,,,,,,-1.0,97.0,29.0,1.0,16.0,9.0
83793600.0,,,,0.0005616432172246277,-0.0011742677306756377,2.781550101360608e-09,-0.008000130765140057,-1.1920929132713809e-08,1.2791075706481934,-1.1476487998152152e-05,-0.011620509438216686,0.23266175389289856,1.034819483757019,,0.00034586608438175843,,,,,,,
83877600.0,,166.4,848.0,,,,,,,,,,,,,,1.0,71.0,17.0,2.0,34.0,6.0
83920800.0,,,,0.0005881097167730331,-0.017557617276906967,-3.3775966468141405e-09,-0.007204459514468908,2.38418573772492e-09,1.5796444416046143,-0.00013882828352507204,0.009815849363803864,0.3216598927974701,1.2676674127578735,,0.0003457123256028195,,,,,,,
83942400.0,,,,,,,,,,,,,,,,1624.767744790667,,,,,,
83949600.0,,,,0.0005382164381444454,-0.012818869203329086,7.947286384535346e-09,0.008739408105611801,3.9736430812453705e-10,1.099503755569458,9.131689694186207e-06,-0.010871143080294132,0.16349002718925476,0.9251570701599121,,0.0003456774887063268,,,,,,,
83968800.0,,208.2,981.0,,,,,,,,,,,,,,1.0,75.0,20.0,1.0,65.0,7.0
83971200.0,,,,0.0005749615957029164,-0.03528551757335663,-3.5762788286319847e-09,-0.021002547815442085,-7.947286384535346e-09,1.24086332321167,-6.919357110746205e-05,-0.04763546213507652,0.24460992217063904,0.9485543966293335,,0.00034565135532266375,,,,,,,
84134400.0,,184.2,1022.0,,,,,,,,,,,,,,1.0,81.0,21.0,1.0,38.0,6.0
84141600.0,,168.2,949.0,,,,,,,,,,,,,,1.0,75.0,19.0,1.0,30.0,6.0
84199200.0,,,,0.00048624168266542256,-0.054583773016929626,-6.755193293628281e-09,-0.04752987623214722,1.0331471678171056e-08,0.9870730638504028,-4.629153409041464e-05,-0.002291107550263405,0.20162276923656464,0.7831177711486816,,0.00034537520473143285,,,,,,,
84230400.0,,,,,,,,,,,,,,0.19020669162273407,,,,,,,,
84254400.0,,,,0.0003925607306882739,-0.04030870646238327,-1.7484030223613445e-08,-0.06898526102304459,-1.9868215961338365e-09,1.031030297279358,-0.00011413543688831851,-0.013614173047244549,0.20069538056850433,0.81661057472229,,0.00034530826540867356,,,,,,,
84331200.0,,177.2,960.0,,,,,,,,,,,,,,1.0,74.0,19.0,1.0,36.0,7.0
84333600.0,,180.39999999999998,1111.0,,,,,,,,,,,,,,1.0,90.0,21.0,2.0,21.0,7.0
84350400.0,,,,0.0005469443276524544,-0.026510007679462433,1.19209286886246e-09,-0.015709159895777702,5.165735839085528e-09,0.9936763644218445,5.0327607823419385e-06,-0.01769685186445713,0.1625693440437317,0.8134207129478455,,0.0003451917733539038,,,,,,,
84475200.0,,,,,,,,,,,,,,,,1624.7150536415254,,,,,,
84564000.0,,,,0.0005123752052895725,-0.042929138988256454,1.1126200405442432e-08,-0.03726345673203468,7.549921576810448e-09,1.0588083267211914,5.3400151955429465e-05,-0.014307934790849686,0.1575765311717987,0.8869823217391968,,0.00034493223353802713,,,,,,,
84576000.0,,126.2,693.0,,,,,,,,,,,,,,1.0,54.0,14.0,1.0,22.0,4.0
84628800.0,,152.2,831.0,,,,,,,,,,,,,,1.0,57.0,17.0,1.0,38.0,5.0
84696000.0,,,,0.00047783274203538895,-0.03342616930603981,-1.19209286886246e-09,-0.00010075251339003444,-1.2715657859985185e-08,0.963595449924469,9.116407454712316e-06,0.01784481480717659,0.20183928310871124,0.7796148657798767,,0.00034477160622251756,,,,,,,
84789600.0,,194.2,1290.0,,,,,,,,,,,,,,1.0,92.0,26.0,1.0,24.0,8.0
84818400.0,,,,0.0004203656571917236,-0.020579949021339417,-8.344650304081824e-09,-0.0072252885438501835,-3.774960788405224e-09,0.9104823470115662,-4.786434874404222e-05,-0.04439576715230942,0.16000893712043762,0.7060340046882629,,0.0003446224990774658,,,,,,,
84820800.0,,229.2,1339.0,,,,,,,,,,,,,,1.0,90.0,27.0,1.0,60.0,8.0
84844800.0,,,,0.00030999616137705743,-0.05202530696988106,-1.5894572324981482e-09,-0.07561908662319183,-1.152356521316733e-08,1.1200108528137207,-2.5811721570789814e-05,0.00771116279065609,0.24978500604629517,0.8779142498970032,,0.0003445903183233064,,,,,,,
84876000.0,,141.2,736.0,,,,,,,,,,,,,,1.0,61.0,15.0,1.0,25.0,5.0
84916800.0,,,,0.0003661542432382703,-0.019100895151495934,-3.298123729678082e-08,0.02126704342663288,-1.152356521316733e-08,1.383724331855774,-4.114867260796018e-05,-0.024157868698239326,0.25561267137527466,1.1039164066314697,,0.00034450251589206713,,,,,,,
84940800.0,,111.2,595.0,,,,,,,,,,,,,,1.0,49.0,12.0,1.0,18.0,3.0
85010400.0,,,,0.00034706166479736567,-0.028547853231430054,0.0,-0.03845430165529251,3.1789144649962964e-09,1.1236615180969238,-2.7355104975868016e-05,0.015863247215747833,0.2520795166492462,0.8874213099479675,,0.000344388292422053,,,,,,,
85029600.0,,,,0.00036007820744998753,-0.0005672378465533257,-7.947286162490741e-10,-0.01963558793067932,-1.3510386587256562e-08,1.118509292602539,-3.200741412001662e-05,-0.011424723081290722,0.1958307921886444,0.9112253785133362,,0.00034436485075435916,,,,,,,
85080000.0,,144.2,750.0,,,,,,,,,,,,,,1.0,59.0,15.0,1.0,34.0,4.0
85084800.0,,159.2,860.0,,,,,,,,,,,,,,1.0,67.0,18.0,1.0,30.0,6.0
85161600.0,,108.19999999999999,1087.0,,,,,,,,,,,,,,-1.0,70.0,19.0,1.0,19.0,5.0
85231200.0,,,,0.0003103576018474996,0.026718268170952797,-1.7881394143159923e-08,0.03318069875240326,2.0662943356342112e-08,1.0620558261871338,-2.109245178871788e-05,-0.02598119154572487,0.1442064642906189,0.8918501734733582,,0.0003441184831072629,,,,,,,
85531200.0,,,,0.0003561661287676543,-0.03313588723540306,-4.371007555903361e-09,-0.03246546536684036,1.7682712183386684e-08,0.9843183755874634,-6.631963742620428e-07,-0.02639763057231903,0.18710362911224365,0.7708200216293335,,0.0003437510883457122,,,,,,,
85680000.0,,,,,,,,,,,,,,,,1621.9709897080572,,,,,,
85795200.0,,143.2,797.0,,,,,,,,,,,,,,1.0,63.0,16.0,1.0,24.0,5.0
85862400.0,,,,0.0003506525536067784,-0.03158041089773178,2.582867919542764e-09,-0.04432656243443489,2.38418573772492e-09,1.127422571182251,-3.38482436745835e-06,-0.029974156990647316,0.1460314691066742,0.9514170289039612,,0.00034334441004137996,,,,,,,
85936800.0,,,,,,,,,,,,,,,,1622.2386056785137,,,,,,
85999200.0,,,,0.0003918618895113468,-0.06301585584878922,1.629193668861717e-08,-0.07710278034210205,-4.76837147544984e-09,0.7606953978538513,6.723748083459213e-05,-0.05296000465750694,0.11682373285293579,0.5909828543663025,,0.00034317610626240555,,,,,,,
86001600.0,,175.2,1914.0,,,,,,,,,,,,,,-1.0,97.0,27.0,1.0,31.0,10.0
86013600.0,,,,0.00034083277569152415,-0.013643748126924038,2.781550101360608e-09,-0.02522539161145687,-5.364418242947977e-09,1.3950860500335693,6.023527021170594e-05,-0.04346159100532532,0.22081470489501953,1.130873441696167,,0.0003431583789455325,,,,,,,
86016000.0,,,,,,,,,,,,,,,,1622.2646121718271,,,,,,
86133600.0,,,,,,,,,,,,,,,,1622.3731368234596,,,,,,
86145600.0,,124.2,697.0,,,,,,,,,,,,,,1.0,54.0,14.0,1.0,20.0,4.0
86188800.0,,172.2,1947.0,,,,,,,,,,,,,,-1.0,98.0,28.0,1.0,26.0,10.0
86193600.0,,,,0.0004382346523925662,-0.026552323251962662,-3.5762788286319847e-09,-0.007720191031694412,-3.973643192267673e-09,1.1025522947311401,-8.063426503213122e-05,0.0023935730569064617,0.19662612676620483,0.9082435369491577,,0.0003429366088766316,,,,,,,
86241600.0,,,,0.00038330687675625086,-0.04184192046523094,-5.563100202721216e-09,-0.0416908785700798,6.95387525340152e-10,0.8194261789321899,-4.548136712401174e-05,-0.013762053102254868,0.15022684633731842,0.6553956270217896,,0.00034287741439039836,,,,,,,
86268000.0,,,,,,,,,,,,,,,,1622.5109403306603,,,,,,
86284800.0,,218.2,1356.0,,,,,,,,,,,,,,1.0,101.0,26.0,1.0,27.0,11.0
86328000.0,,136.2,772.0,,,,,,,,,,,,,,1.0,58.0,16.0,1.0,26.0,4.0
86328000.0,,,,,,,,,,,,,,,,1622.6010054411645,,,,,,
86529600.0,,,,,,,,,,,,,,,,1622.821552889695,,,,,,
86572800.0,,,,,,,,,,,,,,0.3007546663284302,,,,,,,,
86630400.0,,,,0.0003623630036599934,-0.07169105112552643,1.2516975900211946e-08,-0.057854823768138885,-1.1324882365215672e-08,1.1820217370986938,2.8216716145834653e-06,-0.05753907561302185,0.19100619852542877,0.9334828853607178,,0.00034239707549690407,,,,,,,
86714400.0,,102.2,535.0,,,,,,,,,,,,,,1.0,40.0,11.0,1.0,19.0,3.0
86776800.0,,92.2,526.0,,,,,,,,,,,,,,1.0,40.0,11.0,1.0,17.0,1.0
86875200.0,,,,0.00031721979030407965,-0.024736233055591583,-3.973643192267673e-09,-0.04225575178861618,-8.145968344308585e-09,0.9856387972831726,-2.180624687753152e-05,-0.016841676086187363,0.16728797554969788,0.8014904856681824,,0.00034209385359294987,,,,,,,
86894400.0,,163.2,1788.0,,,,,,,,,,,,,,-1.0,97.0,27.0,1.0,19.0,10.0
86932800.0,,184.2,1064.0,,,,,,,,,,,,,,1.0,82.0,22.0,1.0,36.0,6.0
86968800.0,,77.4,935.0,,,,,,,,,,,,,,-1.0,68.0,18.0,2.0,11.0,0.0
87055200.0,,133.2,712.0,,,,,,,,,,,,,,1.0,55.0,15.0,1.0,23.0,5.0
87086400.0,,126.2,678.0,,,,,,,,,,,,,,1.0,53.0,14.0,1.0,23.0,4.0
87139200.0,,,,,,,,,,,,,,,,1623.4681239223935,,,,,,
87144000.0,,108.4,624.0,,,,,,,,,,,,,,1.0,49.0,13.0,2.0,18.0,2.0
87175200.0,,,,0.0002459220413584262,-0.027200527489185333,-4.172325152040912e-09,-0.05478358641266823,-5.364418242947977e-09,0.6975435614585876,-3.280958117102273e-05,-0.029836958274245262,0.09574109315872192,0.5719351172447205,,0.0003417214330190925,,,,,,,
87208800.0,,168.4,957.0,,,,,,,,,,,,,,1.0,73.0,19.0,2.0,36.0,5.0
87405600.0,,,,,,,,,,,,,,,,1623.7249193887199,,,,,,
87441600.0,,162.2,907.0,,,,,,,,,,,,,,1.0,69.0,18.0,1.0,27.0,7.0
87472800.0,,,,,,,,,,,,,,,,1623.8046315387467,,,,,,
87494400.0,,,,0.00026683195028454065,-0.018737738952040672,7.947286162490741e-10,-0.01287487056106329,-4.76837147544984e-09,0.909619927406311,9.929583029588684e-06,-0.012079775333404541,0.18101972341537476,0.7165330648422241,,0.00034132418360295955,,,,,,,
87628800.0,,,,,,,,,,,,,,,,1623.9743714721226,,,,,,
87640800.0,,148.2,761.0,,,,,,,,,,,,,,1.0,58.0,16.0,1.0,34.0,5.0
87693600.0,,,,,,,,,,,,,,,,1623.9983618501215,,,,,,
87760800.0,,,,,,,,,,,,,,,,1624.0664984889872,,,,,,
87768000.0,,168.2,995.0,,,,,,,,,,,,,,1.0,75.0,19.0,1.0,22.0,8.0
87804000.0,,152.2,841.0,,,,,,,,,,,,,,1.0,67.0,17.0,1.0,24.0,6.0
87856800.0,,158.2,916.0,,,,,,,,,,,,,,1.0,66.0,19.0,1.0,33.0,5.0
87916800.0,,187.2,991.0,,,,,,,,,,,,,,1.0,77.0,20.0,1.0,42.0,7.0
87916800.0,,,,,,,,,,,,,,0.19837099313735962,,,,,,,,
87993600.0,,151.39999999999998,1378.0,,,,,,,,,,,,,,-1.0,98.0,27.0,2.0,10.0,9.0
88221600.0,,,,0.0003276838979218155,-0.042790550738573074,-1.9868215961338365e-09,-0.004343814216554165,-5.563100202721216e-09,1.0984084606170654,7.88372472015908e-06,-0.02354878932237625,0.19444602727890015,0.8804247379302979,,0.000340415368512025,,,,,,,
88250400.0,,,,0.000324927648762241,-0.04961488023400307,-7.947286384535346e-09,-0.07246741652488708,1.0331471678171056e-08,0.7001202702522278,3.355066655785777e-05,-0.0008016703650355339,0.1361473947763443,0.5632080435752869,,0.00034037926754698107,,,,,,,
88250400.0,,,,,,,,,,,,,,,,1624.563797958427,,,,,,
88272000.0,,165.2,945.0,,,,,,,,,,,,,,1.0,69.0,19.0,1.0,37.0,5.0
88365600.0,,154.2,784.0,,,,,,,,,,,,,,1.0,61.0,16.0,1.0,33.0,6.0
88380000.0,,178.2,1099.0,,,,,,,,,,,,,,1.0,83.0,22.0,1.0,33.0,5.0
88420800.0,,130.2,745.0,,,,,,,,,,,,,,1.0,60.0,15.0,1.0,19.0,4.0
88425600.0,,,,,,,,,,,,,,,,1624.7408367807047,,,,,,
88452000.0,,,,0.00030570224043913186,-0.040670108050107956,-7.947286162490741e-10,-0.04969482123851776,-7.947286162490741e-10,0.9450677633285522,1.6205560314119793e-05,-0.015571634285151958,0.16938528418540955,0.7601300477981567,,0.00034012633079487413,,,,,,,
88490400.0,,,,,,,,,,,,,,,,1624.7660181045662,,,,,,
88497600.0,,,,0.00028722634306177497,-0.09695503115653992,7.947286162490741e-10,-0.09522569179534912,-6.556510889765832e-09,0.8175977468490601,-1.6647631127852947e-05,-0.0454220287501812,0.1626821905374527,0.6094797849655151,,0.0003400690631653785,,,,,,,
88572000.0,,167.4,1690.0,,,,,,,,,,,,,,-1.0,99.0,26.0,2.0,22.0,10.0
88612800.0,,128.2,723.0,,,,,,,,,,,,,,1.0,54.0,14.0,1.0,20.0,5.0
88634400.0,,,,,,,,,,,,,,,,1624.8910350316921,,,,,,
88764000.0,,142.2,772.0,,,,,,,,,,,,,,1.0,55.0,16.0,1.0,31.0,5.0
88766400.0,,168.2,1626.0,,,,,,,,,,,,,,-1.0,99.0,28.0,1.0,21.0,10.0
88996800.0,,173.2,1609.0,,,,,,,,,,,,,,-1.0,100.0,28.0,1.0,21.0,11.0
89148000.0,,,,,,,,,,,,,,,,1625.390841402513,,,,,,
89229600.0,,98.2,515.0,,,,,,,,,,,,,,1.0,40.0,11.0,1.0,19.0,2.0
89280000.0,,205.2,1067.0,,,,,,,,,,,,,,1.0,83.0,22.0,1.0,52.0,7.0
89299200.0,,109.2,575.0,,,,,,,,,,,,,,1.0,47.0,12.0,1.0,18.0,3.0
89311200.0,,153.2,1495.0,,,,,,,,,,,,,,-1.0,97.0,27.0,1.0,13.0,9.0
89313600.0,,,,,,,,,,,,,,,,1625.5365373645575,,,,,,
89335200.0,,,,0.00034954777220264077,-0.008437220938503742,6.556510889765832e-09,0.004159757401794195,1.2715657859985185e-08,1.3233649730682373,2.2301883291220292e-05,-0.009154175408184528,0.19412577152252197,1.1201107501983643,,0.0003390135072954178,,,,,,,
89580000.0,,137.4,882.0,,,,,,,,,,,,,,1.0,62.0,17.0,2.0,26.0,3.0
89580000.0,,,,0.0003478041326161474,-0.04067448899149895,1.0728836485895954e-08,-0.011324293911457062,-1.4901161415892261e-09,1.2339402437210083,2.2764770619687624e-05,-0.00974586047232151,0.25229451060295105,0.9719260931015015,,0.000338703709853277,,,,,,,
89630400.0,,,,,,,,,,,,,,,,1625.8089674306452,,,,,,
89668800.0,,210.2,1210.0,,,,,,,,,,,,,,1.0,90.0,24.0,1.0,44.0,8.0
89671200.0,,,,,,,,,,,,,,,,1625.857428253404,,,,,,
89680800.0,,,,,,,,,,,,,,,,1625.8735387860024,,,,,,
89702400.0,,174.4,1110.0,,,,,,,,,,,,,,1.0,86.0,30.0,2.0,34.0,1.0
89709600.0,,,,0.00031613916507922113,-0.011684950441122055,-5.563100202721216e-09,-0.00396777642890811,-1.0728836485895954e-08,1.1481410264968872,8.096028068393935e-06,-0.038068968802690506,0.19444018602371216,0.9156431555747986,,0.0003385394633145785,,,,,,,
89728800.0,,207.2,1249.0,,,,,,,,,,,,,,1.0,91.0,25.0,1.0,39.0,8.0
89784000.0,,146.2,1611.0,,,,,,,,,,,,,,-1.0,71.0,29.0,1.0,54.0,3.0
89925600.0,,115.2,667.0,,,,,,,,,,,,,,1.0,51.0,14.0,1.0,18.0,3.0
89997600.0,,,,,,,,,,,,,,,,1626.2018027509491,,,,,,
90062400.0,,85.2,1335.0,,,,,,,,,,,,,,-1.0,62.0,26.0,1.0,17.0,0.0
90091200.0,,,,,,,,,,,,,,,,1623.0105812378602,,,,,,
90129600.0,,125.4,795.0,,,,,,,,,,,,,,1.0,66.0,18.0,2.0,21.0,0.0
90146400.0,,,,,,,,,,,,,,,,1623.0555360808826,,,,,,
90252000.0,,,,0.000312648102408275,-0.00014954060316085815,-1.9868215961338365e-09,0.015699705109000206,2.38418573772492e-09,0.7317056059837341,2.5660370738478377e-05,-0.01811467856168747,0.15265755355358124,0.5609621405601501,,0.0003378502951146655,,,,,,,
90504000.0,,95.2,511.0,,,,,,,,,,,,,,1.0,38.0,11.0,1.0,18.0,2.0
90544800.0,,,,,,,,,,,,,,,,1623.4532142035744,,,,,,
90612000.0,,,,,,,,,,,,,,,,1623.4958499303718,,,,,,
90696000.0,,,,0.00042164657497778535,-0.02107028290629387,6.755193293628281e-09,-0.018640849739313126,-1.5894572324981482e-09,0.8052331805229187,5.150932338437997e-05,-0.043309975415468216,0.15633557736873627,0.6056433320045471,,0.00033728404237509614,,,,,,,
90784800.0,,,,,,,,,,,,,,,,1623.6574834571175,,,,,,
90794400.0,,,,,,,,,,,,,,,,1623.668141069679,,,,,,
90796800.0,,,,0.00044863155926577747,-0.02667843922972679,5.165735839085528e-09,-0.025749772787094116,-5.761782606583665e-09,1.0863609313964844,1.9275108570582233e-05,-0.028578216210007668,0.1540117710828781,0.9037947654724121,,0.000337155224438632,,,,,,,
90823200.0,,,,,,,,,,,,,,,,1623.6739175850275,,,,,,
90852000.0,,205.2,1579.0,,,,,,,,,,,,,,1.0,98.0,30.0,1.0,21.0,9.0
90852000.0,,66.2,337.0,,,,,,,,,,,,,,1.0,24.0,7.0,1.0,15.0,0.0
91176000.0,,,,0.0002852693141903728,-0.027719829231500626,1.2318293940438707e-08,-0.0030853361822664738,-1.9868215961338365e-09,1.4519460201263428,-1.03646580100758e-05,0.009084755554795265,0.5153048038482666,0.94571852684021,,0.0003366697549932946,,,,,,,
91219200.0,,170.39999999999998,2630.0,,,,,,,,,,,,,,-1.0,98.0,38.0,2.0,54.0,0.0
91221600.0,,,,0.0003526989312376827,0.0036119811702519655,-6.357828929992593e-09,0.02813292294740677,6.1591469702193535e-09,0.8084020614624023,4.6519533498212695e-05,0.008998686447739601,0.13608646392822266,0.6813642978668213,,0.0003366112835505671,,,,,,,
91303200.0,,126.39999999999998,1288.0,,,,,,,,,,,,,,-1.0,82.0,23.0,2.0,17.0,6.0
91495200.0,,,,,,,,,,,,,,,,1624.2595055165932,,,,,,
91531200.0,,132.2,727.0,,,,,,,,,,,,,,1.0,62.0,15.0,1.0,23.0,3.0
91627200.0,,100.2,1180.0,,,,,,,,,,,,,,-1.0,70.0,20.0,1.0,10.0,5.0
91675200.0,,202.2,1102.0,,,,,,,,,,,,,,1.0,85.0,22.0,1.0,47.0,7.0
91687200.0,,,,0.0002790530270431191,-0.049773208796978,-1.9868215517249155e-08,-0.007643247488886118,-7.748604424762107e-09,0.8795924186706543,-1.1966411875619087e-05,-0.05568363144993782,0.09708619862794876,0.7268134355545044,,0.00033601313136040326,,,,,,,
91704000.0,,119.2,655.0,,,,,,,,,,,,,,1.0,48.0,14.0,1.0,29.0,2.0
91716000.0,,106.2,581.0,,,,,,,,,,,,,,1.0,46.0,12.0,1.0,20.0,2.0
91742400.0,,86.2,480.0,,,,,,,,,,,,,,1.0,37.0,10.0,1.0,15.0,1.0
91747200.0,,132.2,1405.0,,,,,,,,,,,,,,-1.0,85.0,26.0,1.0,13.0,7.0
91759200.0,,,,,,,,,,,,,,,,1624.455974966301,,,,,,
91766400.0,,,,,,,,,,,,,,,,1624.469351163235,,,,,,
91795200.0,,,,,,,,,,,,,,,,1624.4914063535912,,,,,,
91802400.0,,158.2,1910.0,,,,,,,,,,,,,,-1.0,96.0,28.0,1.0,18.0,9.0
92114400.0,,,,0.000276082253549248,-0.003280000062659383,-4.76837147544984e-09,-0.010767092928290367,-2.9802322831784522e-09,0.6804822683334351,-5.118160061101662e-06,0.01554631907492876,0.17039115726947784,0.5256350636482239,,0.00033546251219103933,,,,,,,
92138400.0,,,,,,,,,,,,,,,,1624.808470407858,,,,,,
92196000.0,,191.2,1250.0,,,,,,,,,,,,,,1.0,90.0,25.0,1.0,36.0,5.0
92316000.0,,140.2,1277.0,,,,,,,,,,,,,,-1.0,86.0,25.0,1.0,17.0,8.0
92390400.0,,,,,,,,,,,,,,0.16444256901741028,,,,,,,,
92400000.0,,,,0.00030820301617495716,-0.029219703748822212,-3.973643192267673e-09,-0.025478685274720192,-2.1855037779516806e-09,0.8742708563804626,2.4381028197240084e-05,-0.021042412146925926,0.15401692688465118,0.6992390155792236,,0.0003350934469868898,,,,,,,
92419200.0,,134.2,1305.0,,,,,,,,,,,,,,-1.0,91.0,23.0,1.0,12.0,7.0
92460000.0,,173.2,1576.0,,,,,,,,,,,,,,-1.0,99.0,29.0,1.0,25.0,10.0
92500800.0,,,,,,,,,,,,,,,,1625.1645593609912,,,,,,
92520000.0,,,,0.00023335398873314261,-0.024230822920799255,1.5894572324981482e-09,-0.008016977459192276,1.9868215961338365e-09,1.4562445878982544,-5.1936098316218704e-05,0.044932205229997635,0.3841129541397095,1.1170142889022827,,0.0003349381502905733,,,,,,,
92534400.0,,243.2,1744.0,,,,,,,,,,,,,,1.0,98.0,34.0,1.0,63.0,7.0
92570400.0,,139.2,766.0,,,,,,,,,,,,,,1.0,57.0,15.0,1.0,31.0,4.0
92640000.0,,,,0.000308702903566882,-0.03797895461320877,1.7086664527710127e-08,-0.03422192484140396,1.0331471678171056e-08,0.808732807636261,3.3420586987631395e-05,-0.026304122060537338,0.13412955403327942,0.6483356952667236,,0.00033478271946532374,,,,,,,
93168000.0,,,,,,,,,,,,,,,,1625.7164878326619,,,,,,
93268800.0,,123.2,730.0,,,,,,,,,,,,,,1.0,58.0,15.0,1.0,18.0,3.0
93273600.0,,141.2,1275.0,,,,,,,,,,,,,,-1.0,88.0,25.0,1.0,12.0,9.0
93276000.0,,,,,,,,,,,,,,,,1625.7513673260441,,,,,,
93312000.0,,,,,,,,,,,,,,,,1625.7929543906325,,,,,,
93319200.0,,,,,,,,,,,,,,,,1625.801078707943,,,,,,
93410400.0,,169.2,927.0,,,,,,,,,,,,,,1.0,69.0,19.0,1.0,37.0,6.0
93415200.0,,,,0.00023687216162215918,-0.04857157915830612,6.755193293628281e-09,-0.06629641354084015,7.549921576810448e-09,0.614975094795227,-1.073430848919088e-05,-0.03799283504486084,0.09917569905519485,0.4777982234954834,,0.00033377542108797126,,,,,,,
93470400.0,,160.2,942.0,,,,,,,,,,,,,,1.0,69.0,19.0,1.0,32.0,5.0
93472800.0,,,,,,,,,,,,,,,,1625.9022057382647,,,,,,
93516000.0,,,,0.00039756609476171434,0.0048682792112231255,1.9868215406226852e-10,0.0257541723549366,-2.0066897477022394e-08,0.9974030256271362,-5.9744295867858455e-05,-0.015880893915891647,0.16991835832595825,0.8115479946136475,,0.0003336440340871708,,,,,,,
93573600.0,,103.2,575.0,,,,,,,,,,,,,,1.0,45.0,12.0,1.0,18.0,2.0
93580800.0,,,,,,,,,,,,,,,,1625.930246572313,,,,,,
93628800.0,,154.39999999999998,1531.0,,,,,,,,,,,,,,-1.0,98.0,27.0,2.0,13.0,9.0
93864000.0,,151.2,815.0,,,,,,,,,,,,,,1.0,63.0,17.0,1.0,27.0,6.0
93931200.0,,,,,,,,,,,,,,,,1626.218048494172,,,,,,
93936000.0,,134.2,748.0,,,,,,,,,,,,,,1.0,59.0,15.0,1.0,24.0,4.0
94003200.0,,137.2,745.0,,,,,,,,,,,,,,1.0,59.0,15.0,1.0,23.0,5.0
94039200.0,,,,,,,,,,,,,,,,1626.284950856163,,,,,,
94178400.0,,163.2,2369.0,,,,,,,,,,,,,,-1.0,98.0,30.0,1.0,19.0,9.0
94200000.0,,148.2,1454.0,,,,,,,,,,,,,,-1.0,97.0,26.0,1.0,13.0,8.0
94257600.0,,161.2,1647.0,,,,,,,,,,,,,,-1.0,97.0,28.0,1.0,16.0,10.0
94296000.0,,156.2,1466.0,,,,,,,,,,,,,,-1.0,98.0,28.0,1.0,14.0,9.0
94334400.0,,159.2,817.0,,,,,,,,,,,,,,1.0,65.0,17.0,1.0,37.0,5.0
94382400.0,,114.2,601.0,,,,,,,,,,,,,,1.0,49.0,13.0,1.0,20.0,3.0
94468800.0,,122.4,643.0,,,,,,,,,,,,,,1.0,49.0,13.0,2.0,28.0,3.0
94555200.0,,,,0.0003312340995762497,-0.013955567963421345,-6.258487950105973e-09,0.016784898936748505,-9.53674295089968e-09,1.3448113203048706,-6.5185347921215e-05,-0.01358275767415762,0.2515263557434082,1.0796403884887695,,0.0003322840898852423,,,,,,,
94641600.0,,,,0.0002826387353707105,-0.04010043665766716,7.947286162490741e-10,-0.0451938696205616,1.0927518445669193e-08,0.7284230589866638,2.344427593925502e-05,-0.023832665756344795,0.1292252093553543,0.5753914713859558,,0.00033217058193649125,,,,,,,
94778400.0,,107.2,586.0,,,,,,,,,,,,,,1.0,46.0,12.0,1.0,21.0,2.0
94814400.0,,127.19999999999999,1405.0,,,,,,,,,,,,,,-1.0,83.0,26.0,1.0,10.0,7.0
94975200.0,,177.2,1023.0,,,,,,,,,,,,,,1.0,77.0,21.0,1.0,35.0,6.0
95004000.0,,,,,,,,,,,,,,,,1623.6241752885442,,,,,,
95061600.0,,146.2,1525.0,,,,,,,,,,,,,,-1.0,94.0,28.0,1.0,12.0,8.0
95061600.0,,,,0.0002362803352298215,-0.09078012406826019,3.1789144649962964e-09,-0.12321113795042038,-3.9736430812453705e-10,0.9834520220756531,-3.377340908627957e-05,-0.021560290828347206,0.19520924985408783,0.7666510939598083,,0.0003316178506239644,,,,,,,
95284800.0,,146.2,829.0,,,,,,,,,,,,,,1.0,66.0,17.0,1.0,23.0,5.0
95431200.0,,,,0.0002955402305815369,-0.009568240493535995,-1.867612198225288e-08,-0.012314971536397934,3.9736430812453705e-10,1.2687771320343018,-6.13661904935725e-05,-0.025859106332063675,0.185377836227417,1.0574817657470703,,0.00033113014069151476,,,,,,,
95546400.0,,129.2,666.0,,,,,,,,,,,,,,1.0,56.0,14.0,1.0,23.0,4.0
95596800.0,,183.2,1135.0,,,,,,,,,,,,,,1.0,81.0,23.0,1.0,35.0,6.0
95630400.0,,,,,,,,,,,,,,,,1624.0501196929768,,,,,,
95892000.0,,,,0.0002634333504829556,-0.08780615031719208,-3.5762788286319847e-09,-0.0883914977312088,-7.947286162490741e-10,1.3278716802597046,-2.4934672183007933e-05,0.006941908970475197,0.21259120106697083,1.1222001314163208,,0.00033052038540035307,,,,,,,
96007200.0,,,,0.0002683294878806919,-0.01935643143951893,8.344650304081824e-09,-0.06197157874703407,7.947286162490741e-10,0.6097968816757202,-3.4166889236075804e-05,0.011545958928763866,0.14230342209339142,0.47900792956352234,,0.00033036765306273576,,,,,,,
96144000.0,,,,,,,,,,,,,,,,1624.4662283089654,,,,,,
96153600.0,,128.2,808.0,,,,,,,,,,,,,,1.0,62.0,17.0,1.0,29.0,0.0
96220800.0,,218.2,1335.0,,,,,,,,,,,,,,1.0,88.0,26.0,1.0,52.0,8.0
96247200.0,,,,,,,,,,,,,,,,1624.543349224511,,,,,,
96403200.0,,92.2,525.0,,,,,,,,,,,,,,1.0,43.0,11.0,1.0,18.0,0.0
96463200.0,,,,,,,,,,,,,,,,1624.6019801557072,,,,,,
96501600.0,,118.2,655.0,,,,,,,,,,,,,,1.0,51.0,13.0,1.0,22.0,3.0
96547200.0,,145.2,1485.0,,,,,,,,,,,,,,-1.0,97.0,26.0,1.0,6.0,9.0
96612000.0,,,,0.00022262497805058956,-0.03399299830198288,-2.781550101360608e-09,-0.05692218989133835,-2.781550101360608e-09,0.8752527832984924,2.1002500943723135e-05,0.0013762172311544418,0.16186414659023285,0.714788019657135,,0.0003295638945617841,,,,,,,
96720000.0,,160.2,1551.0,,,,,,,,,,,,,,-1.0,96.0,28.0,1.0,20.0,9.0
96727200.0,,,,0.0002712192654144019,-0.0986044779419899,-4.76837147544984e-09,-0.08081811666488647,-3.1789144649962964e-09,1.050784945487976,-3.366561941220425e-06,-0.022164495661854744,0.20416709780693054,0.824452817440033,,0.00032941043486740904,,,,,,,
96876000.0,,,,,,,,,,,,,,,,1624.807976304896,,,,,,
96878400.0,,120.4,1468.0,,,,,,,,,,,,,,-1.0,93.0,36.0,2.0,11.0,0.0
96902400.0,,,,,,,,,,,,,,,,1624.8108253283938,,,,,,
96967200.0,,121.2,785.0,,,,,,,,,,,,,,1.0,52.0,16.0,1.0,25.0,2.0
97070400.0,,,,,,,,,,,,,,,,1624.9712848617676,,,,,,
97118400.0,,,,0.00023018053616397083,-0.029125576838850975,9.53674295089968e-09,-0.01990780234336853,-3.9736430812453705e-10,1.0149097442626953,-1.5584470020257868e-05,-0.04169373959302902,0.13183842599391937,0.8413642644882202,,0.00032888845007862704,,,,,,,
97142400.0,,183.2,1151.0,,,,,,,,,,,,,,1.0,88.0,23.0,1.0,36.0,4.0
97200000.0,,40.2,1055.0,,,,,,,,,,,,,,-1.0,30.0,8.0,1.0,14.0,2.0
97200000.0,,,,0.0002903286658693105,-0.03765864297747612,-1.390775050680304e-09,-0.04455699399113655,-1.9868215961338365e-09,0.9760751724243164,2.1630436094710603e-05,-0.008082539774477482,0.16093139350414276,0.8070857524871826,,0.00032877940264292905,,,,,,,
97250400.0,,176.2,1032.0,,,,,,,,,,,,,,1.0,80.0,21.0,1.0,35.0,5.0
97276800.0,,168.2,996.0,,,,,,,,,,,,,,1.0,76.0,20.0,1.0,32.0,5.0
97324800.0,,202.39999999999998,1395.0,,,,,,,,,,,,,,1.0,102.0,39.0,2.0,41.0,0.0
97394400.0,,,,0.0003144559159409255,0.004181379452347755,-2.582867919542764e-09,-0.0010591542813926935,5.364418242947977e-09,0.7489906549453735,2.4273119834106183e-06,0.0018328719306737185,0.12784530222415924,0.6229838132858276,,0.00032851938154806966,,,,,,,
97396800.0,,182.2,1209.0,,,,,,,,,,,,,,1.0,87.0,24.0,1.0,35.0,4.0
97423200.0,,116.19999999999999,1163.0,,,,,,,,,,,,,,-1.0,77.0,23.0,1.0,12.0,6.0
97461600.0,,126.4,683.0,,,,,,,,,,,,,,1.0,58.0,14.0,2.0,22.0,3.0
97478400.0,,159.2,923.0,,,,,,,,,,,,,,1.0,69.0,19.0,1.0,31.0,5.0
97574400.0,,191.2,1386.0,,,,,,,,,,,,,,1.0,91.0,27.0,1.0,21.0,8.0
97574400.0,,,,,,,,,,,,,,0.1717609167098999,,,,,,,,
97660800.0,,,,0.0003237469354644418,-0.053093817085027695,-3.1789144649962964e-09,-0.021110057830810547,-1.2715657859985185e-08,1.1113559007644653,2.1920726794633083e-05,-0.022373460233211517,0.24773813784122467,0.8412694334983826,,0.00032816252805341486,,,,,,,
97737600.0,,,,,,,,,,,,,,,,1625.3873536667602,,,,,,
97864800.0,,162.2,1612.0,,,,,,,,,,,,,,-1.0,99.0,30.0,1.0,13.0,10.0
97917600.0,,143.2,945.0,,,,,,,,,,,,,,1.0,56.0,18.0,1.0,33.0,4.0
98059200.0,,,,0.0002423713740427047,-0.05892074853181839,3.973643192267673e-09,-0.03949974477291107,5.563100202721216e-09,0.8573583960533142,2.407652027613949e-05,-0.014515885151922703,0.13849541544914246,0.7043736577033997,,0.0003276277210121929,,,,,,,
98085600.0,,,,,,,,,,,,,,,,1625.5770319597045,,,,,,
98092800.0,,,,0.0002270797558594495,-0.05696554854512215,1.0331471678171056e-08,-0.04343195632100105,-1.1126200405442432e-08,0.8143316507339478,3.736789949471131e-06,0.02819082885980606,0.12109354883432388,0.7214348912239075,,0.00032758255489116886,,,,,,,
98097600.0,,160.2,947.0,,,,,,,,,,,,,,1.0,68.0,19.0,1.0,33.0,5.0
98342400.0,,,,0.00024237796606030315,-0.03631403669714928,-3.3775966468141405e-09,-0.030588919296860695,-1.3510386587256562e-08,0.8376407027244568,-2.1358819140004925e-05,-0.044787537306547165,0.12671902775764465,0.6661152243614197,,0.00032724673481326536,,,,,,,
98445600.0,,109.2,605.0,,,,,,,,,,,,,,1.0,49.0,13.0,1.0,19.0,2.0
98522400.0,,117.2,660.0,,,,,,,,,,,,,,1.0,55.0,14.0,1.0,20.0,2.0
98697600.0,,149.39999999999998,1365.0,,,,,,,,,,,,,,-1.0,100.0,27.0,2.0,14.0,7.0
98716800.0,,,,0.00028704365831799805,-0.03416206315159798,0.0,-0.0007888501859270036,5.9604645663569045e-09,0.9711287021636963,5.1175498811062425e-05,0.002281834837049246,0.20106077194213867,0.7724037766456604,,0.0003267420158875858,,,,,,,
98786400.0,,111.19999999999999,1141.0,,,,,,,,,,,,,,-1.0,85.0,23.0,1.0,7.0,4.0
98858400.0,,112.4,595.0,,,,,,,,,,,,,,1.0,51.0,12.0,2.0,21.0,2.0
98884800.0,,142.59999999999997,1470.0,,,,,,,,,,,,,,-1.0,97.0,27.0,3.0,6.0,8.0
98913600.0,,138.2,1405.0,,,,,,,,,,,,,,-1.0,89.0,27.0,1.0,10.0,8.0
98956800.0,,107.2,1265.0,,,,,,,,,,,,,,-1.0,69.0,22.0,1.0,12.0,6.0
99124800.0,,138.2,1305.0,,,,,,,,,,,,,,-1.0,89.0,26.0,1.0,11.0,8.0
99132000.0,,199.59999999999997,1165.0,,,,,,,,,,,,,,1.0,90.0,24.0,3.0,41.0,6.0
99192000.0,,146.2,1365.0,,,,,,,,,,,,,,-1.0,95.0,26.0,1.0,13.0,8.0
99196800.0,,114.2,627.0,,,,,,,,,,,,,,1.0,50.0,13.0,1.0,23.0,2.0
99204000.0,,,,0.0002898552920669317,-0.0317474827170372,-7.947286162490741e-10,-0.028139986097812653,1.7881394143159923e-09,0.9226219058036804,3.2620609999867156e-05,-0.03659657761454582,0.16805201768875122,0.7180088758468628,,0.00032608346904344554,,,,,,,
99297600.0,,161.2,1475.0,,,,,,,,,,,,,,-1.0,98.0,27.0,1.0,20.0,9.0
99316800.0,,97.2,509.0,,,,,,,,,,,,,,1.0,40.0,11.0,1.0,18.0,2.0
99556800.0,,158.39999999999998,945.0,,,,,,,,,,,,,,1.0,74.0,19.0,2.0,25.0,5.0
99708000.0,,,,,,,,,,,,,,,,1626.663288492014,,,,,,
99720000.0,,131.2,713.0,,,,,,,,,,,,,,1.0,59.0,15.0,1.0,25.0,3.0
99727200.0,,,,0.0003082077600993216,-0.058068759739398956,-1.5894572324981482e-09,-0.09091038256883621,2.9802322831784522e-09,1.0076549053192139,7.106500561349094e-05,-0.029586423188447952,0.19313563406467438,0.7850069999694824,,0.0003253740562229201,,,,,,,
99748800.0,,163.2,1570.0,,,,,,,,,,,,,,-1.0,99.0,31.0,1.0,17.0,9.0
99924000.0,,186.2,1065.0,,,,,,,,,,,,,,1.0,83.0,22.0,1.0,37.0,6.0
99940800.0,,,,0.00027439501718617976,-0.02263883501291275,6.755193293628281e-09,-0.005009837448596954,1.1126200405442432e-08,0.7500367164611816,1.9449973478913307e-05,-0.02133079245686531,0.13494038581848145,0.5937877297401428,,0.000325083781920314,,,,,,,
99948000.0,,,,,,,,,,,,,,,,1626.8746529704626,,,,,,
99972000.0,,,,0.0002741859352681786,-0.027751103043556213,1.19209286886246e-09,-0.025842219591140747,6.357828929992593e-09,1.061833143234253,2.302925167896319e-06,-0.027822015807032585,0.1678505390882492,0.8661655783653259,,0.00032504135082435045,,,,,,,
99998400.0,,110.2,595.0,,,,,,,,,,,,,,1.0,48.0,12.0,1.0,22.0,2.0
100068000.0,,125.2,685.0,,,,,,,,,,,,,,1.0,55.0,14.0,1.0,24.0,3.0
100159200.0,,,,0.00031248159939423203,-0.0654795914888382,-1.3113021779531664e-08,-0.1018781065940857,-3.1789144649962964e-09,0.8214290142059326,2.7745187253458425e-05,-0.013944245874881744,0.17070388793945312,0.6368117332458496,,0.00032478659618377995,,,,,,,
100183200.0,,115.2,625.0,,,,,,,,,,,,,,1.0,50.0,13.0,1.0,20.0,3.0
100185600.0,,,,,,,,,,,,,,0.14676590263843536,,,,,,,,
100298400.0,,155.2,1419.0,,,,,,,,,,,,,,-1.0,98.0,28.0,1.0,13.0,9.0
100377600.0,,,,,,,,,,,,,,,,1623.9182903214873,,,,,,
100406400.0,,156.2,1686.0,,,,,,,,,,,,,,-1.0,99.0,30.0,1.0,11.0,9.0
100449600.0,,,,,,,,,,,,,,,,1623.9835753550763,,,,,,
100485600.0,,52.2,1405.0,,,,,,,,,,,,,,-1.0,28.0,8.0,1.0,24.0,3.0
100514400.0,,,,,,,,,,,,,,,,1624.0524791117302,,,,,,
100567200.0,,138.2,1423.0,,,,,,,,,,,,,,-1.0,89.0,26.0,1.0,11.0,8.0
100660800.0,,226.2,1397.0,,,,,,,,,,,,,,1.0,101.0,27.0,1.0,34.0,11.0
100728000.0,,121.4,706.0,,,,,,,,,,,,,,1.0,57.0,15.0,2.0,21.0,2.0
100756800.0,,,,,,,,,,,,,,,,1624.251312674516,,,,,,
100800000.0,,,,,,,,,,,,,,,,1624.29657297043,,,,,,
100819200.0,,,,,,,,,,,,,,,,1624.317341709508,,,,,,
100860000.0,,106.2,579.0,,,,,,,,,,,,,,1.0,46.0,12.0,1.0,20.0,2.0
100872000.0,,172.2,1043.0,,,,,,,,,,,,,,1.0,80.0,21.0,1.0,27.0,6.0
100999200.0,,,,,,,,,,,,,,,,1624.39272829023,,,,,,
101061600.0,,163.2,1550.0,,,,,,,,,,,,,,-1.0,100.0,31.0,1.0,16.0,9.0
101102400.0,,126.19999999999999,1390.0,,,,,,,,,,,,,,-1.0,88.0,25.0,1.0,5.0,7.0
101133600.0,,145.2,1390.0,,,,,,,,,,,,,,-1.0,92.0,27.0,1.0,10.0,9.0
101138400.0,,,,0.00040970082045532763,-0.015395908616483212,5.9604643443123e-10,-0.0012882263399660587,1.0728836485895954e-08,0.8839414715766907,7.996498607099056e-05,-0.0025927501264959574,0.12838399410247803,0.7530487775802612,,0.00032344937250140923,,,,,,,
101150400.0,,142.39999999999998,1373.0,,,,,,,,,,,,,,-1.0,98.0,26.0,2.0,6.0,8.0
101152800.0,,,,,,,,,,,,,,,,1624.4794117798122,,,,,,
101167200.0,,179.2,1055.0,,,,,,,,,,,,,,1.0,79.0,22.0,1.0,34.0,6.0
101174400.0,,137.2,786.0,,,,,,,,,,,,,,1.0,60.0,16.0,1.0,25.0,4.0
101193600.0,,,,0.00024700697395019233,-0.0762777328491211,3.5762788286319847e-09,-0.06512481719255447,7.947286162490741e-10,0.9145156741142273,5.4508698667632416e-05,-0.015041033737361431,0.1900627166032791,0.7094689011573792,,0.00032337375852002463,,,,,,,
101210400.0,,,,0.0003246269188821316,-0.04218928888440132,-1.2715657859985185e-08,-0.025709833949804306,-1.629193668861717e-08,0.888892412185669,-1.4553654182236642e-05,-0.035888321697711945,0.12743081152439117,0.7255619764328003,,0.0003233507407015832,,,,,,,
101294400.0,,136.2,740.0,,,,,,,,,,,,,,1.0,63.0,15.0,1.0,22.0,4.0
101395200.0,,,,0.000233745900914073,-0.03814812749624252,-4.76837147544984e-09,-0.036390844732522964,4.76837147544984e-09,0.9411864876747131,1.7621383449295536e-05,-0.051067400723695755,0.1979498267173767,0.6921892166137695,,0.00032309739501672885,,,,,,,
101414400.0,,110.2,605.0,,,,,,,,,,,,,,1.0,48.0,13.0,1.0,21.0,2.0
101474400.0,,233.2,1358.0,,,,,,,,,,,,,,1.0,94.0,27.0,1.0,56.0,9.0
101488800.0,,132.2,697.0,,,,,,,,,,,,,,1.0,59.0,14.0,1.0,23.0,4.0
101510400.0,,,,0.0002811725717037916,-0.0573989562690258,3.5762788286319847e-09,-0.08672162890434265,3.774960788405224e-09,1.0093481540679932,1.8158643797505647e-05,0.0044633978977799416,0.2505737841129303,0.7632588148117065,,0.0003229393266619526,,,,,,,
101524800.0,,187.2,4000.0,,,,,,,,,,,,,,0.0,102.0,33.0,1.0,20.0,8.0
101539200.0,,,,0.00028593934257514775,-0.025118306279182434,1.291433959771382e-09,-0.00041231355862692,-4.76837147544984e-09,1.1372981071472168,2.2061472918721847e-05,-0.025259291753172874,0.15805502235889435,0.9540086984634399,,0.00032289979297818293,,,,,,,
101546400.0,,117.2,625.0,,,,,,,,,,,,,,1.0,49.0,13.0,1.0,23.0,3.0
101599200.0,,141.4,1473.0,,,,,,,,,,,,,,-1.0,94.0,27.0,2.0,12.0,7.0
101791200.0,,,,,,,,,,,,,,,,1624.9648285646633,,,,,,
101844000.0,,101.2,530.0,,,,,,,,,,,,,,1.0,44.0,11.0,1.0,18.0,2.0
101846400.0,,,,,,,,,,,,,,,,1624.9660970272791,,,,,,
101858400.0,,103.2,571.0,,,,,,,,,,,,,,1.0,45.0,12.0,1.0,18.0,2.0
101923200.0,,,,0.00035256825503893197,-0.08327633142471313,9.53674295089968e-09,-0.11187158524990082,2.781550101360608e-09,1.2669302225112915,-1.1359217069184524e-06,0.053659871220588684,0.354127436876297,0.9664650559425354,,0.0003223720449945788,,,,,,,
102144000.0,,,,0.0003125521761830896,-0.0913427472114563,-4.967053879312289e-09,-0.11422660946846008,5.563100202721216e-09,0.9620615243911743,0.0002631891693454236,0.009151251055300236,0.18265025317668915,0.7888287901878357,,0.0003220680594381804,,,,,,,
102417600.0,,,,0.00026865879772230983,-0.0633455440402031,-4.371007555903361e-09,-0.10420138388872147,6.357828929992593e-09,0.9387289881706238,6.013059464748949e-05,-0.04858042672276497,0.1977788656949997,0.6924325227737427,,0.0003216908473428352,,,,,,,
102494400.0,,160.2,927.0,,,,,,,,,,,,,,1.0,71.0,20.0,1.0,29.0,5.0
102516000.0,,,,,,,,,,,,,,,,1625.4578227551008,,,,,,
102525600.0,,,,0.00036481517599895597,-0.043815672397613525,-5.761782606583665e-09,-0.07259851694107056,3.774960788405224e-09,1.1148821115493774,6.20931459707208e-05,-0.015487375669181347,0.2043469250202179,0.8951135277748108,,0.0003215417856564819,,,,,,,
102636000.0,,171.2,989.0,,,,,,,,,,,,,,1.0,75.0,20.0,1.0,36.0,5.0
102669600.0,,,,,,,,,,,,,,,,1625.5475160325432,,,,,,
102676800.0,,154.2,877.0,,,,,,,,,,,,,,1.0,69.0,18.0,1.0,31.0,4.0
102703200.0,,,,0.0003657081688288599,-0.06901579350233078,7.3512396170372085e-09,-0.0729367583990097,1.7881394143159923e-09,1.4561071395874023,-8.958344551501796e-06,-0.015490281395614147,0.24949198961257935,1.19111967086792,,0.00032129646311333874,,,,,,,
102880800.0,,133.2,747.0,,,,,,,,,,,,,,1.0,60.0,15.0,1.0,22.0,4.0
102883200.0,,130.2,1360.0,,,,,,,,,,,,,,-1.0,89.0,25.0,1.0,8.0,7.0
102885600.0,,92.2,498.0,,,,,,,,,,,,,,1.0,37.0,10.0,1.0,17.0,2.0
102993600.0,,168.2,975.0,,,,,,,,,,,,,,1.0,73.0,20.0,1.0,31.0,6.0
103020000.0,,181.2,1090.0,,,,,,,,,,,,,,1.0,83.0,22.0,1.0,32.0,6.0
103224000.0,,,,0.00023150327615439892,-0.017337333410978317,-4.172325152040912e-09,-0.0037886148784309626,-9.934107703113426e-11,0.7256643176078796,-1.3242501154309139e-05,0.004714748356491327,0.1428837925195694,0.5874843597412109,,0.00032057565258276075,,,,,,,
103466400.0,,,,0.00029990923940204084,-0.05828902870416641,4.76837147544984e-09,-0.070920929312706,8.742015111806722e-09,0.7482828497886658,3.4094198781531304e-05,-0.005605777725577354,0.13734349608421326,0.6053706407546997,,0.0003202394429191553,,,,,,,
103473600.0,,136.2,1477.0,,,,,,,,,,,,,,-1.0,95.0,27.0,1.0,10.0,6.0
103509600.0,,,,,,,,,,,,,,,,1625.8983647527743,,,,,,
103540800.0,,,,0.0002541818539611995,-0.06609296053647995,2.9802322831784522e-09,-0.07691122591495514,-4.967053879312289e-09,1.5572577714920044,-2.1331265088520013e-05,0.006563411559909582,0.4744420349597931,1.0893603563308716,,0.0003201361589786468,,,,,,,
103545600.0,,,,,,,,,,,,,,0.3620249629020691,,,,,,,,
103557600.0,,129.2,1247.0,,,,,,,,,,,,,,-1.0,81.0,25.0,1.0,15.0,7.0
103557600.0,,92.2,535.0,,,,,,,,,,,,,,1.0,41.0,11.0,1.0,20.0,0.0
103581600.0,,,,,,,,,,,,,,,,1625.9590536204435,,,,,,
103596000.0,,,,,,,,,,,,,,,,1625.9664795431793,,,,,,
103634400.0,,131.2,1263.0,,,,,,,,,,,,,,-1.0,88.0,24.0,1.0,11.0,7.0
103694400.0,,,,0.0002827738644555211,-0.012972822412848473,-4.5696895156766004e-09,-0.028835371136665344,6.755193293628281e-09,0.7375943064689636,-7.786587957525626e-05,0.021214818581938744,0.20383340120315552,0.5549006462097168,,0.00031992279301043536,,,,,,,
103716000.0,,,,,,,,,,,,,,,,1626.0299431039066,,,,,,
103725600.0,,,,,,,,,,,,,,,,1626.0359977926332,,,,,,
103872000.0,,91.4,485.0,,,,,,,,,,,,,,1.0,39.0,10.0,2.0,18.0,1.0
103929600.0,,183.2,982.0,,,,,,,,,,,,,,1.0,79.0,20.0,1.0,40.0,6.0
103944000.0,,130.39999999999998,1370.0,,,,,,,,,,,,,,-1.0,86.0,25.0,2.0,11.0,7.0
103987200.0,,,,,,,,,,,,,,,,1626.2457738562782,,,,,,
104104800.0,,162.39999999999998,2479.0,,,,,,,,,,,,,,-1.0,102.0,33.0,2.0,23.0,6.0
104138400.0,,126.4,1347.0,,,,,,,,,,,,,,-1.0,89.0,24.0,2.0,5.0,7.0
104162400.0,,116.19999999999999,1205.0,,,,,,,,,,,,,,-1.0,80.0,20.0,1.0,12.0,6.0
104224800.0,,,,0.00024419682449661195,-0.06968957185745239,-1.19209286886246e-09,-0.0873188003897667,4.76837147544984e-09,1.2605053186416626,3.114185165031813e-05,0.01664699614048004,0.2977847158908844,0.9794010519981384,,0.00031918462619528613,,,,,,,
104311200.0,,,,0.0003082735347561538,-0.0507533960044384,2.781550101360608e-09,-0.02081669308245182,-1.3113021779531664e-08,0.7734820246696472,3.1604740797774866e-05,0.006575528997927904,0.1820889115333557,0.5980033278465271,,0.00031906417906505194,,,,,,,
104349600.0,,119.2,665.0,,,,,,,,,,,,,,1.0,53.0,14.0,1.0,20.0,3.0
104364000.0,,138.4,765.0,,,,,,,,,,,,,,1.0,63.0,15.0,2.0,24.0,4.0
104366400.0,,,,0.00023509781749453396,-0.09775665402412415,-3.9736430812453705e-10,-0.09741313010454178,-9.33806099112644e-09,0.7893103957176208,-3.22054693242535e-05,0.010347940027713776,0.11774462461471558,0.6818838119506836,,0.0003189871971262661,,,,,,,
104368800.0,,,,0.0002479047398082912,-0.05745704844594002,6.357828929992593e-09,-0.07794259488582611,-8.940697071579962e-09,0.8142169713973999,6.457790959757403e-07,-0.028298551216721535,0.12496775388717651,0.6609538197517395,,0.00031898384956235027,,,,,,,
104388000.0,,201.2,1420.0,,,,,,,,,,,,,,1.0,95.0,29.0,1.0,37.0,5.0
104522400.0,,137.2,858.0,,,,,,,,,,,,,,1.0,61.0,16.0,1.0,24.0,4.0
104637600.0,,,,0.0002936538658104837,-0.018076008185744286,-6.258487950105973e-09,-0.04905717447400093,-9.53674295089968e-09,0.8152098059654236,1.2207536201458424e-05,-0.001237938879057765,0.14825081825256348,0.665736198425293,,0.00031860864716294607,,,,,,,
104642400.0,,114.19999999999999,1146.0,,,,,,,,,,,,,,-1.0,78.0,23.0,1.0,13.0,5.0
104649600.0,,173.2,1015.0,,,,,,,,,,,,,,1.0,77.0,21.0,1.0,31.0,6.0
104726400.0,,,,0.0002170918887713924,-0.07237076014280319,1.19209286886246e-09,-0.05165223032236099,2.38418573772492e-09,0.9873857498168945,-5.434195918496698e-05,-0.04004061967134476,0.13333500921726227,0.813957929611206,,0.00031848457676605214,,,,,,,
104731200.0,,115.19999999999999,1098.0,,,,,,,,,,,,,,-1.0,81.0,21.0,1.0,9.0,6.0
104788800.0,,127.2,687.0,,,,,,,,,,,,,,1.0,58.0,14.0,1.0,23.0,3.0
104803200.0,,150.2,898.0,,,,,,,,,,,,,,1.0,70.0,20.0,1.0,20.0,5.0
104803200.0,,,,,,,,,,,,,,,,1626.899877487818,,,,,,
104817600.0,,115.39999999999998,1185.0,,,,,,,,,,,,,,-1.0,85.0,21.0,2.0,9.0,5.0
104827200.0,,119.19999999999999,1355.0,,,,,,,,,,,,,,-1.0,86.0,24.0,1.0,5.0,6.0
104865600.0,,160.2,1511.0,,,,,,,,,,,,,,-1.0,98.0,29.0,1.0,17.0,9.0
104877600.0,,194.2,1123.0,,,,,,,,,,,,,,1.0,90.0,23.0,1.0,37.0,6.0
104940000.0,,150.60000000000002,894.0,,,,,,,,,,,,,,1.0,68.0,17.0,3.0,25.0,5.0
105000000.0,,186.60000000000002,1075.0,,,,,,,,,,,,,,1.0,84.0,21.0,3.0,33.0,7.0
105098400.0,,,,0.0004007896059192717,-0.034105777740478516,-7.947286162490741e-10,-0.029693061485886574,6.357828929992593e-09,1.084472417831421,-2.9829008781234734e-05,-0.02121467888355255,0.20474869012832642,0.8584833145141602,,0.0003179641799533067,,,,,,,
105105600.0,,90.2,485.0,,,,,,,,,,,,,,1.0,38.0,10.0,1.0,18.0,1.0
105127200.0,,129.39999999999998,1315.0,,,,,,,,,,,,,,-1.0,86.0,24.0,2.0,11.0,7.0
105144000.0,,117.4,1599.0,,,,,,,,,,,,,,-1.0,74.0,19.0,2.0,20.0,6.0
105165600.0,,,,,,,,,,,,,,,,1624.5134397004745,,,,,,
105261600.0,,,,,,,,,,,,,,,,1624.5449832826262,,,,,,
105468000.0,,,,0.00026622411678545177,-0.018941154703497887,-1.152356521316733e-08,-0.021913154050707817,-1.7881394143159923e-09,0.6757680773735046,3.6863180866930634e-05,-0.024818055331707,0.11775315552949905,0.5332364439964294,,0.0003174461190928694,,,,,,,
105499200.0,,,,0.00023549958132207394,-0.02866114117205143,-1.19209286886246e-09,-0.043730687350034714,-1.9868215961338365e-09,0.734768807888031,-1.1715338587237056e-05,-0.021363168954849243,0.14892277121543884,0.564473569393158,,0.00031740234032892655,,,,,,,
105674400.0,,95.2,1140.0,,,,,,,,,,,,,,-1.0,75.0,20.0,1.0,12.0,2.0
105724800.0,,182.2,1043.0,,,,,,,,,,,,,,1.0,76.0,21.0,1.0,41.0,6.0
105900000.0,,173.2,1091.0,,,,,,,,,,,,,,1.0,78.0,22.0,1.0,29.0,6.0
105962400.0,,,,0.00026604413869790733,-0.020570136606693268,2.781550101360608e-09,0.007145458832383156,-5.9604645663569045e-09,1.1681032180786133,-3.234501855331473e-05,-0.017731165513396263,0.20444221794605255,0.9459000825881958,,0.00031675155025464306,,,,,,,
105981600.0,,,,0.000314166973112151,-0.045992910861968994,-1.8080076102933162e-08,-0.03020547702908516,-4.76837147544984e-09,0.8657260537147522,-1.6143128959811293e-05,0.003603757591918111,0.12869849801063538,0.7406183481216431,,0.0003167245404948042,,,,,,,
106044000.0,,,,0.00023980568221304566,-0.021204225718975067,-4.371007555903361e-09,-0.017440490424633026,1.2715657859985185e-08,0.6558100581169128,-3.553823989932425e-05,-0.02314714714884758,0.11412623524665833,0.5185034871101379,,0.0003166367401520685,,,,,,,
106056000.0,,152.2,1534.0,,,,,,,,,,,,,,-1.0,97.0,27.0,1.0,12.0,9.0
106212000.0,,,,0.00022758159320801497,-0.04891999810934067,1.1126200405442432e-08,-0.10559294372797012,4.371007555903361e-09,1.1923052072525024,-9.607751962903421e-06,-0.016585856676101685,0.154923677444458,1.020788311958313,,0.0003164002132919621,,,,,,,
106356000.0,,,,,,,,,,,,,,,,1625.138047404672,,,,,,
106365600.0,,,,0.0002902142587117851,-0.07479917258024216,-9.934107980669182e-10,-0.018276069313287735,-1.5894572324981482e-09,0.9410433173179626,6.995666626607999e-05,-0.02400125004351139,0.19619815051555634,0.7209168076515198,,0.0003161837802971328,,,,,,,
106466400.0,,,,0.00021788464800920337,-0.061050042510032654,-3.5762788286319847e-09,-0.07445534318685532,-1.3113021779531664e-08,0.8801878094673157,3.5759119782596827e-05,-0.0013181190006434917,0.1789712756872177,0.6999363899230957,,0.00031604165305082206,,,,,,,
106485600.0,,,,0.0002319570630788803,-0.046099353581666946,7.152557657263969e-09,-0.04114144667983055,-1.390775050680304e-08,1.0729502439498901,-1.1615462426561862e-05,-0.022525819018483162,0.1423264443874359,0.9080886244773865,,0.0003160145728464324,,,,,,,
106622400.0,,,,0.00026601378340274096,-0.024233955889940262,-1.0728836485895954e-08,-0.05442504957318306,1.390775050680304e-08,0.905171275138855,-1.8337788787903264e-05,-0.00019767324556596577,0.08929456025362015,0.8156633973121643,,0.0003158215492085547,,,,,,,
106682400.0,,,,,,,,,,,,,,,,1625.2938237102117,,,,,,
106780800.0,,82.2,1443.0,,,,,,,,,,,,,,-1.0,43.0,17.0,1.0,34.0,2.0
106819200.0,,102.2,529.0,,,,,,,,,,,,,,1.0,42.0,11.0,1.0,21.0,2.0
106819200.0,,,,0.00032441617804579437,-0.024426231160759926,7.152557657263969e-09,-0.034725576639175415,-8.543332263855064e-09,0.9522274732589722,8.604692993685603e-05,-0.008242093957960606,0.15509513020515442,0.7889795303344727,,0.0003155436292376523,,,,,,,
106828800.0,,,,,,,,,,,,,,0.1524551659822464,,,,,,,,
106939200.0,,,,,,,,,,,,,,,,1625.4193538450734,,,,,,
107001600.0,,135.2,1402.0,,,,,,,,,,,,,,-1.0,90.0,26.0,1.0,7.0,8.0
107066400.0,,,,,,,,,,,,,,,,1625.4912429802298,,,,,,
107090400.0,,109.2,609.0,,,,,,,,,,,,,,1.0,49.0,13.0,1.0,19.0,2.0
107152800.0,,,,0.000398683303501457,-0.023617802187800407,1.0132789718397817e-08,-0.07056412845849991,-2.781550101360608e-09,1.0163172483444214,-1.6902980860322714e-05,0.0573635995388031,0.2008732706308365,0.8727946281433105,,0.00031507188572211896,,,,,,,
107210400.0,,,,0.00037146173417568207,-0.018538866192102432,-1.8278758062706402e-08,-0.02731657400727272,6.556510889765832e-09,0.9344550967216492,-5.17989756190218e-05,-0.04946419596672058,0.1765492856502533,0.7083935141563416,,0.0003149903530461342,,,,,,,
107296800.0,,162.2,957.0,,,,,,,,,,,,,,1.0,73.0,20.0,1.0,29.0,5.0
107301600.0,,,,0.00025701153208501637,-0.049027323722839355,2.5033951800423893e-08,-0.04737519845366478,5.165735839085528e-09,0.7128379940986633,-4.9133427637571e-06,0.029133718460798264,0.13347023725509644,0.6084991097450256,,0.0003148612112956719,,,,,,,
107308800.0,,116.2,624.0,,,,,,,,,,,,,,1.0,52.0,13.0,1.0,23.0,2.0
107332800.0,,95.2,515.0,,,,,,,,,,,,,,1.0,41.0,11.0,1.0,19.0,1.0
107347200.0,,,,,,,,,,,,,,,,1625.640241263571,,,,,,
107484000.0,,,,0.00027084635803475976,-0.06436680257320404,-1.152356521316733e-08,-0.027158541604876518,-3.5762788286319847e-09,0.8862853646278381,-1.3000343642488588e-05,-0.0244180578738451,0.14182960987091064,0.7200273871421814,,0.0003146027504310523,,,,,,,
107659200.0,,126.2,698.0,,,,,,,,,,,,,,1.0,58.0,14.0,1.0,22.0,3.0
107872800.0,,187.2,1435.0,,,,,,,,,,,,,,1.0,84.0,36.0,1.0,47.0,0.0
107997600.0,,140.2,747.0,,,,,,,,,,,,,,1.0,63.0,15.0,1.0,26.0,4.0
108120000.0,,126.4,725.0,,,,,,,,,,,,,,1.0,59.0,15.0,2.0,20.0,3.0
108132000.0,,,,0.0002635270357131958,-0.04170014336705208,1.0331471678171056e-08,-0.0421232171356678,3.1789144649962964e-09,0.9166795015335083,6.306004070211202e-05,-0.009066706523299217,0.13486412167549133,0.7728143334388733,,0.00031368263462119183,,,,,,,
108170400.0,,145.2,1495.0,,,,,,,,,,,,,,-1.0,99.0,28.0,1.0,6.0,8.0
108228000.0,,,,0.0002938175748568028,-0.04390531778335571,4.371007555903361e-09,-0.04342597723007202,-3.973643192267673e-09,0.7775848507881165,-3.985372313763946e-05,-0.006494793575257063,0.11383016407489777,0.6572229862213135,,0.0003135460707461958,,,,,,,
108367200.0,,,,0.0003265691048000008,-0.019459594041109085,-1.8278758062706402e-08,0.0027449706103652716,-1.1920929132713809e-08,1.102095127105713,1.5067961385284434e-06,-0.051592689007520676,0.16305921971797943,0.8874479532241821,,0.00031334793908871934,,,,,,,
108408000.0,,,,0.0003010570944752544,-0.04164539650082588,-7.947286162490741e-10,-0.04066576808691025,-1.9868215517249155e-08,0.9386809468269348,-1.9429726307862438e-05,0.020526520907878876,0.17908869683742523,0.7801023721694946,,0.0003132898404889587,,,,,,,
108420000.0,,,,,,,,,,,,,,,,1626.2313681679261,,,,,,
108523200.0,,,,,,,,,,,,,,,,1626.2739288232128,,,,,,
108818400.0,,,,0.00030644095386378467,-0.010490725748240948,-1.2715657859985185e-08,-0.02047538571059704,1.172224717294057e-08,0.8376391530036926,1.6505900930496864e-05,0.018276721239089966,0.13908560574054718,0.7168498039245605,,0.00031270479611346,,,,,,,
108854400.0,,,,0.00031733684591017663,-0.03388706222176552,-3.9736430812453705e-10,-0.0410795733332634,-1.5894572324981482e-09,0.6712951064109802,1.8825503502739593e-05,0.004901367239654064,0.12858279049396515,0.5476356744766235,,0.0003126534210217058,,,,,,,
108897600.0,,179.4,1006.0,,,,,,,,,,,,,,1.0,80.0,21.0,2.0,34.0,6.0
109056000.0,,,,,,,,,,,,,,0.10534267127513885,,,,,,,,
109156800.0,,117.19999999999999,1315.0,,,,,,,,,,,,,,-1.0,81.0,23.0,1.0,5.0,7.0
109228800.0,,,,,,,,,,,,,,0.0863264799118042,,,,,,,,
109252800.0,,140.2,1253.0,,,,,,,,,,,,,,-1.0,90.0,25.0,1.0,13.0,8.0
109353600.0,,107.2,589.0,,,,,,,,,,,,,,1.0,48.0,12.0,1.0,19.0,2.0
109408800.0,,198.2,1123.0,,,,,,,,,,,,,,1.0,84.0,23.0,1.0,47.0,6.0
109444800.0,,,,,,,,,,,,,,,,1626.7918264046143,,,,,,
109471200.0,,,,0.00032890538568608463,-0.05984841287136078,7.947286162490741e-10,-0.0613570362329483,6.755193293628281e-09,0.7797624468803406,-3.996007581008598e-05,-0.02025904692709446,0.12659341096878052,0.6328732967376709,,0.00031177181731757394,,,,,,,
109651200.0,,172.2,965.0,,,,,,,,,,,,,,1.0,78.0,20.0,1.0,34.0,5.0
109672800.0,,,,0.0003731993492692709,-0.035410378128290176,5.563100202721216e-08,-0.03503354638814926,7.947286162490741e-10,0.8472030162811279,4.4469430577009916e-05,0.0044673141092062,0.1144055724143982,0.7373129725456238,,0.0003114831060775148,,,,,,,
109689600.0,,,,,,,,,,,,,,,,1626.956352144227,,,,,,
109716000.0,,,,0.0003849880304187536,-0.040846411138772964,5.563100202721216e-09,-0.056981977075338364,-1.2715657859985185e-08,0.7782686948776245,2.3463495381292887e-05,-0.006998918019235134,0.12093491107225418,0.6503621935844421,,0.0003114212036878284,,,,,,,
109814400.0,,114.2,608.0,,,,,,,,,,,,,,1.0,51.0,13.0,1.0,22.0,2.0
109838400.0,,140.39999999999998,1312.0,,,,,,,,,,,,,,-1.0,94.0,25.0,2.0,9.0,8.0
109843200.0,,,,,,,,,,,,,,0.14969976246356964,,,,,,,,
109881600.0,,,,0.0003518627490848303,-0.02755974791944027,5.9604645663569045e-09,-0.03909734636545181,1.5894572324981482e-09,0.7887253165245056,3.092927363468334e-05,-0.006870653945952654,0.12583184242248535,0.6560572385787964,,0.0003111837948557386,,,,,,,
109884000.0,,,,,,,,,,,,,,,,1627.023973159319,,,,,,
109903200.0,,151.2,1517.0,,,,,,,,,,,,,,-1.0,97.0,26.0,1.0,16.0,8.0
109917600.0,,,,0.0003831534122582525,-0.03599749505519867,0.0,-0.06471419334411621,-7.152557657263969e-09,0.7965710759162903,1.613955282664392e-05,0.009173431433737278,0.07206360250711441,0.7337008118629456,,0.0003111321598677875,,,,,,,
109946400.0,,,,0.00028035472496412694,-0.04821258410811424,-1.5894572769070692e-08,-0.032015860080718994,1.0331471678171056e-08,0.9061281085014343,-1.4892822946421802e-05,-0.001882110140286386,0.18170392513275146,0.7225300073623657,,0.00031109084562153924,,,,,,,
109965600.0,,123.19999999999999,1355.0,,,,,,,,,,,,,,-1.0,81.0,25.0,1.0,9.0,7.0
109965600.0,,,,,,,,,,,,,,,,1627.0725887800077,,,,,,
110035200.0,,151.39999999999998,1385.0,,,,,,,,,,,,,,-1.0,97.0,27.0,2.0,15.0,8.0
110176800.0,,199.2,1156.0,,,,,,,,,,,,,,1.0,92.0,24.0,1.0,35.0,7.0
110184000.0,,,,,,,,,,,,,,,,1624.7248003669338,,,,,,
110244000.0,,101.2,546.0,,,,,,,,,,,,,,1.0,44.0,11.0,1.0,18.0,2.0
110246400.0,,145.4,2183.0,,,,,,,,,,,,,,-1.0,105.0,38.0,2.0,18.0,1.0
110251200.0,,,,,,,,,,,,,,,,1624.748186971412,,,,,,
110256000.0,,161.2,897.0,,,,,,,,,,,,,,1.0,76.0,18.0,1.0,27.0,5.0
110361600.0,,,,,,,,,,,,,,0.12927000224590302,,,,,,,,
110373600.0,,,,,,,,,,,,,,,,1624.8347747755595,,,,,,
110407200.0,,,,,,,,,,,,,,,,1624.8760031031268,,,,,,
110431200.0,,145.2,876.0,,,,,,,,,,,,,,1.0,65.0,18.0,1.0,22.0,5.0
110467200.0,,161.2,1506.0,,,,,,,,,,,,,,-1.0,99.0,28.0,1.0,18.0,9.0
110505600.0,,119.2,655.0,,,,,,,,,,,,,,1.0,51.0,14.0,1.0,22.0,3.0
110709600.0,,162.2,926.0,,,,,,,,,,,,,,1.0,70.0,19.0,1.0,33.0,5.0
110784000.0,,,,,,,,,,,,,,0.13086530566215515,,,,,,,,
110788800.0,,129.4,1322.0,,,,,,,,,,,,,,-1.0,83.0,25.0,2.0,13.0,7.0
110817600.0,,127.4,1269.0,,,,,,,,,,,,,,-1.0,83.0,24.0,2.0,16.0,6.0
110925600.0,,210.2,1388.0,,,,,,,,,,,,,,1.0,99.0,28.0,1.0,27.0,9.0
111172800.0,,179.4,1263.0,,,,,,,,,,,,,,1.0,87.0,31.0,2.0,41.0,0.0
111199200.0,,133.2,715.0,,,,,,,,,,,,,,1.0,62.0,15.0,1.0,24.0,3.0
111199200.0,,107.4,1181.0,,,,,,,,,,,,,,-1.0,87.0,32.0,2.0,8.0,0.0
111475200.0,,,,,,,,,,,,,,,,1625.3429004068028,,,,,,
111624000.0,,,,,,,,,,,,,,,,1625.4277772365624,,,,,,
111799200.0,,201.2,1142.0,,,,,,,,,,,,,,1.0,90.0,23.0,1.0,40.0,7.0
112005600.0,,,,0.00025435269344598055,-0.07319019734859467,4.76837147544984e-09,-0.09259559959173203,-1.5894572769070692e-08,1.4430993795394897,-6.253938045119867e-05,-0.00019794107356574386,0.35668838024139404,1.0861530303955078,,0.00030812270414557207,,,,,,,
112159200.0,,143.39999999999998,1415.0,,,,,,,,,,,,,,-1.0,93.0,25.0,2.0,13.0,8.0
112168800.0,,,,,,,,,,,,,,,,1625.6906853708858,,,,,,
112231200.0,,,,,,,,,,,,,,,,1625.7389179694665,,,,,,
112248000.0,,131.2,712.0,,,,,,,,,,,,,,1.0,60.0,15.0,1.0,24.0,3.0
112351200.0,,105.2,595.0,,,,,,,,,,,,,,1.0,48.0,12.0,1.0,17.0,2.0
112360800.0,,151.39999999999998,1422.0,,,,,,,,,,,,,,-1.0,98.0,28.0,2.0,13.0,8.0
112447200.0,,153.2,1450.0,,,,,,,,,,,,,,-1.0,99.0,29.0,1.0,9.0,9.0
112466400.0,,,,0.00035218693665228784,-0.04065174236893654,4.76837147544984e-09,-0.04097762703895569,6.755193293628281e-09,1.0245029926300049,-5.004584454582073e-05,0.0042986259795725346,0.13241375982761383,0.8963413834571838,,0.0003074547549311757,,,,,,,
112492800.0,,,,,,,,,,,,,,0.15545250475406647,,,,,,,,
112557600.0,,124.19999999999999,1373.0,,,,,,,,,,,,,,-1.0,82.0,24.0,1.0,10.0,7.0
112579200.0,,125.2,693.0,,,,,,,,,,,,,,1.0,57.0,14.0,1.0,22.0,3.0
112593600.0,,152.2,964.0,,,,,,,,,,,,,,1.0,69.0,19.0,1.0,24.0,5.0
112682400.0,,211.2,1268.0,,,,,,,,,,,,,,1.0,89.0,26.0,1.0,44.0,8.0
112689600.0,,152.2,1585.0,,,,,,,,,,,,,,-1.0,100.0,28.0,1.0,12.0,8.0
112692000.0,,,,,,,,,,,,,,,,1625.1827459185233,,,,,,
112694400.0,,,,0.00032109374296851456,-0.03498074784874916,-1.19209286886246e-09,-0.055681001394987106,-3.9736430812453705e-10,0.4413750171661377,1.0052126526716165e-05,0.018034553155303,0.06599857658147812,0.39342424273490906,,0.00030712376351251685,,,,,,,
112694400.0,,,,,,,,,,,,,,,,1625.1855012745916,,,,,,
112725600.0,,,,0.00030877545941621065,-0.02733590453863144,-8.742015111806722e-09,-0.06824919581413269,5.563100202721216e-09,0.5755282044410706,-3.55762517756375e-06,-0.009001698344945908,0.10222185403108597,0.46430420875549316,,0.0003070784445778152,,,,,,,
112802400.0,,,,0.00039473193464800715,-0.02839726209640503,2.2252400810884865e-08,-0.04061352461576462,1.9868215961338365e-09,0.87301105260849,3.645450487965718e-05,0.01759178191423416,0.12114527821540833,0.7694979310035706,,0.0003069668643282702,,,,,,,
112860000.0,,149.4,1434.0,,,,,,,,,,,,,,-1.0,98.0,26.0,2.0,9.0,9.0
112862400.0,,,,0.0003793672367464751,-0.05752789229154587,4.5696895156766004e-09,-0.06386339664459229,-1.3113021779531664e-08,0.9729788899421692,-5.998074630042538e-05,-0.024032441899180412,0.184364914894104,0.7645253539085388,,0.00030687966661648903,,,,,,,
112876800.0,,,,,,,,,,,,,,,,1625.2079483739542,,,,,,
112917600.0,,,,0.00035751922405324876,-0.059647127985954285,4.172325152040912e-09,-0.06554953753948212,3.973643192267673e-09,0.9502264857292175,-1.8995699065271765e-05,-0.009716772474348545,0.1637621819972992,0.7767320871353149,,0.00030679942488841434,,,,,,,
112999200.0,,124.2,680.0,,,,,,,,,,,,,,1.0,54.0,14.0,1.0,24.0,3.0
113035200.0,,,,,,,,,,,,,,,,1625.2420540835117,,,,,,
113119200.0,,142.4,1558.0,,,,,,,,,,,,,,-1.0,91.0,24.0,2.0,19.0,7.0
113126400.0,,,,,,,,,,,,,,,,1625.2834779966763,,,,,,
113133600.0,,177.2,1056.0,,,,,,,,,,,,,,1.0,84.0,22.0,1.0,27.0,6.0
113164800.0,,,,,,,,,,,,,,,,1625.3009012678826,,,,,,
113203200.0,,,,0.00028948814724572003,-0.09700305014848709,3.5762788286319847e-09,-0.11654022336006165,-4.967053879312289e-09,0.6984700560569763,-8.159372555383015e-06,0.018326181918382645,0.08518540114164352,0.6316055655479431,,0.0003063839586309339,,,,,,,
113512800.0,,,,,,,,,,,,,,,,1625.4717349262498,,,,,,
113529600.0,,214.2,1321.0,,,,,,,,,,,,,,1.0,88.0,27.0,1.0,47.0,8.0
113563200.0,,206.2,1140.0,,,,,,,,,,,,,,1.0,90.0,23.0,1.0,49.0,6.0
113568000.0,,,,0.0002621260646265,-0.05568414181470871,-1.5894572324981482e-09,-0.06968080997467041,7.549921576810448e-09,0.6742761135101318,2.368828427279368e-05,0.004108756314963102,0.11065264791250229,0.5677585601806641,,0.00030585254601173296,,,,,,,
113575200.0,,211.2,1938.0,,,,,,,,,,,,,,-1.0,100.0,45.0,1.0,86.0,0.0
113577600.0,,167.2,967.0,,,,,,,,,,,,,,1.0,72.0,19.0,1.0,36.0,5.0
113580000.0,,158.2,946.0,,,,,,,,,,,,,,1.0,71.0,19.0,1.0,28.0,5.0
113647200.0,,127.2,715.0,,,,,,,,,,,,,,1.0,60.0,15.0,1.0,20.0,3.0
113685600.0,,,,0.00034167952253483236,-0.04517124965786934,6.95387525340152e-10,-0.04467472806572914,1.1126200405442432e-08,0.7959096431732178,1.739833169267513e-05,0.004641947336494923,0.1273040920495987,0.6732683181762695,,0.0003056810612572492,,,,,,,
113721600.0,,,,0.00023667814093641937,-0.03618700057268143,-1.152356521316733e-08,-0.054405082017183304,-7.947286384535346e-09,0.5860269665718079,-2.3693786715739407e-05,0.017981339246034622,0.08883550763130188,0.5151515007019043,,0.0003056285490300396,,,,,,,
114014400.0,,149.2,817.0,,,,,,,,,,,,,,1.0,67.0,17.0,1.0,29.0,4.0
114074400.0,,,,,,,,,,,,,,,,1625.6900289997236,,,,,,
114103200.0,,,,0.00030759209766983986,-0.026208408176898956,1.1324882365215672e-08,-0.04091263562440872,7.947286384535346e-09,0.5426625609397888,4.7368743253173307e-05,0.013989139348268509,0.09583444148302078,0.4608677327632904,,0.0003050714348261743,,,,,,,
114148800.0,,,,0.0003115629660896957,-0.03318491205573082,3.9736430812453705e-10,-0.06628147512674332,-2.781550101360608e-09,0.5670225024223328,2.9112168704159558e-05,0.02332763746380806,0.10774381458759308,0.48263850808143616,,0.0003050048024326771,,,,,,,
114283200.0,,,,,,,,,,,,,,,,1625.7577178066508,,,,,,
114388800.0,,,,,,,,,,,,,,,,1625.795897060955,,,,,,
114400800.0,,106.2,566.0,,,,,,,,,,,,,,1.0,46.0,12.0,1.0,20.0,2.0
114446400.0,,,,0.00030527409398928285,-0.0712888091802597,3.9736430812453705e-10,-0.05721677839756012,9.934107758624577e-09,0.6881730556488037,-1.813357630453538e-05,-0.006566308904439211,0.09238815307617188,0.5892034769058228,,0.0003045696310379161,,,,,,,
114451200.0,,,,,,,,,,,,,,,,1625.7912543925372,,,,,,
114453600.0,,,,0.0002898115199059248,-0.06009268760681152,-1.9868215406226852e-10,-0.060775529593229294,-5.165735839085528e-09,0.7926244735717773,2.6306817744625732e-05,-0.0008240801398642361,0.1463906615972519,0.6454389691352844,,0.0003045590961143071,,,,,,,
114458400.0,,,,,,,,,,,,,,,,1625.795851602547,,,,,,
114480000.0,,,,,,,,,,,,,,,,1625.7946099980213,,,,,,
114568800.0,,217.39999999999998,1224.0,,,,,,,,,,,,,,1.0,94.0,24.0,2.0,47.0,8.0
114662400.0,,103.2,540.0,,,,,,,,,,,,,,1.0,43.0,11.0,1.0,21.0,2.0
114816000.0,,,,,,,,,,,,,,0.11656040698289871,,,,,,,,
114885600.0,,149.2,1570.0,,,,,,,,,,,,,,-1.0,99.0,27.0,1.0,11.0,8.0
114955200.0,,139.2,1472.0,,,,,,,,,,,,,,-1.0,94.0,25.0,1.0,12.0,7.0
114964800.0,,,,,,,,,,,,,,,,1626.0120939773203,,,,,,
114976800.0,,,,,,,,,,,,,,,,1626.0021249396962,,,,,,
115008000.0,,160.2,946.0,,,,,,,,,,,,,,1.0,74.0,19.0,1.0,27.0,5.0
115015200.0,,173.2,1035.0,,,,,,,,,,,,,,1.0,78.0,21.0,1.0,30.0,6.0
115056000.0,,150.2,846.0,,,,,,,,,,,,,,1.0,66.0,17.0,1.0,31.0,4.0
115216800.0,,119.2,633.0,,,,,,,,,,,,,,1.0,51.0,13.0,1.0,23.0,3.0
115303200.0,,,,0.0003204212407581508,-0.03199687600135803,-1.172224717294057e-08,-0.08046778291463852,1.390775050680304e-09,0.6221534013748169,3.351365739945322e-05,0.017309894785284996,0.09187909960746765,0.5476208925247192,,0.00030331381389040656,,,,,,,
115418400.0,,102.0,595.0,,,,,,,,,,,,,,1.0,49.0,12.0,0.0,21.0,0.0
115444800.0,,163.2,967.0,,,,,,,,,,,,,,1.0,79.0,20.0,1.0,24.0,5.0
115471200.0,,99.2,515.0,,,,,,,,,,,,,,1.0,44.0,11.0,1.0,16.0,2.0
115483200.0,,,,,,,,,,,,,,,,1623.3881029400998,,,,,,
115622400.0,,,,,,,,,,,,,,,,1623.4220063904527,,,,,,
115629600.0,,,,,,,,,,,,,,,,1623.4253835987008,,,,,,
115869600.0,,,,,,,,,,,,,,,,1623.4971389996308,,,,,,
115886400.0,,165.2,945.0,,,,,,,,,,,,,,1.0,78.0,19.0,1.0,28.0,5.0
115941600.0,,171.39999999999998,985.0,,,,,,,,,,,,,,1.0,82.0,20.0,2.0,25.0,6.0
115951200.0,,,,0.0003028346982318908,-0.043601736426353455,1.9868215961338365e-09,-0.07297533750534058,-4.76837147544984e-09,0.7197527885437012,4.2108054913114756e-05,-0.0074079688638448715,0.10402008891105652,0.6083698868751526,,0.000302361180269521,,,,,,,
115984800.0,,121.19999999999999,1146.0,,,,,,,,,,,,,,-1.0,83.0,22.0,1.0,12.0,6.0
116037600.0,,150.4,1467.0,,,,,,,,,,,,,,-1.0,97.0,26.0,2.0,15.0,8.0
116071200.0,,163.2,985.0,,,,,,,,,,,,,,1.0,73.0,20.0,1.0,30.0,5.0
116112000.0,,150.39999999999998,1356.0,,,,,,,,,,,,,,-1.0,98.0,27.0,2.0,13.0,8.0
116169600.0,,163.2,2221.0,,,,,,,,,,,,,,-1.0,100.0,30.0,1.0,17.0,9.0
116176800.0,,114.2,605.0,,,,,,,,,,,,,,1.0,51.0,13.0,1.0,22.0,2.0
116330400.0,,104.2,545.0,,,,,,,,,,,,,,1.0,45.0,11.0,1.0,20.0,2.0
116472000.0,,121.2,725.0,,,,,,,,,,,,,,1.0,51.0,15.0,1.0,23.0,3.0
116484000.0,,,,,,,,,,,,,,,,1623.7621843912677,,,,,,
116652000.0,,164.2,1523.0,,,,,,,,,,,,,,-1.0,99.0,30.0,1.0,15.0,10.0
116664000.0,,,,,,,,,,,,,,,,1623.7583969873056,,,,,,
116702400.0,,,,0.00029280022135935724,-0.05064879357814789,-7.947286384535346e-09,-0.027936236932873726,-2.38418573772492e-09,0.6811375021934509,3.4884337765106466e-06,0.013231506571173668,0.10879228264093399,0.5855830907821655,,0.0003012538161837225,,,,,,,
116889600.0,,,,,,,,,,,,,,0.1343068778514862,,,,,,,,
117026400.0,,,,,,,,,,,,,,,,1623.8946149496437,,,,,,
117153600.0,,85.2,937.0,,,,,,,,,,,,,,-1.0,64.0,16.0,1.0,25.0,0.0
117204000.0,,,,,,,,,,,,,,,,1623.9942370666192,,,,,,
117300000.0,,154.2,1575.0,,,,,,,,,,,,,,-1.0,98.0,30.0,1.0,10.0,9.0
117367200.0,,167.4,925.0,,,,,,,,,,,,,,1.0,76.0,19.0,2.0,32.0,5.0
117398400.0,,,,,,,,,,,,,,,,1624.0455913670185,,,,,,
117400800.0,,149.39999999999998,1480.0,,,,,,,,,,,,,,-1.0,97.0,26.0,2.0,14.0,8.0
117424800.0,,152.2,1416.0,,,,,,,,,,,,,,-1.0,100.0,27.0,1.0,13.0,8.0
117436800.0,,,,0.00032972783083096147,-0.03577703610062599,3.9736430812453705e-10,-0.04686503857374191,-8.940697071579962e-09,0.7444524765014648,-9.325624887424055e-06,0.004854142665863037,0.14326278865337372,0.6060377955436707,,0.00030016815083789563,,,,,,,
117499200.0,,154.2,915.0,,,,,,,,,,,,,,1.0,74.0,19.0,1.0,21.0,5.0
117511200.0,,152.2,1336.0,,,,,,,,,,,,,,-1.0,99.0,27.0,1.0,14.0,8.0
117511200.0,,,,,,,,,,,,,,,,1624.0861213139883,,,,,,
117556800.0,,,,0.00033019392867572606,-0.07331144064664841,2.38418573772492e-09,-0.11574946343898773,-6.95387525340152e-09,1.1470797061920166,3.203540472895838e-05,-0.014972108416259289,0.21434473991394043,0.9177982807159424,,0.0002999904708047757,,,,,,,
117571200.0,,,,0.0003770755138248205,-0.029894689098000526,-5.563100202721216e-09,-0.025404827669262886,-6.357828929992593e-09,0.8993686437606812,8.654901466798037e-05,-0.013488467782735825,0.11915719509124756,0.7668132781982422,,0.00029996914389038173,,,,,,,
117580800.0,,,,0.00031993657466955483,-0.09816662967205048,-3.973643192267673e-09,-0.11553263664245605,-1.1126200405442432e-08,0.8626093864440918,4.055312820128165e-05,-0.011006400920450687,0.15932928025722504,0.6923174858093262,,0.00029995492531615763,,,,,,,
117638400.0,,,,,,,,,,,,,,,,1624.1340374337603,,,,,,
117657600.0,,,,0.0002653613919392228,-0.07185937464237213,9.139379031353201e-09,-0.05577535182237625,-1.907348590179936e-08,0.9014005064964294,-1.648953912081197e-05,0.02937721647322178,0.08994537591934204,0.8408185243606567,,0.0002998411585591816,,,,,,,
117688800.0,,,,,,,,,,,,,,,,1624.1705467434306,,,,,,
117712800.0,,126.4,663.0,,,,,,,,,,,,,,1.0,56.0,14.0,2.0,24.0,3.0
117727200.0,,,,0.0002403792313998565,-0.04947442188858986,7.947286384535346e-09,-0.010322706773877144,3.973643192267673e-09,1.0508490800857544,-1.9686974610522157e-06,0.037695713341236115,0.1212269589304924,0.9673182368278503,,0.00029973802958750304,,,,,,,
117739200.0,,,,0.0002874005294870585,-0.0648951455950737,1.41064333547547e-08,-0.09709607064723969,-1.0033448738511197e-08,0.7893204092979431,-1.5211304344120435e-05,0.042213134467601776,0.1397676318883896,0.6917535662651062,,0.00029972024605832244,,,,,,,
117741600.0,,106.2,535.0,,,,,,,,,,,,,,1.0,44.0,11.0,1.0,23.0,2.0
117835200.0,,,,0.00030403200071305037,-0.058336641639471054,1.0132789718397817e-08,-0.06738463789224625,-3.278255444882916e-09,0.8174786567687988,-2.4070777726592496e-05,-0.023030268028378487,0.1256898045539856,0.668737530708313,,0.0002995779495830465,,,,,,,
117909600.0,,,,0.00029837872716598213,-0.029245618730783463,2.38418573772492e-09,-0.05542752891778946,-1.0132789718397817e-08,0.9120585918426514,-1.0000143447541632e-05,0.004570661578327417,0.08306480199098587,0.8335574269294739,,0.0002994676353438736,,,,,,,
117916800.0,,,,,,,,,,,,,,,,1624.2779358885732,,,,,,
117940800.0,,191.39999999999998,1653.0,,,,,,,,,,,,,,-1.0,100.0,40.0,2.0,71.0,0.0
117972000.0,,102.2,541.0,,,,,,,,,,,,,,1.0,44.0,11.0,1.0,19.0,2.0
118053600.0,,202.2,1149.0,,,,,,,,,,,,,,1.0,94.0,23.0,1.0,37.0,7.0
118140000.0,,,,,,,,,,,,,,,,1624.3316080563839,,,,,,
118190400.0,,130.2,682.0,,,,,,,,,,,,,,1.0,59.0,14.0,1.0,25.0,3.0
118195200.0,,,,,,,,,,,,,,,,1624.316677884871,,,,,,
118209600.0,,,,0.00028465219656936824,-0.05223485082387924,3.0795734851096768e-09,-0.08873546868562698,5.563100202721216e-09,0.5306797027587891,-6.400944403139874e-05,-0.003712992649525404,0.074473537504673,0.4524320065975189,,0.0002990225158973063,,,,,,,
118236000.0,,168.2,934.0,,,,,,,,,,,,,,1.0,83.0,19.0,1.0,26.0,5.0
118324800.0,,,,0.000270109623670578,-0.06100020185112953,2.781550101360608e-09,-0.07070673257112503,1.19209286886246e-09,0.7117919325828552,2.1315693174983608e-06,0.009496189653873444,0.05777052789926529,0.6635223627090454,,0.0002988514612221393,,,,,,,
118348800.0,,,,,,,,,,,,,,,,1624.3919207571225,,,,,,
118420800.0,,,,0.00024052590015344322,-0.07187000662088394,1.0728836485895954e-08,-0.11781568080186844,6.357828929992593e-09,0.7150512337684631,-1.5891682778601535e-05,-0.00766256358474493,0.08918522298336029,0.6181899309158325,,0.0002987088613401716,,,,,,,
118425600.0,,89.2,495.0,,,,,,,,,,,,,,1.0,40.0,10.0,1.0,19.0,0.0
118488000.0,,,,0.0002936841337941587,-0.034150026738643646,-5.9604645663569045e-09,-0.06408441066741943,4.76837147544984e-09,0.7167933583259583,1.4219099284673575e-05,0.03411051258444786,0.10264217853546143,0.6482788324356079,,0.00029860901212386395,,,,,,,
118586400.0,,,,0.00024235461023636162,-0.023908035829663277,0.0,-0.02257067710161209,-1.5497208849524213e-08,0.9536831974983215,5.50635922991205e-05,0.0064707971177995205,0.14255781471729279,0.8176537156105042,,0.0002984627609256898,,,,,,,
118617600.0,,191.39999999999998,1019.0,,,,,,,,,,,,,,1.0,81.0,21.0,2.0,45.0,6.0
118677600.0,,146.2,1458.0,,,,,,,,,,,,,,-1.0,96.0,27.0,1.0,11.0,8.0
118680000.0,,,,,,,,,,,,,,,,1624.4780982187217,,,,,,
118684800.0,,,,0.00026702674222178757,-0.02772088162600994,-2.7020773174513124e-08,-0.06201029568910599,1.4305115314527939e-08,0.8256731629371643,-2.0957440938218497e-05,-0.003260054625570774,0.14731700718402863,0.6750778555870056,,0.00029831645826920245,,,,,,,
118843200.0,,118.2,628.0,,,,,,,,,,,,,,1.0,52.0,13.0,1.0,21.0,3.0
118874400.0,,,,0.0002658304001670331,-0.08294805139303207,-1.1920929132713809e-08,-0.08198606967926025,-1.0530154526122715e-08,0.7526916265487671,-4.6251479943748564e-05,0.00726204551756382,0.11447355151176453,0.6454365849494934,,0.0002980344135024783,,,,,,,
118879200.0,,101.2,507.0,,,,,,,,,,,,,,1.0,41.0,11.0,1.0,21.0,2.0
119023200.0,,127.2,672.0,,,,,,,,,,,,,,1.0,58.0,14.0,1.0,23.0,3.0
119083200.0,,230.2,1335.0,,,,,,,,,,,,,,1.0,99.0,27.0,1.0,52.0,8.0
119116800.0,,,,,,,,,,,,,,0.11544492095708847,,,,,,,,
119131200.0,,,,0.0001816795556806028,-0.06318344920873642,1.2715657859985185e-08,-0.1093711405992508,-1.2914339819758425e-08,1.1146966218948364,-1.900178540381603e-05,0.014921500347554684,0.11020603775978088,1.019394874572754,,0.000297652101786738,,,,,,,
119152800.0,,123.2,640.0,,,,,,,,,,,,,,1.0,52.0,13.0,1.0,26.0,3.0
119155200.0,,,,,,,,,,,,,,0.09979796409606934,,,,,,,,
119164800.0,,131.2,715.0,,,,,,,,,,,,,,1.0,61.0,15.0,1.0,23.0,3.0
119268000.0,,97.2,540.0,,,,,,,,,,,,,,1.0,41.0,11.0,1.0,17.0,2.0
119292000.0,,,,,,,,,,,,,,,,1624.6919830990169,,,,,,
119308800.0,,,,,,,,,,,,,,0.10609737038612366,,,,,,,,
119311200.0,,158.2,1555.0,,,,,,,,,,,,,,-1.0,101.0,30.0,1.0,11.0,9.0
119340000.0,,143.2,803.0,,,,,,,,,,,,,,1.0,66.0,17.0,1.0,24.0,4.0
119366400.0,,,,0.00022860693570692092,-0.05095033347606659,-1.5894572324981482e-09,-0.06503617763519287,6.357828929992593e-09,0.7397584319114685,-8.60870841279393e-06,-0.010400276631116867,0.14871732890605927,0.5806344747543335,,0.0002973016447121085,,,,,,,
119390400.0,,,,0.00022979821369517595,-0.03129156678915024,-5.563100202721216e-09,-0.04587836191058159,-5.165735839085528e-09,0.7474234104156494,5.036242873757146e-05,0.00627004774287343,0.13299991190433502,0.6207462549209595,,0.0002972658676160535,,,,,,,
119397600.0,,208.39999999999998,1515.0,,,,,,,,,,,,,,1.0,100.0,40.0,2.0,48.0,0.0
119414400.0,,,,,,,,,,,,,,,,1624.7480324454284,,,,,,
119548800.0,,,,0.0002606456691864878,-0.06258167326450348,5.563100202721216e-09,-0.06673941761255264,1.629193668861717e-08,0.9970235228538513,-1.161121872428339e-05,0.03461289033293724,0.1537630409002304,0.877864420413971,,0.00029702966400979613,,,,,,,
119628000.0,,243.2,1399.0,,,,,,,,,,,,,,1.0,99.0,28.0,1.0,60.0,9.0
119736000.0,,,,,,,,,,,,,,,,1624.894712332223,,,,,,
119798400.0,,111.2,630.0,,,,,,,,,,,,,,1.0,50.0,13.0,1.0,20.0,2.0
119808000.0,,181.2,1153.0,,,,,,,,,,,,,,1.0,89.0,34.0,1.0,38.0,0.0
119846400.0,,,,,,,,,,,,,,0.19578221440315247,,,,,,,,
119892000.0,,152.2,885.0,,,,,,,,,,,,,,1.0,70.0,18.0,1.0,28.0,4.0
119944800.0,,,,,,,,,,,,,,,,1624.9821491897026,,,,,,
120153600.0,,,,,,,,,,,,,,,,1622.153366590677,,,,,,
120218400.0,,,,0.00024296637275256217,-0.06030949950218201,3.9736430812453705e-10,-0.08019663393497467,4.371007555903361e-09,0.9074521660804749,1.4409679351956584e-05,0.01646466925740242,0.2105785608291626,0.7133551239967346,,0.00029602974497850673,,,,,,,
120364800.0,,,,0.0001766885252436623,-0.03290877863764763,2.781550101360608e-09,-0.04361529275774956,-2.38418573772492e-09,1.007768154144287,2.199900350774442e-08,-0.010724438354372978,0.21133828163146973,0.7857072353363037,,0.0002958108214749391,,,,,,,
120393600.0,,,,0.00022581685334444046,-0.043284524232149124,1.9868215961338365e-09,-0.052667949348688126,-1.152356521316733e-08,1.2359988689422607,-1.6944570234045386e-05,0.01647435501217842,0.1862330436706543,1.066225528717041,,0.0002957677418657454,,,,,,,
120420000.0,,,,0.00020996469538658857,-0.038177382200956345,5.364418242947977e-09,-0.04130863398313522,-8.940697071579962e-09,0.7969508171081543,-3.085077696596272e-05,0.004850400146096945,0.1027073785662651,0.699065089225769,,0.0002957282485668486,,,,,,,
120506400.0,,133.4,1275.0,,,,,,,,,,,,,,-1.0,89.0,22.0,2.0,14.0,7.0
120549600.0,,,,,,,,,,,,,,,,1622.3263424883319,,,,,,
120722400.0,,,,,,,,,,,,,,,,1622.4144732085726,,,,,,
120739200.0,,,,0.00019917279132641852,-0.04709808528423309,5.9604645663569045e-09,-0.06550051271915436,-3.774960788405224e-09,0.945094883441925,9.692888852441683e-06,0.03026326559484005,0.17420843243598938,0.8011613488197327,,0.0002952504629660012,,,,,,,
120777600.0,,122.2,645.0,,,,,,,,,,,,,,1.0,54.0,13.0,1.0,23.0,3.0
120914400.0,,119.2,617.0,,,,,,,,,,,,,,1.0,52.0,13.0,1.0,22.0,3.0
120962400.0,,131.2,716.0,,,,,,,,,,,,,,1.0,61.0,15.0,1.0,19.0,4.0
121003200.0,,126.19999999999999,1305.0,,,,,,,,,,,,,,-1.0,90.0,24.0,1.0,4.0,7.0
121077600.0,,102.2,533.0,,,,,,,,,,,,,,1.0,44.0,11.0,1.0,19.0,2.0
121099200.0,,,,,,,,,,,,,,,,1622.5114617756487,,,,,,
121212000.0,,178.39999999999998,4000.0,,,,,,,,,,,,,,0.0,99.0,28.0,2.0,19.0,8.0
121212000.0,,,,,,,,,,,,,,,,1622.5129003993306,,,,,,
121243200.0,,148.39999999999998,1445.0,,,,,,,,,,,,,,-1.0,100.0,25.0,2.0,11.0,8.0
121248000.0,,164.2,962.0,,,,,,,,,,,,,,1.0,72.0,20.0,1.0,32.0,5.0
121308000.0,,,,0.0002940069534815848,-0.07393068075180054,1.9868215961338365e-09,-0.10239556431770325,-3.1789144649962964e-09,0.6668406128883362,4.3269596972095314e-06,-0.012590078637003899,0.07544516772031784,0.5788125991821289,,0.00029439782082612057,,,,,,,
121327200.0,,108.2,552.0,,,,,,,,,,,,,,1.0,46.0,12.0,1.0,22.0,2.0
121392000.0,,200.2,1155.0,,,,,,,,,,,,,,1.0,91.0,24.0,1.0,37.0,7.0
121423200.0,,138.2,739.0,,,,,,,,,,,,,,1.0,63.0,15.0,1.0,24.0,4.0
121485600.0,,,,0.00038553515332750976,-0.024653421714901924,-5.563100202721216e-09,-0.05177636072039604,-6.357828929992593e-09,0.7632140517234802,2.2704925868310966e-05,0.018783222883939743,0.09903808683156967,0.682985782623291,,0.00029413127088558517,,,,,,,
121593600.0,,,,,,,,,,,,,,0.2113710641860962,,,,,,,,
121629600.0,,,,0.0003129020915366709,-0.04890194535255432,5.563100202721216e-09,-0.05450472608208656,-6.357828929992593e-09,0.7314980626106262,-4.314788748160936e-05,-0.008243069984018803,0.07561496645212173,0.6475999355316162,,0.0002939150372090999,,,,,,,
121756800.0,,,,0.000320120103424415,-0.0475575253367424,-4.5696895156766004e-09,-0.05772538483142853,-4.371007555903361e-09,0.8056349158287048,1.7788965124054812e-05,0.010405032895505428,0.09335942566394806,0.7227015495300293,,0.00029372394771412465,,,,,,,
121797600.0,,156.2,860.0,,,,,,,,,,,,,,1.0,68.0,18.0,1.0,30.0,5.0
121893600.0,,,,,,,,,,,,,,,,1622.6336955202348,,,,,,
121996800.0,,152.2,1435.0,,,,,,,,,,,,,,-1.0,99.0,27.0,1.0,14.0,8.0
122140800.0,,,,0.0002724817022681236,-0.09054553508758545,1.172224717294057e-08,-0.11922334134578705,-2.781550101360608e-09,0.8937310576438904,2.694650538614951e-05,-0.030852185562253,0.11021751910448074,0.7526910305023193,,0.0002931466045337662,,,,,,,
122239200.0,,,,0.00020834091992583126,-0.05288398638367653,3.5762788286319847e-09,-0.08206891268491745,-7.549921576810448e-09,0.9827243089675903,-6.597489488058272e-08,-0.011135664768517017,0.07138654589653015,0.900204062461853,,0.00029299854767206264,,,,,,,
122244000.0,,,,0.00021741914679296315,-0.03957425057888031,-1.2119611092487048e-08,-0.052864059805870056,-5.9604645663569045e-09,0.7251299619674683,-1.5106791579455603e-05,-0.020316947251558304,0.08731287717819214,0.6174871921539307,,0.0002929913242169606,,,,,,,
122412000.0,,139.2,757.0,,,,,,,,,,,,,,1.0,65.0,16.0,1.0,22.0,4.0
122527200.0,,196.2,1137.0,,,,,,,,,,,,,,1.0,90.0,23.0,1.0,35.0,7.0
122529600.0,,113.2,646.0,,,,,,,,,,,,,,1.0,51.0,13.0,1.0,21.0,2.0
122546400.0,,,,0.00023709759989287704,-0.03815837204456329,3.9736430812453705e-10,-0.07299106568098068,-1.9868215961338365e-09,0.7784534096717834,1.2120826795580797e-05,0.019758688285946846,0.17306454479694366,0.6251620650291443,,0.00029253602832279396,,,,,,,
122551200.0,,160.2,936.0,,,,,,,,,,,,,,1.0,73.0,19.0,1.0,28.0,5.0
122572800.0,,,,,,,,,,,,,,0.10464940220117569,,,,,,,,
122750400.0,,160.2,1085.0,,,,,,,,,,,,,,1.0,77.0,24.0,1.0,39.0,0.0
122880000.0,,,,,,,,,,,,,,0.08529862761497498,,,,,,,,
123002400.0,,136.2,748.0,,,,,,,,,,,,,,1.0,63.0,15.0,1.0,22.0,4.0
123033600.0,,119.2,668.0,,,,,,,,,,,,,,1.0,52.0,14.0,1.0,21.0,3.0
123189600.0,,146.2,1445.0,,,,,,,,,,,,,,-1.0,96.0,26.0,1.0,12.0,8.0
123237600.0,,139.2,1395.0,,,,,,,,,,,,,,-1.0,95.0,25.0,1.0,11.0,7.0
123252000.0,,90.2,477.0,,,,,,,,,,,,,,1.0,39.0,10.0,1.0,17.0,1.0
123252000.0,,,,0.00023196294205263257,-0.06221439689397812,9.139379031353201e-09,-0.06500451266765594,-1.629193668861717e-08,0.8149924278259277,4.013343641418032e-06,0.015561657026410103,0.11608335375785828,0.7144771218299866,,0.00029147202030190467,,,,,,,
123321600.0,,172.2,945.0,,,,,,,,,,,,,,1.0,75.0,19.0,1.0,38.0,5.0
123345600.0,,149.2,1605.0,,,,,,,,,,,,,,-1.0,92.0,25.0,1.0,16.0,9.0
123372000.0,,171.2,1898.0,,,,,,,,,,,,,,-1.0,100.0,30.0,1.0,25.0,9.0
123379200.0,,,,,,,,,,,,,,,,1622.655642231594,,,,,,
123477600.0,,,,,,,,,,,,,,,,1622.6614150490295,,,,,,
123501600.0,,101.2,565.0,,,,,,,,,,,,,,1.0,46.0,12.0,1.0,19.0,1.0
123566400.0,,,,0.00019357833662070334,-0.042500898241996765,1.0331471678171056e-08,-0.05805894359946251,-4.76837147544984e-09,0.9195538759231567,-5.909146238991525e-06,0.00022668163001071662,0.18238942325115204,0.7373871207237244,,0.0002909971888000493,,,,,,,
123590400.0,,149.2,877.0,,,,,,,,,,,,,,1.0,63.0,18.0,1.0,28.0,5.0
123765600.0,,,,0.00023979335674084723,-0.04470628499984741,5.563100202721216e-09,-0.0700191780924797,-4.76837147544984e-09,0.9902694821357727,-8.174682989192661e-06,0.040566228330135345,0.2228345274925232,0.8079953789710999,,0.0002906961110516508,,,,,,,
123816000.0,,172.2,1001.0,,,,,,,,,,,,,,1.0,76.0,20.0,1.0,32.0,6.0
123921600.0,,,,0.00022820806771051139,-0.035486217588186264,6.1591469702193535e-09,-0.024974798783659935,-1.152356521316733e-08,0.8209099769592285,4.855939550907351e-05,0.03816884756088257,0.2098938524723053,0.6492358446121216,,0.0002904602035613492,,,,,,,
124116000.0,,,,,,,,,,,,,,,,1622.8152489106935,,,,,,
124144800.0,,164.2,977.0,,,,,,,,,,,,,,1.0,75.0,20.0,1.0,29.0,5.0
124190400.0,,,,,,,,,,,,,,,,1622.8393420111677,,,,,,
124226400.0,,,,0.00019790547958109528,-0.020542707294225693,-3.1789144649962964e-09,-0.019382290542125702,3.9736430812453705e-10,0.7671011686325073,5.71013952139765e-05,-0.029470492154359818,0.08286114037036896,0.6548286080360413,,0.000289998965607281,,,,,,,
124262400.0,,,,0.0001889041013782844,-0.07145091891288757,-1.9868215406226852e-10,-0.1018114984035492,-3.1789144649962964e-09,0.7575364708900452,-3.285412094555795e-05,0.01164475828409195,0.06677752733230591,0.7023727297782898,,0.00028994446168454757,,,,,,,
124279200.0,,,,,,,,,,,,,,,,1622.7897644957961,,,,,,
124293600.0,,,,,,,,,,,,,,,,1622.78413508578,,,,,,
124384800.0,,,,,,,,,,,,,,,,1622.789177541305,,,,,,
124567200.0,,,,,,,,,,,,,,,,1622.8320025817109,,,,,,
124572000.0,,127.2,686.0,,,,,,,,,,,,,,1.0,58.0,14.0,1.0,23.0,3.0
124605600.0,,173.2,947.0,,,,,,,,,,,,,,1.0,79.0,19.0,1.0,35.0,5.0
124608000.0,,,,0.0002771309809759259,-0.033344246447086334,8.145968344308585e-09,-0.07388065755367279,3.3775966468141405e-09,0.6567049622535706,5.797525227535516e-05,7.443755748681724e-05,0.08569274842739105,0.5711473822593689,,0.0002894209363107798,,,,,,,
124646400.0,,,,,,,,,,,,,,0.17593546211719513,,,,,,,,
124689600.0,,,,,,,,,,,,,,,,1622.823880685025,,,,,,
124699200.0,,,,0.00022095143503975123,-0.0548214353621006,3.9736430812453705e-10,-0.10784891992807388,-5.9604645663569045e-09,0.6046229600906372,-1.0125525477633346e-05,0.012778457254171371,0.1481623649597168,0.46923115849494934,,0.0002892826973952941,,,,,,,
124953600.0,,,,,,,,,,,,,,,,1622.7832643721454,,,,,,
124968000.0,,,,0.00019168447761330754,-0.10748767107725143,-1.3113021779531664e-08,-0.1623876988887787,-1.907348590179936e-08,0.5257572531700134,4.634228389477357e-06,0.0015630129491910338,0.06483050435781479,0.4624963402748108,,0.00028887504842748155,,,,,,,
125109600.0,,144.2,800.0,,,,,,,,,,,,,,1.0,66.0,16.0,1.0,26.0,4.0
125184000.0,,107.2,595.0,,,,,,,,,,,,,,1.0,47.0,12.0,1.0,20.0,2.0
125198400.0,,225.2,1237.0,,,,,,,,,,,,,,1.0,99.0,25.0,1.0,49.0,8.0
125296800.0,,,,,,,,,,,,,,,,1620.338504623872,,,,,,
125306400.0,,159.2,947.0,,,,,,,,,,,,,,1.0,70.0,19.0,1.0,30.0,5.0
125342400.0,,135.4,740.0,,,,,,,,,,,,,,1.0,62.0,15.0,2.0,22.0,4.0
125344800.0,,121.2,655.0,,,,,,,,,,,,,,1.0,55.0,14.0,1.0,20.0,3.0
125517600.0,,,,,,,,,,,,,,,,1620.3259265125694,,,,,,
125551200.0,,,,,,,,,,,,,,,,1620.3008905647976,,,,,,
125625600.0,,,,,,,,,,,,,,,,1620.2836484841168,,,,,,
125649600.0,,192.2,1597.0,,,,,,,,,,,,,,-1.0,94.0,40.0,1.0,78.0,0.0
125680800.0,,238.2,1595.0,,,,,,,,,,,,,,1.0,100.0,30.0,1.0,52.0,9.0
125750400.0,,,,0.0001755568664520979,-0.0375882163643837,-9.139379031353201e-09,-0.06184307858347893,7.748604424762107e-09,0.5907328128814697,7.878301403252408e-06,0.007384890224784613,0.06313116103410721,0.5349961519241333,,0.00028768675735087174,,,,,,,
125752800.0,,,,,,,,,,,,,,,,1620.25083660076,,,,,,
125863200.0,,184.39999999999998,1090.0,,,,,,,,,,,,,,1.0,84.0,22.0,2.0,34.0,6.0
126016800.0,,,,,,,,,,,,,,,,1620.220946776215,,,,,,
126045600.0,,139.4,759.0,,,,,,,,,,,,,,1.0,67.0,16.0,2.0,20.0,4.0
126096000.0,,,,,,,,,,,,,,,,1620.2223377871237,,,,,,
126115200.0,,,,0.00020717996812891215,-0.02832416631281376,1.1126200405442432e-08,-0.04771053418517113,-6.1591469702193535e-09,0.8571829795837402,2.5332471977890236e-06,0.029744580388069153,0.09294012933969498,0.7939920425415039,,0.00028713183788226985,,,,,,,
126127200.0,,,,,,,,,,,,,,,,1620.228371347302,,,,,,
126163200.0,,,,0.0002102992293657735,-0.03719780221581459,-2.781550101360608e-09,-0.07436774671077728,7.947286384535346e-09,0.5853084921836853,-4.632591662812047e-05,-0.03472340852022171,0.053215134888887405,0.49732571840286255,,0.00028705878164641543,,,,,,,
126211200.0,,141.39999999999998,1393.0,,,,,,,,,,,,,,-1.0,93.0,25.0,2.0,15.0,7.0
126232800.0,,150.39999999999998,1495.0,,,,,,,,,,,,,,-1.0,98.0,26.0,2.0,14.0,8.0
126242400.0,,,,,,,,,,,,,,,,1620.1708210023019,,,,,,
126295200.0,,,,,,,,,,,,,,,,1620.151863475539,,,,,,
126355200.0,,105.2,597.0,,,,,,,,,,,,,,1.0,48.0,12.0,1.0,17.0,2.0
126355200.0,,131.2,1325.0,,,,,,,,,,,,,,-1.0,90.0,24.0,1.0,9.0,7.0
126408000.0,,131.2,737.0,,,,,,,,,,,,,,1.0,60.0,15.0,1.0,20.0,4.0
126451200.0,,142.2,839.0,,,,,,,,,,,,,,1.0,67.0,17.0,1.0,22.0,4.0
126484800.0,,,,0.00022298387193586677,-0.05317703261971474,7.947286162490741e-10,-0.05740496516227722,1.0132789718397817e-08,0.8804987668991089,3.0216751838452183e-05,0.012260094285011292,0.098774753510952,0.7940165400505066,,0.00028656906424372365,,,,,,,
126492000.0,,,,,,,,,,,,,,,,1620.0431622787314,,,,,,
126528000.0,,,,0.00020359719928819686,-0.06328359246253967,0.0,-0.08970342576503754,-3.774960788405224e-09,0.921413242816925,-3.120390101685189e-05,0.015260493382811546,0.12594658136367798,0.8106979727745056,,0.0002865032495874402,,,,,,,
126588000.0,,,,,,,,,,,,,,,,1619.9906446732762,,,,,,
126657600.0,,,,0.00023682136088609695,-0.04862859845161438,3.1789144649962964e-09,-0.07848183810710907,7.549921576810448e-09,0.9619251489639282,6.712206231895834e-05,0.029330531135201454,0.15055038034915924,0.8407748341560364,,0.000286305760848796,,,,,,,
126729600.0,,153.2,889.0,,,,,,,,,,,,,,1.0,73.0,18.0,1.0,22.0,5.0
126732000.0,,,,0.00021835936058778316,-0.12481777369976044,1.19209286886246e-09,-0.14411048591136932,-6.755193293628281e-09,1.052980661392212,-3.2307172659784555e-05,0.013064069673418999,0.19877199828624725,0.8672425746917725,,0.00028619235744684724,,,,,,,
126744000.0,,,,0.00018360545800533146,-0.06727993488311768,-5.165735839085528e-09,-0.08691220730543137,-1.0331471678171056e-08,0.7791999578475952,3.7922567571513355e-05,-0.0302240252494812,0.06498381495475769,0.6840318441390991,,0.00028617406451626623,,,,,,,
126777600.0,,129.2,696.0,,,,,,,,,,,,,,1.0,59.0,14.0,1.0,20.0,4.0
126828000.0,,127.2,690.0,,,,,,,,,,,,,,1.0,57.0,14.0,1.0,24.0,3.0
126830400.0,,103.2,582.0,,,,,,,,,,,,,,1.0,46.0,12.0,1.0,17.0,2.0
126866400.0,,,,,,,,,,,,,,,,1619.8447199683853,,,,,,
126909600.0,,156.2,1436.0,,,,,,,,,,,,,,-1.0,99.0,27.0,1.0,14.0,9.0
127041600.0,,173.2,2096.0,,,,,,,,,,,,,,-1.0,102.0,30.0,1.0,21.0,10.0
127063200.0,,,,0.00028849105001427233,-0.041260603815317154,2.38418573772492e-09,-0.06518495082855225,1.7881394143159923e-09,0.8210744261741638,-2.378983481321484e-05,0.0052285329438745975,0.10708928853273392,0.7191927433013916,,0.00028568726377785694,,,,,,,
127132800.0,,,,0.0002083497092826292,-0.046831823885440826,-3.973643192267673e-09,-0.06838225573301315,-2.781550101360608e-09,0.5987392067909241,-1.6732752783354954e-06,0.03209127113223076,0.05392390117049217,0.5769069790840149,,0.00028558106611642264,,,,,,,
127351200.0,,150.2,945.0,,,,,,,,,,,,,,1.0,66.0,19.0,1.0,25.0,5.0
127353600.0,,,,,,,,,,,,,,,,1619.6800804272211,,,,,,
127363200.0,,,,,,,,,,,,,,,,1619.6858507046334,,,,,,
127490400.0,,,,,,,,,,,,,,,,1619.6663445361637,,,,,,
127538400.0,,148.4,1615.0,,,,,,,,,,,,,,-1.0,98.0,27.0,2.0,11.0,8.0
127591200.0,,,,,,,,,,,,,,,,1619.6752193525679,,,,,,
127598400.0,,157.2,931.0,,,,,,,,,,,,,,1.0,72.0,19.0,1.0,26.0,5.0
127807200.0,,129.2,715.0,,,,,,,,,,,,,,1.0,61.0,15.0,1.0,21.0,3.0
127812000.0,,,,,,,,,,,,,,,,1619.6395026942864,,,,,,
127840800.0,,236.39999999999998,1305.0,,,,,,,,,,,,,,1.0,100.0,27.0,2.0,57.0,8.0
127896000.0,,132.2,1236.0,,,,,,,,,,,,,,-1.0,90.0,25.0,1.0,5.0,8.0
127905600.0,,141.2,1255.0,,,,,,,,,,,,,,-1.0,95.0,25.0,1.0,13.0,7.0
128006400.0,,143.2,795.0,,,,,,,,,,,,,,1.0,67.0,16.0,1.0,24.0,4.0
128066400.0,,204.2,1113.0,,,,,,,,,,,,,,1.0,89.0,23.0,1.0,44.0,7.0
128128800.0,,,,0.00025593116879463196,-0.025847380980849266,5.563100202721216e-09,-0.05691753700375557,6.6558523137416614e-09,0.7393618226051331,4.479641575017013e-06,0.005068373866379261,0.09968587756156921,0.6447513699531555,,0.000284059297784161,,,,,,,
128136000.0,,165.2,2205.0,,,,,,,,,,,,,,-1.0,100.0,31.0,1.0,18.0,9.0
128270400.0,,128.2,695.0,,,,,,,,,,,,,,1.0,58.0,14.0,1.0,24.0,3.0
128316000.0,,230.2,1269.0,,,,,,,,,,,,,,1.0,99.0,26.0,1.0,53.0,8.0
128380800.0,,,,0.00017724446661304682,-0.02505488693714142,7.947286162490741e-10,-0.08796968311071396,3.1789144649962964e-09,0.9070621728897095,3.277527503087185e-05,0.028080079704523087,0.14325030148029327,0.7919265031814575,,0.0002836736781993447,,,,,,,
128520000.0,,,,0.00024563755141571164,-0.03167492151260376,1.2715657859985185e-08,-0.05780138075351715,1.0132789718397817e-08,0.801536500453949,4.524808537098579e-05,-0.0009026062907651067,0.13873907923698425,0.6619424819946289,,0.00028346056857008806,,,,,,,
128532000.0,,115.2,657.0,,,,,,,,,,,,,,1.0,53.0,14.0,1.0,20.0,2.0
128544000.0,,,,,,,,,,,,,,0.19544653594493866,,,,,,,,
128671200.0,,,,,,,,,,,,,,,,1619.4721747620063,,,,,,
128695200.0,,,,0.00019608743605203927,-0.029240215197205544,-4.371007555903361e-09,-0.05789455398917198,-6.1591469702193535e-09,0.9168335795402527,1.1400173889342113e-06,0.021145761013031006,0.1319538652896881,0.8060285449028015,,0.00028319224337754884,,,,,,,
128755200.0,,133.2,790.0,,,,,,,,,,,,,,1.0,63.0,16.0,1.0,18.0,4.0
128906400.0,,,,,,,,,,,,,,,,1619.4644886263754,,,,,,
128995200.0,,,,,,,,,,,,,,,,1619.473949019006,,,,,,
129004800.0,,,,,,,,,,,,,,,,1619.4763551262695,,,,,,
129009600.0,,148.2,1470.0,,,,,,,,,,,,,,-1.0,98.0,27.0,1.0,7.0,9.0
129110400.0,,123.2,725.0,,,,,,,,,,,,,,1.0,51.0,15.0,1.0,25.0,3.0
129153600.0,,147.2,825.0,,,,,,,,,,,,,,1.0,67.0,17.0,1.0,27.0,4.0
129350400.0,,,,0.0002314005687367171,-0.06284929811954498,3.1789144649962964e-09,-0.12325100600719452,-2.9802322831784522e-09,1.1020044088363647,-2.6466872441233136e-05,0.007624445948749781,0.1773585081100464,0.9322460889816284,,0.00028218779778123413,,,,,,,
129487200.0,,103.4,575.0,,,,,,,,,,,,,,1.0,45.0,11.0,2.0,19.0,2.0
129542400.0,,,,,,,,,,,,,,0.15153779089450836,,,,,,,,
129624000.0,,,,,,,,,,,,,,,,1619.5303060353374,,,,,,
129643200.0,,97.2,535.0,,,,,,,,,,,,,,1.0,43.0,11.0,1.0,19.0,1.0
129652800.0,,,,0.00020812373259104788,-0.03636745736002922,-2.38418573772492e-09,-0.07874281704425812,6.1591469702193535e-09,0.6488399505615234,-3.5013708838960156e-06,0.02720695547759533,0.10021822899580002,0.5758272409439087,,0.000281723693568041,,,,,,,
129698400.0,,,,,,,,,,,,,,,,1619.550986362759,,,,,,
129796800.0,,,,,,,,,,,,,,,,1619.5944195022125,,,,,,
129832800.0,,,,0.0002292888384545222,-0.07183616608381271,3.5762788286319847e-09,-0.08539370447397232,-4.371007555903361e-09,0.7036794424057007,2.757862239377573e-05,-0.004555033519864082,0.07594319432973862,0.6232110857963562,,0.00028144728972246714,,,,,,,
129840000.0,,118.2,630.0,,,,,,,,,,,,,,1.0,51.0,13.0,1.0,22.0,3.0
129840000.0,,,,0.0002516949316486716,-0.050081394612789154,1.9868215961338365e-09,-0.08256369084119797,-1.2715657859985185e-08,1.0433218479156494,4.47394586444716e-06,0.027905067428946495,0.16698382794857025,0.9042500853538513,,0.000281436231238039,,,,,,,
130010400.0,,,,,,,,,,,,,,,,1617.4514790592127,,,,,,
130068000.0,,105.2,580.0,,,,,,,,,,,,,,1.0,48.0,12.0,1.0,17.0,2.0
130161600.0,,181.2,1057.0,,,,,,,,,,,,,,1.0,82.0,22.0,1.0,33.0,6.0
130255200.0,,,,0.00032330057001672685,-0.054782651364803314,-1.9868215961338365e-09,-0.10763903707265854,-5.861123586470285e-09,0.9742854237556458,5.0278227803346454e-08,0.04113781079649925,0.15438729524612427,0.8610392212867737,,0.00028079822501126945,,,,,,,
130356000.0,,,,0.00029576709493994713,-0.06025463342666626,-1.4305115314527939e-08,-0.10932033509016037,5.563100202721216e-09,1.5139741897583008,-9.627734107198194e-05,0.023626191541552544,0.24038834869861603,1.2971186637878418,,0.00028064324503269077,,,,,,,
130466400.0,,114.19999999999999,1256.0,,,,,,,,,,,,,,-1.0,72.0,21.0,1.0,17.0,6.0
130466400.0,,,,0.00023628567578271031,-0.04860702529549599,-3.973643192267673e-09,-0.10728887468576431,-7.947286162490741e-10,1.1973241567611694,-4.074770549777895e-05,0.07070641219615936,0.20306871831417084,1.0649235248565674,,0.0002804734658860059,,,,,,,
130483200.0,,,,,,,,,,,,,,0.13221581280231476,,,,,,,,
130483200.0,,,,,,,,,,,,,,,,1617.5624511323272,,,,,,
130495200.0,,,,,,,,,,,,,,,,1617.5738230855945,,,,,,
130528800.0,,140.2,832.0,,,,,,,,,,,,,,1.0,61.0,17.0,1.0,26.0,4.0
130684800.0,,114.2,625.0,,,,,,,,,,,,,,1.0,50.0,13.0,1.0,19.0,3.0
130790400.0,,,,,,,,,,,,,,,,1617.6296533354707,,,,,,
130795200.0,,,,,,,,,,,,,,,,1617.632537517427,,,,,,
130824000.0,,,,,,,,,,,,,,,,1617.6641428088528,,,,,,
130848000.0,,156.2,956.0,,,,,,,,,,,,,,1.0,67.0,20.0,1.0,29.0,5.0
130903200.0,,172.2,2226.0,,,,,,,,,,,,,,-1.0,101.0,30.0,1.0,21.0,10.0
130922400.0,,103.2,545.0,,,,,,,,,,,,,,1.0,44.0,11.0,1.0,20.0,2.0
130958400.0,,122.2,726.0,,,,,,,,,,,,,,1.0,62.0,18.0,1.0,22.0,0.0
131028000.0,,,,0.00033283172524534166,-0.053398095071315765,-7.947286162490741e-10,-0.0629778504371643,-6.357828929992593e-09,0.8850909471511841,1.3621009202324785e-05,0.01500976737588644,0.11229084432125092,0.7878268361091614,,0.00027960918094911913,,,,,,,
131061600.0,,171.4,2450.0,,,,,,,,,,,,,,-1.0,102.0,31.0,2.0,22.0,9.0
131092800.0,,,,,,,,,,,,,,,,1617.6097612989893,,,,,,
131217600.0,,,,,,,,,,,,,,,,1617.5923768046102,,,,,,
131296800.0,,121.2,642.0,,,,,,,,,,,,,,1.0,49.0,13.0,1.0,27.0,3.0
131311200.0,,152.2,850.0,,,,,,,,,,,,,,1.0,68.0,17.0,1.0,31.0,4.0
131500800.0,,,,0.000204624782782048,-0.038239073008298874,1.9868215961338365e-09,-0.07794413715600967,0.0,0.48486313223838806,4.011222699773498e-05,0.022801468148827553,0.09745407104492188,0.4102526605129242,,0.00027888076123229184,,,,,,,
131508000.0,,,,0.0002326782705495134,-0.025694075971841812,4.172325152040912e-09,-0.07562358677387238,1.6887983234070703e-09,0.6113817095756531,-1.7525064322398975e-05,0.03501267358660698,0.13516628742218018,0.5112128853797913,,0.0002788696630281269,,,,,,,
131558400.0,,185.2,1040.0,,,,,,,,,,,,,,1.0,78.0,21.0,1.0,42.0,6.0
131647200.0,,244.2,1521.0,,,,,,,,,,,,,,1.0,100.0,30.0,1.0,54.0,10.0
131654400.0,,148.2,867.0,,,,,,,,,,,,,,1.0,68.0,18.0,1.0,22.0,5.0
131882400.0,,190.2,1128.0,,,,,,,,,,,,,,1.0,83.0,23.0,1.0,36.0,7.0
131887200.0,,205.2,1510.0,,,,,,,,,,,,,,1.0,99.0,30.0,1.0,20.0,9.0
131932800.0,,,,0.00023662626335863024,-0.05147033929824829,7.152557657263969e-09,-0.07428129017353058,-6.556510889765832e-09,0.9488650560379028,1.0423921594338026e-05,-0.010746675543487072,0.11957143247127533,0.8185597658157349,,0.00027821458064786507,,,,,,,
131942400.0,,,,,,,,,,,,,,,,1617.6185665779074,,,,,,
131944800.0,,,,,,,,,,,,,,,,1617.62054275329,,,,,,
131947200.0,,122.19999999999999,1355.0,,,,,,,,,,,,,,-1.0,89.0,23.0,1.0,6.0,6.0
132002400.0,,,,,,,,,,,,,,,,1617.6243764174617,,,,,,
132076800.0,,,,,,,,,,,,,,,,1617.6363854253996,,,,,,
132151200.0,,102.2,595.0,,,,,,,,,,,,,,1.0,47.0,12.0,1.0,19.0,1.0
132168000.0,,219.2,2436.0,,,,,,,,,,,,,,-1.0,97.0,28.0,1.0,74.0,10.0
132228000.0,,183.2,1053.0,,,,,,,,,,,,,,1.0,77.0,22.0,1.0,40.0,6.0
132254400.0,,,,,,,,,,,,,,,,1617.673898416304,,,,,,
132259200.0,,,,,,,,,,,,,,,,1617.6765662889939,,,,,,
132477600.0,,186.2,4000.0,,,,,,,,,,,,,,0.0,101.0,34.0,1.0,19.0,8.0
132537600.0,,,,,,,,,,,,,,,,1617.7028250281478,,,,,,
132561600.0,,122.2,735.0,,,,,,,,,,,,,,1.0,62.0,18.0,1.0,22.0,0.0
132588000.0,,,,0.00029984512366354465,-0.03361154720187187,-7.947286384535346e-09,-0.07696716487407684,-2.2252400810884865e-08,0.9379845857620239,4.509350674197776e-06,-0.010750330984592438,0.1741911619901657,0.7530505657196045,,0.0002772031092414106,,,,,,,
132595200.0,,141.4,1471.0,,,,,,,,,,,,,,-1.0,94.0,25.0,2.0,14.0,7.0
132732000.0,,139.2,1435.0,,,,,,,,,,,,,,-1.0,95.0,25.0,1.0,11.0,7.0
132808800.0,,25.200000000000003,745.0,,,,,,,,,,,,,,-1.0,26.0,7.0,1.0,8.0,1.0
132900000.0,,,,0.0002457299269735813,-0.05927868187427521,1.1126200405442432e-08,-0.10456577688455582,-3.9736430812453705e-10,0.6407376527786255,1.3544361536332872e-05,0.037776198238134384,0.07656016200780869,0.6019697189331055,,0.00027672100316008635,,,,,,,
132904800.0,,140.4,1457.0,,,,,,,,,,,,,,-1.0,93.0,25.0,2.0,14.0,7.0
132988800.0,,150.4,1545.0,,,,,,,,,,,,,,-1.0,95.0,23.0,2.0,16.0,9.0
133005600.0,,147.2,1407.0,,,,,,,,,,,,,,-1.0,93.0,26.0,1.0,16.0,8.0
133120800.0,,188.2,1046.0,,,,,,,,,,,,,,1.0,80.0,21.0,1.0,43.0,6.0
133144800.0,,117.4,680.0,,,,,,,,,,,,,,1.0,53.0,14.0,2.0,22.0,2.0
133264800.0,,177.2,1462.0,,,,,,,,,,,,,,-1.0,88.0,24.0,1.0,53.0,8.0
133286400.0,,37.2,810.0,,,,,,,,,,,,,,-1.0,33.0,8.0,1.0,12.0,1.0
133324800.0,,,,0.0002568461059127003,-0.059712037444114685,-2.1855037779516806e-09,-0.08174455910921097,-5.563100202721216e-09,1.1937708854675293,-9.069623047253117e-06,-0.020430762320756912,0.18184706568717957,0.9914866089820862,,0.0002760641396068635,,,,,,,
133327200.0,,,,0.0002430242602713406,-0.050508368760347366,-6.357828929992593e-09,-0.036278292536735535,3.1789144649962964e-09,1.1360650062561035,3.30545190081466e-05,-0.007188565097749233,0.1555478423833847,0.9733640551567078,,0.0002760604270358459,,,,,,,
133332000.0,,192.39999999999998,1167.0,,,,,,,,,,,,,,1.0,90.0,24.0,2.0,30.0,7.0
133437600.0,,100.2,508.0,,,,,,,,,,,,,,1.0,41.0,11.0,1.0,20.0,2.0
133512000.0,,,,0.00022302403522189707,-0.05045869201421738,9.139379031353201e-09,-0.07739928364753723,7.152557657263969e-09,0.6640954613685608,-3.325927536934614e-05,0.01437558513134718,0.07983103394508362,0.5986089706420898,,0.000275774509812951,,,,,,,
133540800.0,,,,0.00018741918029263616,-0.046346623450517654,-1.5497208849524213e-08,-0.08640943467617035,5.066394859198908e-09,1.031212568283081,-6.191822467371821e-05,0.014262819662690163,0.10498593002557755,0.9404295086860657,,0.00027572994256373334,,,,,,,
133588800.0,,151.4,1569.0,,,,,,,,,,,,,,-1.0,99.0,27.0,2.0,13.0,8.0
133612800.0,,157.2,1696.0,,,,,,,,,,,,,,-1.0,99.0,28.0,1.0,14.0,9.0
133624800.0,,,,,,,,,,,,,,,,1617.5676962768744,,,,,,
133632000.0,,,,,,,,,,,,,,0.10085668414831161,,,,,,,,
133668000.0,,181.2,1006.0,,,,,,,,,,,,,,1.0,78.0,21.0,1.0,38.0,6.0
133728000.0,,,,0.0002486698213033378,-0.03670265153050423,4.371007555903361e-09,-0.04740237072110176,-7.947286162490741e-10,0.9317116141319275,1.6623382180114277e-05,0.036720216274261475,0.12465573847293854,0.8437952399253845,,0.0002754401985789322,,,,,,,
133764000.0,,,,0.00029815282323397696,-0.06163182854652405,-5.165735839085528e-09,-0.10654301196336746,7.549921576810448e-09,0.6183975338935852,5.527610846911557e-05,0.009132695384323597,0.10267924517393112,0.524909257888794,,0.0002753844673390628,,,,,,,
133764000.0,,,,,,,,,,,,,,,,1617.5408740018333,,,,,,
133797600.0,,,,,,,,,,,,,,,,1617.5299629035285,,,,,,
133807200.0,,88.2,460.0,,,,,,,,,,,,,,1.0,36.0,10.0,1.0,18.0,1.0
133807200.0,,,,0.0002274088328704238,-0.0374220609664917,-1.19209286886246e-09,-0.09182209521532059,2.9802322831784522e-09,0.9529883861541748,-8.91091076482553e-06,0.011444672010838985,0.09919392317533493,0.8652324676513672,,0.0002753175850897539,,,,,,,
133833600.0,,,,0.0002732516441028565,-0.08744921535253525,1.907348590179936e-08,-0.11662834137678146,-2.38418573772492e-09,0.5226667523384094,-1.8411894870951073e-06,0.022345975041389465,0.09585851430892944,0.4491550922393799,,0.00027527671005247225,,,,,,,
133879200.0,,,,,,,,,,,,,,,,1617.5415354245672,,,,,,
133908000.0,,,,,,,,,,,,,,,,1617.5374919498192,,,,,,
134018400.0,,94.2,555.0,,,,,,,,,,,,,,1.0,45.0,12.0,1.0,17.0,0.0
134092800.0,,,,0.0003157208557240665,-0.04690952226519585,1.3510386587256562e-08,-0.05537653714418411,-3.973643192267673e-09,0.8670373558998108,2.5838115107035264e-05,-0.004604203626513481,0.18042384088039398,0.6820383071899414,,0.00027487528939387215,,,,,,,
134140800.0,,,,0.00028616999043151736,-0.02895270474255085,7.947286162490741e-10,-0.049845799803733826,2.38418573772492e-09,1.0102808475494385,-3.7768644688185304e-05,0.04027639329433441,0.10420326143503189,0.9463191032409668,,0.0002748009320345924,,,,,,,
134140800.0,,,,,,,,,,,,,,,,1617.5195998721053,,,,,,
134253600.0,,146.4,1525.0,,,,,,,,,,,,,,-1.0,98.0,25.0,2.0,11.0,8.0
134260800.0,,,,0.00024127129290718585,-0.03435676172375679,4.967053879312289e-09,-0.07825660705566406,8.344650304081824e-09,0.8860945701599121,1.8779390302370302e-05,0.005364721640944481,0.13402651250362396,0.7574539184570312,,0.0002746150112626512,,,,,,,
134263200.0,,100.4,1348.0,,,,,,,,,,,,,,-1.0,72.0,19.0,2.0,9.0,5.0
134277600.0,,,,,,,,,,,,,,,,1617.4875336900175,,,,,,
134344800.0,,,,0.0002435303176753223,-0.04873489961028099,5.364418242947977e-09,-0.08595970273017883,-1.2715657859985185e-08,0.6239722371101379,-4.0786078898236156e-05,0.04040970280766487,0.08179213851690292,0.5825514793395996,,0.0002744848435768958,,,,,,,
134352000.0,,,,,,,,,,,,,,,,1617.4945836921477,,,,,,
134400000.0,,114.2,625.0,,,,,,,,,,,,,,1.0,51.0,13.0,1.0,18.0,3.0
134404800.0,,243.2,1510.0,,,,,,,,,,,,,,1.0,98.0,30.0,1.0,59.0,9.0
134404800.0,,149.2,1459.0,,,,,,,,,,,,,,-1.0,98.0,26.0,1.0,13.0,8.0
134500800.0,,155.2,1535.0,,,,,,,,,,,,,,-1.0,98.0,29.0,1.0,12.0,9.0
134548800.0,,181.2,1043.0,,,,,,,,,,,,,,1.0,78.0,21.0,1.0,38.0,6.0
134577600.0,,,,0.0003057207795791328,-0.038950297981500626,7.947286384535346e-09,-0.026730190962553024,2.781550101360608e-09,1.1097025871276855,1.6370862795156427e-05,-0.0016403531190007925,0.11904574185609818,0.989035964012146,,0.0002741239944312761,,,,,,,
134592000.0,,,,,,,,,,,,,,,,1617.491965546522,,,,,,
134623200.0,,,,,,,,,,,,,,,,1617.506804392939,,,,,,
134762400.0,,238.2,1454.0,,,,,,,,,,,,,,1.0,99.0,30.0,1.0,53.0,9.0
134820000.0,,,,0.0001593750639585778,-0.07183212786912918,1.7881394143159923e-09,-0.11034819483757019,-1.4901161193847656e-08,0.8309764862060547,-1.9272340068710037e-05,0.02488570660352707,0.14277929067611694,0.7130652666091919,,0.0002737481125748281,,,,,,,
134899200.0,,,,,,,,,,,,,,,,1617.442869092795,,,,,,
135168000.0,,,,0.00022942251234780997,-0.034525997936725616,-1.41064333547547e-08,-0.04111440107226372,7.152557657263969e-09,1.4592251777648926,-1.5240607353916857e-05,-0.014380493201315403,0.2930353879928589,1.1517963409423828,,0.0002732082132861158,,,,,,,
135211200.0,,143.2,1374.0,,,,,,,,,,,,,,-1.0,95.0,25.0,1.0,15.0,7.0
135232800.0,,,,0.00034376277471892536,-0.01275600679218769,-7.549921576810448e-09,-0.025157473981380463,9.53674295089968e-09,0.7329708337783813,1.482288098486606e-05,-0.026348935440182686,0.13049161434173584,0.5761485695838928,,0.0002731076460607412,,,,,,,
135283200.0,,,,,,,,,,,,,,0.12517410516738892,,,,,,,,
135285600.0,,131.2,1403.0,,,,,,,,,,,,,,-1.0,84.0,22.0,1.0,17.0,7.0
135314400.0,,,,,,,,,,,,,,,,1615.272277523798,,,,,,
135494400.0,,122.2,647.0,,,,,,,,,,,,,,1.0,54.0,13.0,1.0,23.0,3.0
135516000.0,,,,0.00026855917531065643,-0.04759061336517334,-2.781550101360608e-09,-0.08087629079818726,-1.152356521316733e-08,0.6883957386016846,2.219429734395817e-05,0.016646018251776695,0.1324588805437088,0.5726077556610107,,0.0002726680057801472,,,,,,,
135542400.0,,146.2,819.0,,,,,,,,,,,,,,1.0,65.0,17.0,1.0,28.0,4.0
135597600.0,,,,0.00025624537374824286,-0.04357369244098663,-1.9868215961338365e-09,-0.05038032308220863,1.19209286886246e-09,0.9282664060592651,6.211497384356335e-05,0.01775285042822361,0.09103001654148102,0.8550539612770081,,0.000272541292598183,,,,,,,
135624000.0,,178.2,993.0,,,,,,,,,,,,,,1.0,80.0,20.0,1.0,34.0,6.0
135638400.0,,108.2,555.0,,,,,,,,,,,,,,1.0,47.0,12.0,1.0,21.0,2.0
135712800.0,,,,,,,,,,,,,,,,1615.3322506329685,,,,,,
135741600.0,,,,,,,,,,,,,,,,1615.3253888300767,,,,,,
135806400.0,,,,,,,,,,,,,,,,1615.3277192666899,,,,,,
135871200.0,,174.39999999999998,1036.0,,,,,,,,,,,,,,1.0,81.0,21.0,2.0,28.0,6.0
135892800.0,,212.2,1521.0,,,,,,,,,,,,,,1.0,102.0,30.0,1.0,24.0,9.0
135916800.0,,,,0.0002746241807471961,-0.028325730934739113,3.1789144649962964e-09,-0.07607129961252213,9.139379031353201e-09,0.7258940935134888,-1.0457102689542808e-05,0.03806432709097862,0.09266839921474457,0.6712822914123535,,0.0002720454631845246,,,,,,,
135931200.0,,,,,,,,,,,,,,,,1615.3331128256661,,,,,,
136010400.0,,147.2,819.0,,,,,,,,,,,,,,1.0,68.0,17.0,1.0,26.0,4.0
136029600.0,,,,0.0002634705451782793,-0.057171620428562164,7.748604424762107e-09,-0.09098390489816666,-3.973643192267673e-09,0.9298108816146851,1.684574999671895e-05,-0.005842249374836683,0.10382970422506332,0.8201584219932556,,0.00027187018608259336,,,,,,,
136092000.0,,106.2,553.0,,,,,,,,,,,,,,1.0,47.0,12.0,1.0,19.0,2.0
136190400.0,,,,,,,,,,,,,,,,1615.3616290351756,,,,,,
136212000.0,,220.39999999999998,1256.0,,,,,,,,,,,,,,1.0,98.0,26.0,2.0,44.0,8.0
136255200.0,,153.2,1513.0,,,,,,,,,,,,,,-1.0,98.0,28.0,1.0,11.0,9.0
136329600.0,,153.2,825.0,,,,,,,,,,,,,,1.0,67.0,17.0,1.0,33.0,4.0
136564800.0,,,,0.0001835831644712016,-0.06309690326452255,-2.38418573772492e-09,-0.12535741925239563,2.38418573772492e-09,0.9694929122924805,3.3897460980369942e-06,-0.005041605327278376,0.13453525304794312,0.829921305179596,,0.00027103814045243796,,,,,,,
136567200.0,,164.2,1024.0,,,,,,,,,,,,,,1.0,73.0,21.0,1.0,26.0,6.0
136591200.0,,,,,,,,,,,,,,,,1615.360202092801,,,,,,
136593600.0,,,,,,,,,,,,,,,,1615.3632195887822,,,,,,
136596000.0,,,,0.00024284365645144135,-0.04328843578696251,-1.7881394143159923e-09,-0.08083640784025192,2.38418573772492e-09,1.410216212272644,-3.7077893466630485e-07,0.022598041221499443,0.41279134154319763,1.0200248956680298,,0.0002709896149120274,,,,,,,
136684800.0,,,,0.0002064542204607278,-0.03518643602728844,3.5762788286319847e-09,-0.055377185344696045,-9.53674295089968e-09,0.8104346394538879,-2.8164824470877647e-05,0.042431533336639404,0.15234525501728058,0.7004948258399963,,0.00027085149151217564,,,,,,,
136704000.0,,,,0.00019836226420011371,-0.07273708283901215,-2.38418573772492e-09,-0.0948590487241745,-7.549921576810448e-09,0.7043738961219788,-2.420596729280078e-06,-0.003688001772388816,0.07535380125045776,0.6253316402435303,,0.0002708216246184161,,,,,,,
136713600.0,,192.2,1026.0,,,,,,,,,,,,,,1.0,84.0,21.0,1.0,43.0,6.0
136735200.0,,,,,,,,,,,,,,,,1615.399487616534,,,,,,
136744800.0,,,,,,,,,,,,,,,,1615.3969757350362,,,,,,
136761600.0,,175.2,997.0,,,,,,,,,,,,,,1.0,80.0,20.0,1.0,31.0,6.0
136843200.0,,172.2,976.0,,,,,,,,,,,,,,1.0,78.0,20.0,1.0,30.0,6.0
136884000.0,,162.2,1745.0,,,,,,,,,,,,,,-1.0,99.0,33.0,1.0,14.0,9.0
136965600.0,,130.2,715.0,,,,,,,,,,,,,,1.0,61.0,15.0,1.0,22.0,3.0
136968000.0,,,,,,,,,,,,,,,,1615.382458688246,,,,,,
136982400.0,,,,,,,,,,,,,,,,1615.3753215500717,,,,,,
137011200.0,,149.2,1447.0,,,,,,,,,,,,,,-1.0,99.0,28.0,1.0,10.0,8.0
137095200.0,,,,0.0002170134976040572,-0.10536372661590576,-5.165735839085528e-09,-0.12966804206371307,-1.0728836485895954e-08,0.715268611907959,-3.854547321680002e-05,0.01607370749115944,0.09290362894535065,0.6384022831916809,,0.00027021290506244055,,,,,,,
137104800.0,,180.2,992.0,,,,,,,,,,,,,,1.0,78.0,20.0,1.0,38.0,6.0
137107200.0,,,,,,,,,,,,,,0.0762983113527298,,,,,,,,
137126400.0,,,,0.00020625771139748394,-0.061423659324645996,5.563100202721216e-09,-0.08700422942638397,1.4305115314527939e-08,0.8199954628944397,-9.132853847404476e-06,0.04411347955465317,0.11096543818712234,0.7531364560127258,,0.0002701643421359397,,,,,,,
137157600.0,,,,,,,,,,,,,,,,1615.3544152259622,,,,,,
137188800.0,,140.2,763.0,,,,,,,,,,,,,,1.0,64.0,16.0,1.0,24.0,4.0
137212800.0,,216.2,1181.0,,,,,,,,,,,,,,1.0,98.0,24.0,1.0,46.0,7.0
137232000.0,,230.2,1337.0,,,,,,,,,,,,,,1.0,100.0,27.0,1.0,47.0,9.0
137246400.0,,,,0.0002075012744171545,-0.07995821535587311,8.742015111806722e-09,-0.09844445437192917,-1.1126200405442432e-08,0.9085140228271484,-2.3256289338746683e-08,0.024697352200746536,0.08052726835012436,0.8526861667633057,,0.000269977541634617,,,,,,,
137311200.0,,,,0.00024015337112359703,-0.030320845544338226,1.9470851597702676e-08,-0.046149082481861115,-9.139379031353201e-09,0.7707902789115906,2.186417259508744e-05,-0.012864556163549423,0.07947743684053421,0.6784725189208984,,0.00026987665622774093,,,,,,,
137347200.0,,,,0.0002389396686339751,-0.06641235947608948,-2.38418573772492e-09,-0.084586963057518,-9.53674295089968e-09,1.2792942523956299,-2.8104392185923643e-05,0.0003071797837037593,0.13066045939922333,1.1489152908325195,,0.00026982060482161997,,,,,,,
137404800.0,,148.2,1465.0,,,,,,,,,,,,,,-1.0,96.0,27.0,1.0,17.0,7.0
137438400.0,,,,0.00022422272013500333,-0.05582111328840256,-2.1457672971791908e-08,-0.054786212742328644,1.0927518445669193e-08,0.622846245765686,-1.293327659368515e-05,0.0005278686876408756,0.10372919589281082,0.5196342468261719,,0.0002696785953369212,,,,,,,
137654400.0,,,,0.0002021571999648586,-0.07986166328191757,-1.5695890809297453e-08,-0.0891490951180458,-1.887480394202612e-08,1.054997444152832,-2.980413228215184e-05,-0.05247296020388603,0.21770986914634705,0.7847868204116821,,0.0002693421857221596,,,,,,,
137860800.0,,224.2,1253.0,,,,,,,,,,,,,,1.0,100.0,26.0,1.0,46.0,8.0
137947200.0,,178.2,1014.0,,,,,,,,,,,,,,1.0,82.0,21.0,1.0,31.0,6.0
138016800.0,,138.2,1415.0,,,,,,,,,,,,,,-1.0,94.0,25.0,1.0,11.0,7.0
138045600.0,,167.2,952.0,,,,,,,,,,,,,,1.0,81.0,20.0,1.0,26.0,5.0
138072000.0,,170.2,945.0,,,,,,,,,,,,,,1.0,79.0,19.0,1.0,32.0,5.0
138153600.0,,,,0.00020719756139442325,-0.05897532403469086,1.9868215961338365e-09,-0.07778386026620865,7.947286384535346e-09,0.9530293941497803,-3.0746855372854043e-06,0.038108862936496735,0.189177006483078,0.801960289478302,,0.00026856432995553175,,,,,,,
138206400.0,,,,,,,,,,,,,,,,1615.3091049072386,,,,,,
138340800.0,,150.39999999999998,1580.0,,,,,,,,,,,,,,-1.0,99.0,30.0,2.0,9.0,8.0
138352800.0,,136.4,727.0,,,,,,,,,,,,,,1.0,62.0,15.0,2.0,23.0,4.0
138398400.0,,162.2,956.0,,,,,,,,,,,,,,1.0,73.0,20.0,1.0,29.0,5.0
138400800.0,,201.2,1174.0,,,,,,,,,,,,,,1.0,96.0,24.0,1.0,33.0,7.0
138559200.0,,,,0.0002401947567705065,-0.06724166870117188,5.563100202721216e-09,-0.09158618003129959,2.4636587880877414e-08,1.076076626777649,1.219894443238445e-06,0.005746359471231699,0.09412772953510284,0.9876987934112549,,0.0002679319476101273,,,,,,,
138705600.0,,128.2,1328.0,,,,,,,,,,,,,,-1.0,86.0,23.0,1.0,11.0,7.0
138777600.0,,148.2,1380.0,,,,,,,,,,,,,,-1.0,97.0,27.0,1.0,12.0,8.0
138844800.0,,143.2,1305.0,,,,,,,,,,,,,,-1.0,99.0,25.0,1.0,11.0,7.0
138914400.0,,96.2,497.0,,,,,,,,,,,,,,1.0,39.0,10.0,1.0,19.0,2.0
138928800.0,,162.2,941.0,,,,,,,,,,,,,,1.0,74.0,19.0,1.0,29.0,5.0
138952800.0,,,,,,,,,,,,,,,,1615.382970544581,,,,,,
138955200.0,,168.2,2435.0,,,,,,,,,,,,,,-1.0,99.0,29.0,1.0,20.0,10.0
139000800.0,,191.2,1107.0,,,,,,,,,,,,,,1.0,82.0,23.0,1.0,38.0,7.0
139008000.0,,154.2,1486.0,,,,,,,,,,,,,,-1.0,100.0,29.0,1.0,9.0,9.0
139010400.0,,162.2,967.0,,,,,,,,,,,,,,1.0,75.0,20.0,1.0,27.0,5.0
139012800.0,,199.2,1150.0,,,,,,,,,,,,,,1.0,85.0,23.0,1.0,43.0,7.0
139072800.0,,,,,,,,,,,,,,,,1615.4128297594493,,,,,,
139075200.0,,,,,,,,,,,,,,,,1615.4081511067156,,,,,,
139089600.0,,,,,,,,,,,,,,,,1615.405270813225,,,,,,
139142400.0,,,,,,,,,,,,,,0.0984652191400528,,,,,,,,
139168800.0,,104.2,565.0,,,,,,,,,,,,,,1.0,48.0,12.0,1.0,16.0,2.0
139185600.0,,110.2,596.0,,,,,,,,,,,,,,1.0,52.0,12.0,1.0,18.0,2.0
139200000.0,,,,0.00017979495169129223,-0.013709898106753826,2.38418573772492e-09,-0.06504641473293304,-7.152557657263969e-09,0.904246985912323,5.207363938097842e-05,0.038024693727493286,0.055282656103372574,0.8870428800582886,,0.0002669322035520678,,,,,,,
139207200.0,,,,0.00020169287745375186,-0.039316993206739426,-4.371007555903361e-09,-0.06036356836557388,0.0,0.6689704656600952,3.0219132895581424e-05,0.013545562513172626,0.071558378636837,0.6109899282455444,,0.0002669209660568548,,,,,,,
139262400.0,,157.2,1562.0,,,,,,,,,,,,,,-1.0,99.0,30.0,1.0,16.0,8.0
139276800.0,,,,0.00024484473397023976,-0.04374082013964653,1.5894572769070692e-08,-0.07575850933790207,-2.1855037779516806e-09,0.9930347800254822,-4.258820990798995e-05,0.027711033821105957,0.0848800539970398,0.9358256459236145,,0.0002668123319866491,,,,,,,
139312800.0,,,,,,,,,,,,,,,,1615.3594551350511,,,,,,
139449600.0,,159.2,1686.0,,,,,,,,,,,,,,-1.0,99.0,31.0,1.0,13.0,9.0
139533600.0,,,,0.00021503075549844652,-0.05275491625070572,1.152356521316733e-08,-0.08897913992404938,-2.38418573772492e-09,0.5356681942939758,1.4578648915630765e-05,0.023504162207245827,0.05135238543152809,0.5078366994857788,,0.00026641143290717054,,,,,,,
139588800.0,,,,0.0003002521407324821,-0.07899851351976395,-9.53674295089968e-09,-0.10206186771392822,2.7020773174513124e-08,0.24003691971302032,-0.00013373249385040253,0.020549241453409195,0.024029752239584923,0.23642568290233612,,0.0002663252427419044,,,,,,,
139713600.0,,,,,,,,,,,,,,,,1770.3576758133136,,,,,,
139730400.0,,,,,,,,,,,,,,,,1769.727347272184,,,,,,
139756800.0,,124.2,687.0,,,,,,,,,,,,,,1.0,53.0,14.0,1.0,25.0,3.0
139905600.0,,,,,,,,,,,,,,,,1792.9124590905378,,,,,,
139992000.0,,,,0.00025610721786506474,-0.06306734681129456,-3.317991925655406e-08,-0.08884263783693314,9.934107980669182e-10,0.5809357166290283,3.307362203486264e-05,-0.020003538578748703,0.10196974128484726,0.45899805426597595,,0.00026569551618706714,,,,,,,
140008800.0,,,,,,,,,,,,,,,,1240.1993297577658,,,,,,
140032800.0,,202.2,1125.0,,,,,,,,,,,,,,1.0,93.0,23.0,1.0,38.0,7.0
140080800.0,,180.2,987.0,,,,,,,,,,,,,,1.0,80.0,20.0,1.0,36.0,6.0
140152800.0,,107.2,600.0,,,,,,,,,,,,,,1.0,49.0,12.0,1.0,18.0,2.0
140215200.0,,,,0.00029811024433001876,-0.07105208188295364,9.139379031353201e-09,-0.08461342006921768,-7.152557657263969e-09,0.6475261449813843,-7.544618711108342e-06,0.018327180296182632,0.1050298735499382,0.5608189105987549,,0.00026534679651705106,,,,,,,
140284800.0,,,,,,,,,,,,,,,,1411.2616404938767,,,,,,
140416800.0,,146.2,1245.0,,,,,,,,,,,,,,-1.0,95.0,25.0,1.0,14.0,8.0
140443200.0,,,,,,,,,,,,,,,,1468.2784100358508,,,,,,
140536800.0,,125.19999999999999,1215.0,,,,,,,,,,,,,,-1.0,90.0,23.0,1.0,8.0,6.0
140570400.0,,,,,,,,,,,,,,,,1500.0957948292007,,,,,,
140714400.0,,,,,,,,,,,,,,,,1533.9663952679762,,,,,,
140800800.0,,115.2,626.0,,,,,,,,,,,,,,1.0,51.0,13.0,1.0,19.0,3.0
140839200.0,,226.2,1301.0,,,,,,,,,,,,,,1.0,101.0,27.0,1.0,46.0,8.0
140884800.0,,160.2,1616.0,,,,,,,,,,,,,,-1.0,99.0,30.0,1.0,15.0,9.0
140942400.0,,,,0.0002131428336724639,-0.0030554034747183323,-1.5894572324981482e-09,0.005215663928538561,3.9736430812453705e-10,1.8454498052597046,-1.2501873243309092e-06,-0.020983560010790825,0.5935481190681458,1.2309190034866333,,0.00026421007370979377,,,,,,,
140954400.0,,,,0.00019753628293983638,-0.03660096600651741,-6.357828929992593e-09,-0.059014029800891876,3.9736430812453705e-10,0.7696706056594849,5.5056084420357365e-06,0.016871243715286255,0.14011459052562714,0.6464347243309021,,0.00026419130881499814,,,,,,,
141024000.0,,,,0.00024750837474130094,-0.029357818886637688,3.9736430812453705e-10,-0.04334329068660736,0.0,0.6619387865066528,-4.623995118890889e-05,0.03585546463727951,0.07879772037267685,0.6189528107643127,,0.0002640824680152779,,,,,,,
141127200.0,,,,,,,,,,,,,,0.09004969894886017,,,,,,,,
141151200.0,,160.2,1541.0,,,,,,,,,,,,,,-1.0,100.0,31.0,1.0,9.0,10.0
141484800.0,,107.2,1280.0,,,,,,,,,,,,,,-1.0,75.0,23.0,1.0,5.0,6.0
141549600.0,,,,,,,,,,,,,,,,1640.848156874221,,,,,,
141573600.0,,,,,,,,,,,,,,,,1643.0088430029168,,,,,,
141746400.0,,,,0.0003080288297496736,-0.01261799968779087,7.549921576810448e-09,-0.021010879427194595,-8.742015111806722e-09,0.7847893238067627,8.696144504938275e-06,0.031152993440628052,0.10676305741071701,0.7091910243034363,,0.0002629523444712213,,,,,,,
141792000.0,,,,0.00022507454559672624,-0.05179474502801895,1.5894572324981482e-09,-0.07610148191452026,-6.755193293628281e-09,0.9065170288085938,-6.281095556914806e-05,0.03368695080280304,0.08715366572141647,0.8529897332191467,,0.0002628809822198014,,,,,,,
141794400.0,,137.2,1423.0,,,,,,,,,,,,,,-1.0,93.0,25.0,1.0,11.0,7.0
141820800.0,,132.2,1205.0,,,,,,,,,,,,,,-1.0,90.0,24.0,1.0,10.0,7.0
141823200.0,,164.39999999999998,1891.0,,,,,,,,,,,,,,-1.0,99.0,31.0,2.0,18.0,9.0
141852000.0,,,,0.00028628221480175853,-0.056631024926900864,-9.53674295089968e-09,-0.0733700767159462,6.755193293628281e-09,0.7421290874481201,4.030851778225042e-05,0.029829585924744606,0.13834592700004578,0.6336559057235718,,0.00026278708004819144,,,,,,,
141969600.0,,,,0.000191914223250933,-0.04981861263513565,1.0331471678171056e-08,-0.06974039226770401,-1.5894572324981482e-09,0.9282850027084351,-4.384343992569484e-05,-0.012137162499129772,0.0966593399643898,0.8194465637207031,,0.0002626030171826143,,,,,,,
142053600.0,,127.2,725.0,,,,,,,,,,,,,,1.0,56.0,15.0,1.0,24.0,3.0
142147200.0,,148.39999999999998,1435.0,,,,,,,,,,,,,,-1.0,99.0,26.0,2.0,11.0,8.0
142152000.0,,163.39999999999998,1706.0,,,,,,,,,,,,,,-1.0,99.0,28.0,2.0,24.0,8.0
142281600.0,,152.2,1485.0,,,,,,,,,,,,,,-1.0,99.0,30.0,1.0,11.0,8.0
142351200.0,,115.19999999999999,1255.0,,,,,,,,,,,,,,-1.0,82.0,22.0,1.0,7.0,6.0
142401600.0,,140.2,758.0,,,,,,,,,,,,,,1.0,65.0,16.0,1.0,23.0,4.0
142408800.0,,,,,,,,,,,,,,,,1686.7595399307377,,,,,,
142562400.0,,,,,,,,,,,,,,,,1692.9321970136023,,,,,,
142600800.0,,147.2,1495.0,,,,,,,,,,,,,,-1.0,99.0,27.0,1.0,9.0,8.0
142634400.0,,191.2,1617.0,,,,,,,,,,,,,,1.0,89.0,38.0,1.0,44.0,0.0
142735200.0,,68.2,1025.0,,,,,,,,,,,,,,-1.0,64.0,17.0,1.0,7.0,0.0
142821600.0,,187.2,1038.0,,,,,,,,,,,,,,1.0,85.0,21.0,1.0,37.0,6.0
142879200.0,,131.2,716.0,,,,,,,,,,,,,,1.0,60.0,15.0,1.0,24.0,3.0
142946400.0,,,,,,,,,,,,,,,,1704.0442880402195,,,,,,
142951200.0,,140.4,759.0,,,,,,,,,,,,,,1.0,68.0,15.0,2.0,21.0,4.0
143143200.0,,,,,,,,,,,,,,,,1708.9664510125276,,,,,,
143152800.0,,,,,,,,,,,,,,,,1709.2389979423026,,,,,,
143193600.0,,,,0.00018403708236292005,-0.04782376065850258,-7.748604424762107e-09,-0.061311569064855576,-1.5894572324981482e-09,0.6150244474411011,3.492538598948158e-05,0.023658638820052147,0.12753421068191528,0.5111856460571289,,0.00026068617805072303,,,,,,,
143246400.0,,,,,,,,,,,,,,,,1712.0235238464688,,,,,,
143253600.0,,154.2,1555.0,,,,,,,,,,,,,,-1.0,99.0,28.0,1.0,11.0,9.0
143306400.0,,,,,,,,,,,,,,,,1713.2239611586901,,,,,,
143392800.0,,,,,,,,,,,,,,0.17087087035179138,,,,,,,,
143436000.0,,,,0.00018655027088243514,-0.06718531250953674,0.0,-0.10860791802406311,-9.934107758624577e-09,0.8095535039901733,-2.5045665097422898e-05,0.03356417641043663,0.06794770807027817,0.7751467823982239,,0.0002603063504693679,,,,,,,
143486400.0,,140.2,745.0,,,,,,,,,,,,,,1.0,65.0,15.0,1.0,24.0,4.0
143529600.0,,,,,,,,,,,,,,,,1717.8988346766587,,,,,,
143640000.0,,145.2,1375.0,,,,,,,,,,,,,,-1.0,99.0,27.0,1.0,7.0,8.0
143673600.0,,215.2,1190.0,,,,,,,,,,,,,,1.0,93.0,24.0,1.0,50.0,7.0
143709600.0,,136.2,797.0,,,,,,,,,,,,,,1.0,64.0,16.0,1.0,20.0,4.0
143760000.0,,,,0.00019812124082818627,-0.046621691435575485,2.38418573772492e-09,-0.08432318270206451,5.9604645663569045e-09,0.7279660105705261,4.373358990505949e-07,0.04062893986701965,0.12741759419441223,0.6411798000335693,,0.0002597985568616661,,,,,,,
143796000.0,,,,0.00023558642715215683,-0.05204681679606438,-2.582867919542764e-09,-0.09516452997922897,-8.642674131920103e-09,0.6394729614257812,2.8064907382940874e-05,-0.02328130416572094,0.11830543726682663,0.49791663885116577,,0.0002597421282798092,,,,,,,
143863200.0,,,,0.00024092527746688575,-0.06532987207174301,1.5894572324981482e-09,-0.08889307826757431,-7.947286384535346e-09,0.8240784406661987,6.6455859268899076e-06,0.00948234461247921,0.18022967875003815,0.6533401608467102,,0.00025963679122870456,,,,,,,
143865600.0,,,,,,,,,,,,,,,,1722.5643651582236,,,,,,
144103200.0,,,,,,,,,,,,,,0.4112776219844818,,,,,,,,
144283200.0,,138.2,1475.0,,,,,,,,,,,,,,-1.0,96.0,25.0,1.0,9.0,7.0
144391200.0,,134.2,1475.0,,,,,,,,,,,,,,-1.0,87.0,27.0,1.0,12.0,7.0
144458400.0,,147.2,847.0,,,,,,,,,,,,,,1.0,71.0,17.0,1.0,23.0,4.0
144506400.0,,,,0.00018082262249663472,-0.07014278322458267,0.0,-0.08476152271032333,5.563100202721216e-09,0.5190856456756592,-1.0606242994981585e-06,0.02702542021870613,0.07133770734071732,0.4747741222381592,,0.0002586283312697281,,,,,,,
144535200.0,,,,0.00016882419004105031,-0.058476727455854416,-3.973643192267673e-09,-0.08769740909337997,-5.761782606583665e-09,1.062381625175476,2.496657361916732e-05,0.027691394090652466,0.13762952387332916,0.9524701237678528,,0.000258583166849199,,,,,,,
144549600.0,,141.6,1485.0,,,,,,,,,,,,,,-1.0,98.0,25.0,3.0,6.0,8.0
144655200.0,,191.2,1073.0,,,,,,,,,,,,,,1.0,87.0,22.0,1.0,38.0,6.0
144736800.0,,,,0.0002271893754368648,-0.03454301133751869,-3.973643192267673e-09,-0.05469232797622681,-1.390775050680304e-08,1.141512393951416,9.840691745921504e-06,0.013232890516519547,0.21470390260219574,0.9400535225868225,,0.00025826699427567546,,,,,,,
144748800.0,,258.2,1731.0,,,,,,,,,,,,,,1.0,100.0,30.0,1.0,68.0,10.0
144818400.0,,149.2,1425.0,,,,,,,,,,,,,,-1.0,99.0,25.0,1.0,17.0,7.0
144854400.0,,,,0.0002147290506400168,-0.04021836817264557,-9.139379031353201e-09,-0.0356956385076046,-1.1920929132713809e-08,0.9730799198150635,7.193228611868108e-06,0.06689899414777756,0.17561736702919006,0.8643709421157837,,0.00025808254316855503,,,,,,,
144866400.0,,,,,,,,,,,,,,,,1736.33941686819,,,,,,
144902400.0,,,,,,,,,,,,,,,,1736.7748216168009,,,,,,
144926400.0,,,,,,,,,,,,,,,,1736.9939707255667,,,,,,
144955200.0,,,,,,,,,,,,,,,,1737.2984829365216,,,,,,
145029600.0,,,,0.00020900215895380825,-0.04910292476415634,-9.735425798851338e-09,-0.07086195796728134,-6.357828929992593e-09,1.2903999090194702,1.4316604392661247e-05,-0.02929173782467842,0.246169775724411,1.0149548053741455,,0.0002578077260125008,,,,,,,
145346400.0,,,,0.000201472983462736,-0.08494268357753754,-8.344650304081824e-09,-0.11894767731428146,-1.4702479234074417e-08,0.9377374649047852,-1.4083242604101542e-05,0.017229948192834854,0.11117592453956604,0.843779444694519,,0.00025731073026620565,,,,,,,
145356000.0,,147.2,1535.0,,,,,,,,,,,,,,-1.0,98.0,28.0,1.0,5.0,9.0
145406400.0,,121.59999999999997,1283.0,,,,,,,,,,,,,,-1.0,83.0,23.0,3.0,11.0,6.0
145411200.0,,181.2,989.0,,,,,,,,,,,,,,1.0,80.0,20.0,1.0,37.0,6.0
145435200.0,,120.2,735.0,,,,,,,,,,,,,,1.0,51.0,15.0,1.0,22.0,3.0
145459200.0,,158.39999999999998,1496.0,,,,,,,,,,,,,,-1.0,99.0,27.0,2.0,20.0,8.0
145497600.0,,92.2,506.0,,,,,,,,,,,,,,1.0,42.0,11.0,1.0,19.0,0.0
145533600.0,,,,0.00022412414546124637,-0.0568905845284462,-3.5762788286319847e-09,-0.05617878586053848,4.371007555903361e-09,0.9757551550865173,-3.892602035193704e-05,0.022847870364785194,0.1383010447025299,0.86026531457901,,0.000257017012790723,,,,,,,
145636800.0,,,,,,,,,,,,,,,,1692.0426235791651,,,,,,
145656000.0,,128.2,665.0,,,,,,,,,,,,,,1.0,57.0,14.0,1.0,25.0,3.0
145956000.0,,161.2,935.0,,,,,,,,,,,,,,1.0,74.0,19.0,1.0,28.0,5.0
145958400.0,,136.2,755.0,,,,,,,,,,,,,,1.0,63.0,16.0,1.0,21.0,4.0
146114400.0,,,,0.00023342711210716516,-0.0569099485874176,-3.973643192267673e-09,-0.07689248025417328,-1.390775050680304e-08,1.0779656171798706,-1.870296614470135e-06,-0.004538729786872864,0.1534252166748047,0.920002281665802,,0.00025610556891054553,,,,,,,
146412000.0,,,,,,,,,,,,,,,,1704.1091779308142,,,,,,
146421600.0,,111.2,580.0,,,,,,,,,,,,,,1.0,48.0,12.0,1.0,23.0,2.0
146450400.0,,96.2,495.0,,,,,,,,,,,,,,1.0,39.0,10.0,1.0,19.0,2.0
146469600.0,,203.2,1119.0,,,,,,,,,,,,,,1.0,89.0,23.0,1.0,43.0,7.0
146568000.0,,138.2,750.0,,,,,,,,,,,,,,1.0,62.0,15.0,1.0,25.0,4.0
146659200.0,,159.2,903.0,,,,,,,,,,,,,,1.0,76.0,19.0,1.0,24.0,5.0
146738400.0,,122.2,647.0,,,,,,,,,,,,,,1.0,56.0,13.0,1.0,21.0,3.0
146762400.0,,,,0.0002042161941062659,-0.04575873538851738,0.0,-0.030011577531695366,-7.152557657263969e-09,1.1168408393859863,-5.081250856164843e-05,0.033475156873464584,0.11646817624568939,1.0337990522384644,,0.00025508840368054916,,,,,,,
147033600.0,,,,,,,,,,,,,,,,1710.2078148666185,,,,,,
147153600.0,,136.4,738.0,,,,,,,,,,,,,,1.0,62.0,14.0,2.0,24.0,4.0
147177600.0,,,,,,,,,,,,,,,,1711.4772001966592,,,,,,
147295200.0,,65.2,1315.0,,,,,,,,,,,,,,-1.0,34.0,10.0,1.0,29.0,3.0
147297600.0,,159.59999999999997,1838.0,,,,,,,,,,,,,,-1.0,100.0,28.0,3.0,19.0,8.0
147331200.0,,148.39999999999998,1458.0,,,,,,,,,,,,,,-1.0,100.0,28.0,2.0,8.0,8.0
147398400.0,,153.2,1540.0,,,,,,,,,,,,,,-1.0,99.0,29.0,1.0,13.0,8.0
147494400.0,,,,,,,,,,,,,,,,1714.6273582952194,,,,,,
147566400.0,,228.2,1270.0,,,,,,,,,,,,,,1.0,99.0,26.0,1.0,51.0,8.0
147592800.0,,179.2,1035.0,,,,,,,,,,,,,,1.0,82.0,21.0,1.0,32.0,6.0
147631200.0,,,,,,,,,,,,,,,,1716.1952815806712,,,,,,
147676800.0,,129.2,670.0,,,,,,,,,,,,,,1.0,56.0,14.0,1.0,27.0,3.0
147717600.0,,,,0.00029279536101967096,-0.07034128904342651,-1.19209286886246e-09,-0.10989507287740707,2.0662943356342112e-08,2.3141489028930664,2.598521314212121e-05,-0.0067256418988108635,0.7932900786399841,1.5141620635986328,,0.00025358861302834495,,,,,,,
147813600.0,,,,,,,,,,,,,,,,1718.0558001540376,,,,,,
147823200.0,,152.39999999999998,1304.0,,,,,,,,,,,,,,-1.0,99.0,25.0,2.0,16.0,8.0
147868800.0,,119.2,630.0,,,,,,,,,,,,,,1.0,53.0,13.0,1.0,21.0,3.0
148300800.0,,,,,,,,,,,,,,,,1721.4173823193928,,,,,,
148358400.0,,153.4,1536.0,,,,,,,,,,,,,,-1.0,100.0,29.0,2.0,8.0,9.0
148375200.0,,,,0.0001900199131341651,-0.02590157650411129,-7.947286162490741e-10,-0.0260966494679451,1.5894572324981482e-09,0.7100037932395935,-7.03890691511333e-06,0.019259050488471985,0.06878682971000671,0.6604709029197693,,0.0002525558760907464,,,,,,,
148377600.0,,162.2,952.0,,,,,,,,,,,,,,1.0,72.0,20.0,1.0,30.0,5.0
148440000.0,,,,,,,,,,,,,,,,1722.5146345387932,,,,,,
148488000.0,,170.2,2195.0,,,,,,,,,,,,,,-1.0,100.0,30.0,1.0,20.0,10.0
148502400.0,,161.2,951.0,,,,,,,,,,,,,,1.0,68.0,20.0,1.0,37.0,4.0
148536000.0,,144.2,1517.0,,,,,,,,,,,,,,-1.0,92.0,27.0,1.0,13.0,8.0
148600800.0,,,,,,,,,,,,,,,,1723.773254615798,,,,,,
148641600.0,,,,,,,,,,,,,,,,1724.024496599007,,,,,,
148706400.0,,,,0.0001936437183758244,-0.05596813187003136,-5.364418242947977e-09,-0.08059999346733093,-3.5762788286319847e-09,0.6090657114982605,1.1096857633674517e-05,0.028282610699534416,0.04311765730381012,0.5942437052726746,,0.0002520356895457357,,,,,,,
148713600.0,,191.2,1079.0,,,,,,,,,,,,,,1.0,83.0,22.0,1.0,42.0,6.0
148718400.0,,,,0.0002333454176550731,-0.04930906742811203,-1.9868215961338365e-09,-0.054122887551784515,5.563100202721216e-09,0.8939667344093323,-3.808210385614075e-05,0.024511076509952545,0.0933007225394249,0.8251413702964783,,0.0002520168417097185,,,,,,,
148737600.0,,160.2,1595.0,,,,,,,,,,,,,,-1.0,101.0,30.0,1.0,13.0,9.0
148893600.0,,,,,,,,,,,,,,,,1726.3210600418358,,,,,,
148900800.0,,,,0.0002068679896183312,-0.07326963543891907,1.1126200405442432e-08,-0.09151676297187805,-7.947286384535346e-09,0.7425394654273987,5.685190444637556e-06,-0.009220669977366924,0.0768289864063263,0.6564975380897522,,0.0002517303508545001,,,,,,,
149030400.0,,,,0.00023485749261453748,-0.025416675955057144,9.53674295089968e-09,-0.037339430302381516,1.19209286886246e-09,0.7363846302032471,5.9156332099519204e-06,0.032268621027469635,0.07655596733093262,0.6921055316925049,,0.00025152678766497054,,,,,,,
149073600.0,,161.2,1485.0,,,,,,,,,,,,,,-1.0,100.0,30.0,1.0,11.0,10.0
149088000.0,,,,,,,,,,,,,,,,1727.5718760312163,,,,,,
149138400.0,,,,0.0002490085025783628,-0.05175364762544632,-8.742015111806722e-09,-0.052946217358112335,-1.9868215961338365e-09,0.8076248168945312,-1.4482689948636107e-05,0.03614560142159462,0.13633674383163452,0.7074217200279236,,0.0002513571495095774,,,,,,,
149162400.0,,,,0.0002728625840973109,-0.04791722446680069,-1.3510386587256562e-08,-0.08672606199979782,5.9604645663569045e-09,0.737704336643219,4.579882079269737e-05,0.018385127186775208,0.09240303933620453,0.6637349724769592,,0.00025131945189832893,,,,,,,
149169600.0,,113.80000000000001,1260.0,,,,,,,,,,,,,,-1.0,83.0,23.0,4.0,11.0,4.0
149196000.0,,223.2,1239.0,,,,,,,,,,,,,,1.0,100.0,25.0,1.0,46.0,8.0
149366400.0,,166.2,964.0,,,,,,,,,,,,,,1.0,77.0,20.0,1.0,29.0,5.0
149373600.0,,,,0.00023323293135035783,-0.052309341728687286,-1.3510386587256562e-08,-0.04777951538562775,5.165735839085528e-09,0.9212086200714111,-6.273377948673442e-05,0.030761554837226868,0.10774987936019897,0.8441599011421204,,0.0002509877095925191,,,,,,,
149380800.0,,,,,,,,,,,,,,,,1729.0449916873083,,,,,,
149404800.0,,,,,,,,,,,,,,,,1729.1154251123694,,,,,,
149421600.0,,162.6,2066.0,,,,,,,,,,,,,,-1.0,100.0,27.0,3.0,19.0,9.0
149587200.0,,,,0.0002679103927221149,-0.07048042118549347,2.1457672971791908e-08,-0.09070882201194763,9.934107980669182e-10,1.6936227083206177,-9.533056982036214e-06,0.022543441504240036,0.3211113512516022,1.395047903060913,,0.0002506521925799531,,,,,,,
149712000.0,,,,,,,,,,,,,,,,1730.1454127086831,,,,,,
149719200.0,,140.4,775.0,,,,,,,,,,,,,,1.0,65.0,16.0,2.0,23.0,4.0
149733600.0,,206.39999999999998,1160.0,,,,,,,,,,,,,,1.0,93.0,23.0,2.0,38.0,8.0
149774400.0,,,,0.0001980400993488729,-0.04241359233856201,-2.6822091214739885e-09,-0.06473111361265182,-3.774960788405224e-09,0.9740179777145386,-4.00680182792712e-05,0.0373978428542614,0.16755421459674835,0.8438234925270081,,0.00025035814122223405,,,,,,,
149918400.0,,,,,,,,,,,,,,,,1730.747467955034,,,,,,
149968800.0,,,,0.00024366614525206387,-0.05267408862709999,-2.1855037779516806e-09,-0.05474187806248665,6.457169909879212e-09,0.8330727219581604,-1.3417730770015623e-05,0.029250673949718475,0.0837605819106102,0.7785518765449524,,0.0002500527787554913,,,,,,,
150052800.0,,,,0.0002411485038464889,-0.03619520366191864,-4.76837147544984e-09,-0.02343500778079033,-4.5696895156766004e-09,0.8317283391952515,-3.577141342248069e-06,0.017249200493097305,0.12341490387916565,0.7255614399909973,,0.00024992083186880506,,,,,,,
150091200.0,,,,,,,,,,,,,,,,1701.7821784117616,,,,,,
150153600.0,,127.4,1325.0,,,,,,,,,,,,,,-1.0,86.0,24.0,2.0,13.0,6.0
150182400.0,,144.2,832.0,,,,,,,,,,,,,,1.0,69.0,17.0,1.0,22.0,4.0
150484800.0,,,,,,,,,,,,,,,,1704.5638806978886,,,,,,
150561600.0,,,,0.0002663836639840156,-0.0648423433303833,1.9868215961338365e-09,-0.12237206101417542,3.973643192267673e-09,0.5872740149497986,-5.9704540035454556e-05,0.026760870590806007,0.11699429899454117,0.4969835579395294,,0.0002491216157143209,,,,,,,
150585600.0,,107.2,595.0,,,,,,,,,,,,,,1.0,46.0,12.0,1.0,21.0,2.0
150674400.0,,,,,,,,,,,,,,,,1705.8123455376683,,,,,,
150746400.0,,,,,,,,,,,,,,0.153392493724823,,,,,,,,
150772800.0,,,,0.00020369156845845282,-0.04612026363611221,-9.53674295089968e-09,-0.06859804689884186,-2.2649764730431343e-08,0.968017041683197,-3.460296647972427e-05,0.030802730470895767,0.2045014500617981,0.794285774230957,,0.0002487898716370726,,,,,,,
150784800.0,,121.4,645.0,,,,,,,,,,,,,,1.0,54.0,13.0,2.0,22.0,3.0
150856800.0,,,,0.00021917285630479455,-0.08539946377277374,7.152557657263969e-09,-0.13963884115219116,-2.781550101360608e-09,0.9742900133132935,1.3596184089692542e-07,-0.0011019278317689896,0.09638677537441254,0.8768036365509033,,0.0002486579295247684,,,,,,,
150883200.0,,,,,,,,,,,,,,,,1707.418782646967,,,,,,
150895200.0,,160.8,866.0,,,,,,,,,,,,,,1.0,71.0,18.0,4.0,35.0,4.0
150916800.0,,,,,,,,,,,,,,,,1707.7522506987618,,,,,,
151029600.0,,134.4,725.0,,,,,,,,,,,,,,1.0,64.0,15.0,2.0,19.0,4.0
151096800.0,,201.4,1035.0,,,,,,,,,,,,,,1.0,85.0,20.0,2.0,44.0,8.0
151166400.0,,210.39999999999998,1477.0,,,,,,,,,,,,,,1.0,99.0,31.0,2.0,44.0,4.0
151262400.0,,,,0.00018722481036093086,-0.07985258847475052,1.41064333547547e-08,-0.10483760386705399,-1.9868215961338365e-09,1.037975788116455,2.864662565116305e-05,-0.0012904905015602708,0.13397951424121857,0.9027363061904907,,0.0002480208540575642,,,,,,,
151298400.0,,120.4,648.0,,,,,,,,,,,,,,1.0,56.0,13.0,2.0,19.0,3.0
151308000.0,,,,0.00016277327085845172,-0.04563269019126892,-3.9736430812453705e-10,-0.05268131569027901,-6.357828929992593e-09,0.684502899646759,-1.9561717635951936e-05,0.010174314491450787,0.1160515621304512,0.5786076784133911,,0.0002479492322085818,,,,,,,
151360800.0,,,,0.000213186489418149,-0.0440998412668705,-4.5696895156766004e-09,-0.07360512018203735,1.9868215961338365e-09,1.1546881198883057,-4.8479909310117364e-05,-0.014181110076606274,0.17291110754013062,0.9675496816635132,,0.000247866302231891,,,,,,,
151380000.0,,,,,,,,,,,,,,,,1709.3746853339796,,,,,,
151430400.0,,,,0.00020952915656380355,-0.07555942237377167,5.9604643443123e-10,-0.09192057698965073,0.0,1.100569486618042,6.238756213861052e-06,-0.003088971134275198,0.23076477646827698,0.8667240738868713,,0.0002477569864452121,,,,,,,
151452000.0,,167.4,1429.0,,,,,,,,,,,,,,-1.0,100.0,23.0,2.0,20.0,11.0
151526400.0,,,,0.00017594649398233742,-0.05598294734954834,0.0,-0.0813278779387474,-9.53674295089968e-09,1.1366149187088013,-3.499569356790744e-05,-0.000691231107339263,0.12692314386367798,1.0089672803878784,,0.00024760620801703853,,,,,,,
151634400.0,,160.4,1597.0,,,,,,,,,,,,,,-1.0,100.0,27.0,2.0,13.0,10.0
151641600.0,,153.4,1512.0,,,,,,,,,,,,,,-1.0,96.0,26.0,2.0,15.0,9.0
151696800.0,,,,0.0001689862401690334,-0.07507792860269547,-5.165735839085528e-09,-0.1459708958864212,-5.563100202721216e-09,1.8161715269088745,-3.071663377340883e-05,0.013295897282660007,0.5781152248382568,1.2513231039047241,,0.0002473385823622119,,,,,,,
151764000.0,,,,0.00013575403136201203,-0.07744134217500687,4.76837147544984e-09,-0.10816406458616257,1.152356521316733e-08,0.9100810885429382,-3.672689854283817e-05,0.04027746245265007,0.12625513970851898,0.8240680694580078,,0.00024723304213314997,,,,,,,
151824000.0,,,,0.00017636537086218596,-0.04042959213256836,-3.5762788286319847e-09,-0.029552975669503212,4.76837147544984e-09,0.9218703508377075,-1.4983552318881266e-05,-0.005801266059279442,0.13979804515838623,0.7762578725814819,,0.00024713881094208816,,,,,,,
151855200.0,,,,0.00017368103726767004,-0.07011301815509796,1.4305115314527939e-08,-0.05567847192287445,3.973643192267673e-09,0.77162766456604,1.76600442500785e-05,0.032837897539138794,0.11408020555973053,0.6904047727584839,,0.00024708981116678276,,,,,,,
151987200.0,,,,,,,,,,,,,,,,1712.1658739991599,,,,,,
152088000.0,,,,,,,,,,,,,,,,1712.7566326917054,,,,,,
152179200.0,,163.4,1465.0,,,,,,,,,,,,,,-1.0,100.0,27.0,2.0,16.0,10.0
152181600.0,,173.2,1025.0,,,,,,,,,,,,,,1.0,81.0,21.0,1.0,27.0,6.0
152232000.0,,,,0.0002049625472864136,-0.09999314695596695,-7.947286162490741e-10,-0.13897570967674255,-6.1591469702193535e-09,1.083727240562439,-1.206908291351283e-05,-0.0019200098467990756,0.1999766081571579,0.8818206787109375,,0.00024649807070590716,,,,,,,
152239200.0,,138.4,720.0,,,,,,,,,,,,,,1.0,62.0,15.0,2.0,25.0,4.0
152241600.0,,156.4,1367.0,,,,,,,,,,,,,,-1.0,100.0,26.0,2.0,10.0,10.0
152361600.0,,,,,,,,,,,,,,,,1714.3913146926814,,,,,,
152577600.0,,100.80000000000001,1160.0,,,,,,,,,,,,,,-1.0,76.0,20.0,4.0,12.0,3.0
152620800.0,,,,0.0002852432371582836,-0.008949731476604939,1.19209286886246e-09,-0.016192210838198662,1.5894572324981482e-09,0.8113642930984497,-1.619367685634643e-05,0.008594912476837635,0.16830295324325562,0.651642918586731,,0.0002458875422659966,,,,,,,
152673600.0,,139.4,1426.0,,,,,,,,,,,,,,-1.0,93.0,24.0,2.0,10.0,8.0
152712000.0,,229.59999999999997,1815.0,,,,,,,,,,,,,,1.0,101.0,33.0,3.0,67.0,2.0
152721600.0,,,,0.00013662362471222878,-0.07137873768806458,-9.139379031353201e-09,-0.11820630729198456,-6.755193293628281e-09,0.7841504216194153,-7.165073839132674e-06,-0.0013553842436522245,0.11616958677768707,0.6666196584701538,,0.0002457292678353397,,,,,,,
152750400.0,,201.60000000000002,1188.0,,,,,,,,,,,,,,1.0,87.0,24.0,3.0,46.0,6.0
152757600.0,,,,0.00027809126186184585,-0.07182212918996811,3.5762788286319847e-09,-0.09666313976049423,-6.755193293628281e-09,1.5174392461776733,7.127160301934055e-07,0.0463406927883625,0.362334668636322,1.2014487981796265,,0.0002456727423970399,,,,,,,
152757600.0,,,,,,,,,,,,,,,,1715.5769298348475,,,,,,
152796000.0,,108.4,1384.0,,,,,,,,,,,,,,-1.0,72.0,18.0,2.0,14.0,6.0
152918400.0,,188.60000000000002,1086.0,,,,,,,,,,,,,,1.0,85.0,22.0,3.0,33.0,7.0
152976000.0,,159.4,1689.0,,,,,,,,,,,,,,-1.0,99.0,27.0,2.0,21.0,8.0
153084000.0,,,,,,,,,,,,,,,,1714.950968217348,,,,,,
153110400.0,,151.2,1455.0,,,,,,,,,,,,,,-1.0,92.0,28.0,1.0,19.0,8.0
153115200.0,,,,,,,,,,,,,,,,1714.7091263605816,,,,,,
153136800.0,,113.19999999999999,1245.0,,,,,,,,,,,,,,-1.0,79.0,22.0,1.0,8.0,6.0
153160800.0,,,,0.00033723629894666374,-0.033788539469242096,3.4173329055420254e-08,0.009005308151245117,-7.947286162490741e-10,0.8267573714256287,3.4561209758976474e-05,-0.02918904460966587,0.161418616771698,0.6361876726150513,,0.0002450397013708915,,,,,,,
153439200.0,,147.4,815.0,,,,,,,,,,,,,,1.0,68.0,16.0,2.0,23.0,5.0
153456000.0,,208.4,1250.0,,,,,,,,,,,,,,1.0,103.0,23.0,2.0,22.0,10.0
153672000.0,,139.4,741.0,,,,,,,,,,,,,,1.0,64.0,15.0,2.0,24.0,4.0
153796800.0,,160.4,1675.0,,,,,,,,,,,,,,-1.0,99.0,24.0,2.0,17.0,10.0
153866400.0,,,,0.0002173059619963169,-0.08083867281675339,4.5696895156766004e-09,-0.11268847435712814,7.152557657263969e-09,0.9266589879989624,3.2078594813356176e-05,-0.017573408782482147,0.1393502801656723,0.7697694897651672,,0.0002439320991508649,,,,,,,
153897600.0,,103.2,546.0,,,,,,,,,,,,,,1.0,43.0,11.0,1.0,21.0,2.0
154041600.0,,,,,,,,,,,,,,,,1713.4390083464912,,,,,,
154159200.0,,,,,,,,,,,,,,,,1714.1140664371515,,,,,,
154202400.0,,164.4,1715.0,,,,,,,,,,,,,,-1.0,99.0,24.0,2.0,17.0,11.0
154209600.0,,140.4,716.0,,,,,,,,,,,,,,1.0,63.0,15.0,2.0,26.0,4.0
154226400.0,,158.4,1505.0,,,,,,,,,,,,,,-1.0,99.0,26.0,2.0,17.0,9.0
154317600.0,,,,,,,,,,,,,,0.1840028464794159,,,,,,,,
154411200.0,,,,,,,,,,,,,,,,1715.6262682016206,,,,,,
154420800.0,,150.4,826.0,,,,,,,,,,,,,,1.0,65.0,17.0,2.0,28.0,5.0
154425600.0,,,,,,,,,,,,,,,,1715.6684382169697,,,,,,
154442400.0,,114.2,616.0,,,,,,,,,,,,,,1.0,47.0,13.0,1.0,22.0,3.0
154502400.0,,,,,,,,,,,,,,,,1716.1889434117688,,,,,,
154574400.0,,,,0.00021051328803878278,-0.025989122688770294,-1.0331471678171056e-08,-0.05586494505405426,-5.563100202721216e-09,0.7095015048980713,-3.734019992407411e-05,0.02230793610215187,0.1099310964345932,0.6218430995941162,,0.00024282106262937526,,,,,,,
154600800.0,,179.4,995.0,,,,,,,,,,,,,,1.0,79.0,20.0,2.0,36.0,6.0
154728000.0,,,,,,,,,,,,,,,,1716.7712003344407,,,,,,
154862400.0,,126.2,700.0,,,,,,,,,,,,,,1.0,57.0,14.0,1.0,23.0,3.0
154900800.0,,,,,,,,,,,,,,,,1717.337823166719,,,,,,
154920000.0,,190.4,985.0,,,,,,,,,,,,,,1.0,81.0,18.0,2.0,39.0,8.0
155198400.0,,,,0.000283861649222672,-0.04910653457045555,1.7881394143159923e-08,-0.05863139033317566,-7.947286162490741e-10,0.7604414224624634,2.459389179421123e-05,0.016904307529330254,0.07340187579393387,0.7039713263511658,,0.00024184216916885447,,,,,,,
155217600.0,,108.2,600.0,,,,,,,,,,,,,,1.0,49.0,12.0,1.0,19.0,2.0
155330400.0,,,,0.00023718434385955334,-0.032923609018325806,-1.3113021779531664e-08,-0.04785344377160072,-3.1789144649962964e-09,0.7861535549163818,1.4472884686256293e-06,0.000986519386060536,0.09626274555921555,0.6908811330795288,,0.00024163513878186645,,,,,,,
155503200.0,,162.4,947.0,,,,,,,,,,,,,,1.0,75.0,19.0,2.0,24.0,6.0
155512800.0,,192.6,1157.0,,,,,,,,,,,,,,1.0,90.0,24.0,3.0,34.0,6.0
155654400.0,,,,,,,,,,,,,,,,1701.6011985105742,,,,,,
155671200.0,,231.4,1314.0,,,,,,,,,,,,,,1.0,98.0,25.0,2.0,52.0,9.0
155709600.0,,123.2,625.0,,,,,,,,,,,,,,1.0,56.0,13.0,1.0,22.0,3.0
155755200.0,,159.2,901.0,,,,,,,,,,,,,,1.0,70.0,18.0,1.0,31.0,5.0
156074400.0,,161.4,1680.0,,,,,,,,,,,,,,-1.0,99.0,24.0,2.0,18.0,10.0
156076800.0,,,,0.0002348622801946476,-0.030337117612361908,8.742015111806722e-09,-0.05474601313471794,-9.53674295089968e-09,0.8490091562271118,-5.293808499118313e-05,0.01799038238823414,0.07403010874986649,0.7929188013076782,,0.00024046478830513836,,,,,,,
156103200.0,,,,0.0002747459802776575,-0.041977960616350174,-9.934107758624577e-09,-0.048670828342437744,4.76837147544984e-09,0.8538815975189209,-3.5075743653578684e-05,0.007287526968866587,0.15033771097660065,0.7107990980148315,,0.00024042340351794028,,,,,,,
156158400.0,,,,0.00021581127657555044,-0.06387729942798615,1.19209286886246e-09,-0.0889677032828331,-6.755193293628281e-09,0.8811445832252502,-9.631278953747824e-05,0.031040137633681297,0.10176321864128113,0.8103273510932922,,0.000240336874059078,,,,,,,
156218400.0,,,,,,,,,,,,,,0.12530650198459625,,,,,,,,
156228000.0,,,,0.00019791391969192773,-0.11899644136428833,-3.5762788286319847e-09,-0.1556747853755951,-3.9736430812453705e-10,0.8972426652908325,-1.360660644422751e-05,-0.02145470678806305,0.16292721033096313,0.7128490805625916,,0.00024022777630372126,,,,,,,
156326400.0,,124.80000000000001,1405.0,,,,,,,,,,,,,,-1.0,91.0,26.0,4.0,15.0,3.0
156331200.0,,,,,,,,,,,,,,,,1704.2828167024727,,,,,,
156343200.0,,215.4,1117.0,,,,,,,,,,,,,,1.0,91.0,21.0,2.0,47.0,9.0
156348000.0,,,,,,,,,,,,,,,,1704.4096496384784,,,,,,
156376800.0,,158.4,1625.0,,,,,,,,,,,,,,-1.0,99.0,24.0,2.0,15.0,10.0
156384000.0,,173.6,1067.0,,,,,,,,,,,,,,1.0,80.0,23.0,3.0,30.0,5.0
156391200.0,,,,0.00020113795471843332,-0.03901461884379387,9.139379031353201e-09,-0.03554772958159447,9.33806099112644e-09,0.514825701713562,-2.1579759049927816e-05,-0.0038976543582975864,0.05883834883570671,0.45207011699676514,,0.00023997198133671042,,,,,,,
156544800.0,,,,,,,,,,,,,,,,1705.4337796888335,,,,,,
156626400.0,,112.2,615.0,,,,,,,,,,,,,,1.0,47.0,12.0,1.0,21.0,3.0
156729600.0,,114.39999999999998,1286.0,,,,,,,,,,,,,,-1.0,82.0,23.0,2.0,9.0,5.0
156746400.0,,,,,,,,,,,,,,,,1706.5049690768985,,,,,,
156919200.0,,,,0.0002359266218263656,-0.06280412524938583,-3.1789144649962964e-09,-0.09267070144414902,4.76837147544984e-09,0.8139177560806274,-5.3295214456738904e-05,-0.005455973092466593,0.1854151338338852,0.6229957342147827,,0.00023914461386678005,,,,,,,
157005600.0,,172.4,942.0,,,,,,,,,,,,,,1.0,79.0,19.0,2.0,30.0,6.0
157111200.0,,,,0.0002175465488107875,-0.07761169970035553,1.152356521316733e-08,-0.11939361691474915,1.5894572324981482e-09,1.1568082571029663,-2.6109380996786058e-05,0.03754575550556183,0.2165796458721161,0.9777504801750183,,0.00023884383392070905,,,,,,,
157171200.0,,109.2,615.0,,,,,,,,,,,,,,1.0,50.0,13.0,1.0,18.0,2.0
157207200.0,,,,0.00023182082804851234,-0.042446840554475784,-2.1855037779516806e-09,-0.06363324075937271,5.165735839085528e-09,0.8363806009292603,-7.23729544915841e-06,-0.005357611924409866,0.1602574586868286,0.6707606315612793,,0.00023869346078410618,,,,,,,
157387200.0,,118.0,745.0,,,,,,,,,,,,,,1.0,65.0,15.0,0.0,18.0,0.0
157432800.0,,150.4,1415.0,,,,,,,,,,,,,,-1.0,100.0,26.0,2.0,12.0,8.0
157456800.0,,103.0,616.0,,,,,,,,,,,,,,1.0,50.0,13.0,0.0,20.0,0.0
157528800.0,,162.2,937.0,,,,,,,,,,,,,,1.0,76.0,19.0,1.0,27.0,5.0
157528800.0,,,,0.00026643541059456766,-0.0440678633749485,1.5894572324981482e-09,-0.06278431415557861,-1.7484030223613445e-08,0.9081301689147949,1.115527356887469e-05,0.005907070357352495,0.17860765755176544,0.7354434132575989,,0.00023818979490322937,,,,,,,
157536000.0,,105.80000000000001,1275.0,,,,,,,,,,,,,,-1.0,88.0,25.0,4.0,12.0,0.0
157677600.0,,120.2,620.0,,,,,,,,,,,,,,1.0,52.0,13.0,1.0,23.0,3.0
157744800.0,,178.4,1021.0,,,,,,,,,,,,,,1.0,77.0,20.0,2.0,37.0,6.0
157764000.0,,,,0.00025904682115651667,-0.053256675601005554,-4.371007555903361e-09,-0.10772906243801117,6.95387525340152e-09,0.9614884257316589,2.495718035788741e-05,-0.02676466666162014,0.1743626743555069,0.7603886127471924,,0.0002378215267251342,,,,,,,
157898400.0,,177.60000000000002,985.0,,,,,,,,,,,,,,1.0,79.0,20.0,3.0,34.0,6.0
157917600.0,,,,0.00018727093993220478,-0.06627459079027176,-6.556510889765832e-09,-0.08993057161569595,7.947286162490741e-10,1.2823742628097534,-3.3660886401776224e-05,0.008869409561157227,0.19048886001110077,1.100723147392273,,0.00023758106479673276,,,,,,,
158006400.0,,178.4,956.0,,,,,,,,,,,,,,1.0,80.0,19.0,2.0,31.0,7.0
158112000.0,,155.4,1552.0,,,,,,,,,,,,,,-1.0,99.0,26.0,2.0,14.0,9.0
158200800.0,,,,,,,,,,,,,,,,1711.8221024523318,,,,,,
158246400.0,,,,,,,,,,,,,,,,1712.0582107450505,,,,,,
158260800.0,,,,,,,,,,,,,,,,1712.11251383967,,,,,,
158287200.0,,,,0.0002213924308307469,-0.061457712203264236,-4.470348535789981e-09,-0.09339001029729843,-1.5894572324981482e-09,0.9862600564956665,-1.3403268894762732e-06,0.02043604664504528,0.1493336260318756,0.8573632836341858,,0.00023700258615385749,,,,,,,
158313600.0,,164.2,955.0,,,,,,,,,,,,,,1.0,77.0,19.0,1.0,28.0,5.0
158428800.0,,204.99999999999994,3165.0,,,,,,,,,,,,,,-1.0,98.0,48.0,5.0,74.0,1.0
158498400.0,,,,0.00023741729091852903,-0.09291041642427444,-1.0331471678171056e-08,-0.08042316883802414,-3.4173329055420254e-08,1.0993846654891968,4.3843119783559814e-05,-0.007949894294142723,0.16465704143047333,0.9268239736557007,,0.00023667211379231753,,,,,,,
158536800.0,,,,0.0002263173955725506,-0.03866739198565483,3.973643192267673e-09,-0.06271979957818985,-8.344650304081824e-09,0.6560877561569214,-1.0643921086739283e-05,0.027789955958724022,0.1277850866317749,0.5560842752456665,,0.00023661203486533065,,,,,,,
158656800.0,,,,,,,,,,,,,,0.18723419308662415,,,,,,,,
158952000.0,,118.2,627.0,,,,,,,,,,,,,,1.0,51.0,13.0,1.0,22.0,3.0
159004800.0,,213.6,1317.0,,,,,,,,,,,,,,1.0,98.0,27.0,3.0,36.0,8.0
159024000.0,,215.4,1190.0,,,,,,,,,,,,,,1.0,94.0,23.0,2.0,42.0,9.0
159105600.0,,91.2,486.0,,,,,,,,,,,,,,1.0,40.0,10.0,1.0,17.0,1.0
159177600.0,,101.2,550.0,,,,,,,,,,,,,,1.0,44.0,11.0,1.0,18.0,2.0
159184800.0,,160.4,1726.0,,,,,,,,,,,,,,-1.0,101.0,25.0,2.0,14.0,10.0
159232800.0,,138.2,1372.0,,,,,,,,,,,,,,-1.0,84.0,26.0,1.0,20.0,7.0
159400800.0,,,,,,,,,,,,,,,,1716.3815798350981,,,,,,
159434400.0,,,,0.00024013228539843112,-0.06959603726863861,-5.9604645663569045e-09,-0.09750030934810638,-4.76837147544984e-09,0.9179443717002869,-1.2855403838329948e-05,0.02949291281402111,0.1362394243478775,0.8111873865127563,,0.00023520832732181764,,,,,,,
159542400.0,,145.2,861.0,,,,,,,,,,,,,,1.0,73.0,18.0,1.0,22.0,3.0
159616800.0,,,,0.00027349506854079664,-0.06724050641059875,-7.947286162490741e-10,-0.0751676857471466,-5.9604645663569045e-09,1.5414828062057495,-3.46720298693981e-05,0.015501091256737709,0.3191719651222229,1.2377800941467285,,0.0002349232376817662,,,,,,,
159660000.0,,130.4,697.0,,,,,,,,,,,,,,1.0,58.0,14.0,2.0,22.0,4.0
159698400.0,,,,,,,,,,,,,,,,1717.4085883291852,,,,,,
159768000.0,,,,0.00019272779172752053,-0.05665039271116257,1.5894572324981482e-09,-0.06654668599367142,6.1591469702193535e-09,1.0316320657730103,-5.814592896058457e-06,-0.04070541262626648,0.1727280169725418,0.8181947469711304,,0.00023468695502772006,,,,,,,
159804000.0,,198.4,1075.0,,,,,,,,,,,,,,1.0,87.0,21.0,2.0,38.0,8.0
159938400.0,,,,0.00021337169164326042,-0.06978519260883331,4.76837147544984e-09,-0.08830498903989792,-1.19209286886246e-09,0.8400244116783142,1.975506529561244e-05,0.01938178762793541,0.13740885257720947,0.7220192551612854,,0.00023442071426951836,,,,,,,
160120800.0,,182.2,1040.0,,,,,,,,,,,,,,1.0,87.0,21.0,1.0,30.0,6.0
160161600.0,,156.4,1375.0,,,,,,,,,,,,,,-1.0,99.0,24.0,2.0,13.0,10.0
160202400.0,,,,0.00022038485622033477,-0.0947546511888504,-1.1324882365215672e-08,-0.0994977131485939,-1.1126200405442432e-08,0.9777725338935852,-1.2184415936644655e-05,0.003886984195560217,0.13641893863677979,0.8452305793762207,,0.000234008326858711,,,,,,,
160380000.0,,140.2,789.0,,,,,,,,,,,,,,1.0,66.0,16.0,1.0,22.0,4.0
160478400.0,,225.39999999999998,1897.0,,,,,,,,,,,,,,-1.0,100.0,30.0,2.0,75.0,10.0
160512000.0,,151.4,1316.0,,,,,,,,,,,,,,-1.0,100.0,26.0,2.0,9.0,9.0
160519200.0,,158.2,859.0,,,,,,,,,,,,,,1.0,70.0,18.0,1.0,30.0,5.0
160557600.0,,123.2,665.0,,,,,,,,,,,,,,1.0,57.0,14.0,1.0,20.0,3.0
160586400.0,,129.2,687.0,,,,,,,,,,,,,,1.0,59.0,14.0,1.0,24.0,3.0
160684800.0,,,,,,,,,,,,,,,,1704.160612724243,,,,,,
160773600.0,,,,,,,,,,,,,,,,1704.2498091907635,,,,,,
160982400.0,,,,,,,,,,,,,,,,1705.2091686731126,,,,,,
160996800.0,,,,0.0002663432096596807,-0.056252606213092804,-9.33806099112644e-09,-0.06277287006378174,1.2119611092487048e-08,1.343027114868164,4.266136784281116e-06,0.015792086720466614,0.10100555419921875,1.2578204870224,,0.0002327681656189418,,,,,,,
161076000.0,,,,,,,,,,,,,,0.1287730187177658,,,,,,,,
161076000.0,,,,0.00023014485486783087,-0.045933593064546585,-7.947286384535346e-09,-0.06634998321533203,5.165735839085528e-09,0.6866568326950073,3.208793350495398e-05,-0.007271381560713053,0.15324027836322784,0.5261796116828918,,0.00023264458812715874,,,,,,,
161078400.0,,154.2,877.0,,,,,,,,,,,,,,1.0,72.0,18.0,1.0,24.0,5.0
161119200.0,,118.2,626.0,,,,,,,,,,,,,,1.0,51.0,13.0,1.0,22.0,3.0
161268000.0,,221.4,1553.0,,,,,,,,,,,,,,1.0,99.0,32.0,2.0,50.0,5.0
161282400.0,,94.2,497.0,,,,,,,,,,,,,,1.0,39.0,10.0,1.0,17.0,2.0
161284800.0,,,,,,,,,,,,,,,,1706.6856764027405,,,,,,
161330400.0,,165.4,1566.0,,,,,,,,,,,,,,-1.0,99.0,24.0,2.0,22.0,10.0
161366400.0,,,,,,,,,,,,,,,,1707.0118290889989,,,,,,
161661600.0,,,,,,,,,,,,,,,,1708.212544776269,,,,,,
161726400.0,,198.4,1390.0,,,,,,,,,,,,,,1.0,100.0,37.0,2.0,41.0,0.0
161800800.0,,,,,,,,,,,,,,,,1708.8224155284654,,,,,,
161824800.0,,185.4,1137.0,,,,,,,,,,,,,,1.0,90.0,22.0,2.0,21.0,8.0
161983200.0,,,,,,,,,,,,,,,,1709.5116718800225,,,,,,
161990400.0,,,,0.00016550073632970452,-0.04096434637904167,0.0,-0.05206328257918358,-6.755193293628281e-09,0.7937523126602173,-2.9957984224893153e-05,0.031483784317970276,0.11716179549694061,0.708046019077301,,0.00023121871603528688,,,,,,,
162038400.0,,139.4,1430.0,,,,,,,,,,,,,,-1.0,89.0,24.0,2.0,18.0,7.0
162105600.0,,121.2,630.0,,,,,,,,,,,,,,1.0,52.0,13.0,1.0,24.0,3.0
162108000.0,,144.4,1431.0,,,,,,,,,,,,,,-1.0,93.0,26.0,2.0,13.0,8.0
162172800.0,,,,,,,,,,,,,,,,1710.1639051809937,,,,,,
162547200.0,,153.4,1425.0,,,,,,,,,,,,,,-1.0,100.0,27.0,2.0,10.0,9.0
162590400.0,,,,,,,,,,,,,,,,1710.9781540750248,,,,,,
162607200.0,,107.4,584.0,,,,,,,,,,,,,,1.0,47.0,12.0,2.0,20.0,2.0
162672000.0,,181.0,4000.0,,,,,,,,,,,,,,0.0,100.0,28.0,5.0,20.0,8.0
162674400.0,,,,,,,,,,,,,,,,1711.2748664219953,,,,,,
162681600.0,,,,,,,,,,,,,,,,1711.3298186856528,,,,,,
162835200.0,,101.2,545.0,,,,,,,,,,,,,,1.0,42.0,11.0,1.0,20.0,2.0
162952800.0,,,,0.00022847460058983415,-0.05279579758644104,3.019968630724179e-08,-0.08631907403469086,4.371007555903361e-09,0.8579567074775696,1.4362704860104714e-05,0.014723449014127254,0.0945831686258316,0.778113603591919,,0.00022971985752565522,,,,,,,
162964800.0,,200.6,1480.0,,,,,,,,,,,,,,1.0,99.0,27.0,3.0,22.0,8.0
163046400.0,,179.4,1054.0,,,,,,,,,,,,,,1.0,81.0,21.0,2.0,33.0,6.0
163046400.0,,155.4,845.0,,,,,,,,,,,,,,1.0,69.0,17.0,2.0,29.0,5.0
163075200.0,,170.39999999999998,1605.0,,,,,,,,,,,,,,-1.0,97.0,28.0,2.0,25.0,10.0
163192800.0,,,,0.00022903359786141664,-0.07107691466808319,-2.38418573772492e-09,-0.07728056609630585,7.947286162490741e-10,0.807171106338501,-3.882683449774049e-05,-0.007699793204665184,0.11619194597005844,0.6832427978515625,,0.00022934639230814767,,,,,,,
163212000.0,,167.4,2115.0,,,,,,,,,,,,,,-1.0,101.0,27.0,2.0,23.0,9.0
163296000.0,,,,,,,,,,,,,,,,1713.8298768697884,,,,,,
163320000.0,,,,0.00027640454936772585,-0.02966751717031002,8.742015111806722e-09,-0.04982909560203552,-3.1789144649962964e-09,0.7595633268356323,7.121500675566494e-05,0.027699293568730354,0.16225001215934753,0.6250866055488586,,0.00022914850848782442,,,,,,,
163502400.0,,211.4,1194.0,,,,,,,,,,,,,,1.0,86.0,23.0,2.0,54.0,7.0
163682400.0,,,,0.000249991164309904,-0.06251189112663269,2.0265579436795633e-08,-0.09232611209154129,3.973643192267673e-09,0.7431067228317261,-3.2233886031463044e-06,-0.0010852228151634336,0.12085341662168503,0.6211673617362976,,0.00022858493032788265,,,,,,,
163783200.0,,,,,,,,,,,,,,0.19778195023536682,,,,,,,,
163785600.0,,144.6,1559.0,,,,,,,,,,,,,,-1.0,87.0,23.0,3.0,22.0,8.0
163884000.0,,121.4,616.0,,,,,,,,,,,,,,1.0,52.0,13.0,2.0,24.0,3.0
164109600.0,,216.4,1282.0,,,,,,,,,,,,,,1.0,96.0,25.0,2.0,43.0,8.0
164145600.0,,151.4,1474.0,,,,,,,,,,,,,,-1.0,98.0,26.0,2.0,11.0,9.0
164145600.0,,,,0.0002961843565572053,-0.050865620374679565,-2.38418573772492e-09,-0.033593177795410156,7.549921576810448e-09,0.932308554649353,1.6978799976641312e-05,0.001864149235188961,0.13092221319675446,0.8032704591751099,,0.0002278650454633049,,,,,,,
164323200.0,,188.4,1101.0,,,,,,,,,,,,,,1.0,81.0,22.0,2.0,41.0,6.0
164335200.0,,,,,,,,,,,,,,,,1716.1454808590588,,,,,,
164371200.0,,,,0.0002807920391205698,-0.06796499341726303,1.7682712183386684e-08,-0.09787630289793015,-3.9736430812453705e-10,0.9960802793502808,-4.949476078763837e-06,0.031134596094489098,0.20917561650276184,0.8180370926856995,,0.0002275146155142723,,,,,,,
164416800.0,,,,,,,,,,,,,,,,1716.2943358278812,,,,,,
164433600.0,,,,0.0002759546332526952,-0.07597833126783371,-5.563100202721216e-09,-0.11753331869840622,-4.76837147544984e-09,1.1444844007492065,6.256243977986742e-06,8.606409392086789e-05,0.1377783864736557,1.0068010091781616,,0.00022741771015497974,,,,,,,
164460000.0,,,,,,,,,,,,,,,,1716.3927149759843,,,,,,
164464800.0,,121.4,637.0,,,,,,,,,,,,,,1.0,56.0,13.0,2.0,20.0,3.0
164587200.0,,127.4,664.0,,,,,,,,,,,,,,1.0,59.0,14.0,2.0,22.0,3.0
164587200.0,,,,,,,,,,,,,,,,1716.825569749741,,,,,,
164601600.0,,,,0.00027708581183105707,-0.02513357251882553,1.1920929132713809e-08,-0.0333971306681633,-1.2715657859985185e-08,0.7639337182044983,-1.632142266316805e-05,0.04266854748129845,0.13740891218185425,0.6691797971725464,,0.00022715685915447565,,,,,,,
164604000.0,,106.2,556.0,,,,,,,,,,,,,,1.0,47.0,12.0,1.0,19.0,2.0
164678400.0,,,,,,,,,,,,,,,,1717.1600294744003,,,,,,
164736000.0,,180.4,1001.0,,,,,,,,,,,,,,1.0,77.0,20.0,2.0,39.0,6.0
164788800.0,,,,,,,,,,,,,,,,1717.4597526901116,,,,,,
164798400.0,,160.6,1659.0,,,,,,,,,,,,,,-1.0,100.0,28.0,3.0,20.0,8.0
164916000.0,,,,,,,,,,,,,,0.0997152253985405,,,,,,,,
164937600.0,,162.79999999999998,1454.0,,,,,,,,,,,,,,-1.0,99.0,29.0,4.0,18.0,9.0
165004800.0,,143.4,1368.0,,,,,,,,,,,,,,-1.0,93.0,22.0,2.0,12.0,9.0
165016800.0,,153.4,1525.0,,,,,,,,,,,,,,-1.0,99.0,27.0,2.0,7.0,10.0
165069600.0,,214.4,2074.0,,,,,,,,,,,,,,-1.0,99.0,28.0,2.0,75.0,8.0
165168000.0,,,,,,,,,,,,,,,,1705.9054443986026,,,,,,
165172800.0,,,,0.0002455119974911213,-0.11719100922346115,7.152557657263969e-09,-0.13256773352622986,2.0464261396568872e-08,1.457106590270996,-4.257738692103885e-05,-0.008811158128082752,0.19093060493469238,1.2573246955871582,,0.0002262704994329647,,,,,,,
165309600.0,,156.4,1815.0,,,,,,,,,,,,,,-1.0,98.0,25.0,2.0,13.0,10.0
165312000.0,,148.4,1305.0,,,,,,,,,,,,,,-1.0,98.0,25.0,2.0,13.0,8.0
165374400.0,,,,,,,,,,,,,,,,1706.574060286463,,,,,,
165465600.0,,163.4,1596.0,,,,,,,,,,,,,,-1.0,99.0,25.0,2.0,19.0,10.0
165472800.0,,,,,,,,,,,,,,,,1706.831381571929,,,,,,
165549600.0,,217.4,1165.0,,,,,,,,,,,,,,1.0,98.0,24.0,2.0,39.0,9.0
165624000.0,,161.60000000000002,1295.0,,,,,,,,,,,,,,-1.0,100.0,25.0,3.0,16.0,10.0
165669600.0,,89.2,480.0,,,,,,,,,,,,,,1.0,39.0,10.0,1.0,16.0,1.0
165684000.0,,103.4,535.0,,,,,,,,,,,,,,1.0,43.0,11.0,2.0,21.0,2.0
165705600.0,,210.4,1229.0,,,,,,,,,,,,,,1.0,90.0,23.0,2.0,49.0,7.0
165808800.0,,,,0.0002502684365026653,-0.04510737955570221,2.2252400810884865e-08,-0.0834808349609375,-1.4305115314527939e-08,1.2571412324905396,-3.253143222536892e-05,0.03150951489806175,0.257476806640625,1.0311439037322998,,0.00022528458667406932,,,,,,,
165835200.0,,144.2,826.0,,,,,,,,,,,,,,1.0,69.0,17.0,1.0,22.0,4.0
165849600.0,,147.4,1237.0,,,,,,,,,,,,,,-1.0,93.0,23.0,2.0,19.0,8.0
165972000.0,,,,,,,,,,,,,,,,1708.0703102768036,,,,,,
166010400.0,,,,0.0003080150345340371,-0.04436873272061348,-6.755193293628281e-09,-0.05387149378657341,6.755193293628281e-09,0.7188947796821594,2.9209630156401545e-05,-0.020119264721870422,0.10999056696891785,0.588817298412323,,0.0002249722976887566,,,,,,,
166053600.0,,131.4,705.0,,,,,,,,,,,,,,1.0,60.0,14.0,2.0,21.0,4.0
166176000.0,,,,,,,,,,,,,,,,1708.7025006148262,,,,,,
166183200.0,,,,,,,,,,,,,,0.23964707553386688,,,,,,,,
166195200.0,,244.4,1301.0,,,,,,,,,,,,,,1.0,97.0,26.0,2.0,65.0,9.0
166384800.0,,171.4,1576.0,,,,,,,,,,,,,,-1.0,101.0,25.0,2.0,25.0,10.0
166476000.0,,163.2,890.0,,,,,,,,,,,,,,1.0,72.0,18.0,1.0,33.0,5.0
166552800.0,,133.4,661.0,,,,,,,,,,,,,,1.0,57.0,13.0,2.0,27.0,4.0
166555200.0,,,,0.0003092447586823255,-0.05571042373776436,1.0132789718397817e-08,-0.05633839964866638,4.172325152040912e-09,0.6482640504837036,9.728905570227653e-05,-0.026253074407577515,0.09294397383928299,0.5291674137115479,,0.00022412893586176344,,,,,,,
166591200.0,,,,,,,,,,,,,,,,1709.8933014219824,,,,,,
166608000.0,,,,,,,,,,,,,,,,1709.9435959835491,,,,,,
166684800.0,,,,0.0002048769238172099,-0.040600694715976715,-5.165735839085528e-09,-0.06470537930727005,-3.1789144649962964e-09,0.989331066608429,4.970050576957874e-05,-0.031275566667318344,0.08226951956748962,0.8758377432823181,,0.00022392843530049425,,,,,,,
166696800.0,,,,0.00023485768178943545,-0.04588445648550987,-4.967053879312289e-09,-0.03544314205646515,4.76837147544984e-09,1.122123122215271,1.973547477973625e-05,0.015819475054740906,0.3028431236743927,0.8351215720176697,,0.00022390987285712344,,,,,,,
166730400.0,,218.19999999999993,1978.0,,,,,,,,,,,,,,1.0,101.0,33.0,6.0,59.0,1.0
166737600.0,,158.4,1637.0,,,,,,,,,,,,,,-1.0,100.0,24.0,2.0,14.0,10.0
166788000.0,,,,0.0002643187763169408,-0.06711685657501221,-1.152356521316733e-08,-0.07595580071210861,1.0728836485895954e-08,0.7800195813179016,-3.7405718558147782e-06,0.016021236777305603,0.10587067902088165,0.6901690363883972,,0.00022376881177269887,,,,,,,
167061600.0,,,,,,,,,,,,,,,,1710.997801343042,,,,,,
167428800.0,,,,0.000208727375138551,-0.04588233307003975,5.563100202721216e-09,-0.08430446684360504,9.139379031353201e-09,0.9351857304573059,-2.653965202625841e-05,-0.012856886722147465,0.10208813101053238,0.8202162384986877,,0.00022277835398331648,,,,,,,
167491200.0,,185.39999999999998,2045.0,,,,,,,,,,,,,,-1.0,100.0,28.0,2.0,33.0,11.0
167553600.0,,154.4,1515.0,,,,,,,,,,,,,,-1.0,96.0,23.0,2.0,19.0,9.0
167592000.0,,145.2,773.0,,,,,,,,,,,,,,1.0,67.0,16.0,1.0,26.0,4.0
167709600.0,,,,,,,,,,,,,,,,1712.1408552351493,,,,,,
167793600.0,,264.6,1315.0,,,,,,,,,,,,,,1.0,100.0,25.0,3.0,79.0,10.0
167800800.0,,124.4,660.0,,,,,,,,,,,,,,1.0,57.0,14.0,2.0,21.0,3.0
167949600.0,,224.4,1147.0,,,,,,,,,,,,,,1.0,92.0,22.0,2.0,54.0,9.0
167983200.0,,104.2,565.0,,,,,,,,,,,,,,1.0,47.0,12.0,1.0,17.0,2.0
168036000.0,,,,0.0002835678169503808,-0.052807003259658813,1.5894572324981482e-09,-0.07329128682613373,-9.139379031353201e-09,0.9220318794250488,5.58050669496879e-06,-0.003848826279863715,0.1493321806192398,0.768859326839447,,0.0002218409606534091,,,,,,,
168225600.0,,,,0.00018413690850138664,-0.06456396728754044,4.76837147544984e-09,-0.10034235566854477,4.5696895156766004e-09,0.6327087879180908,1.573417102918029e-05,-0.017300842329859734,0.09513354301452637,0.5202919840812683,,0.00022154848828361947,,,,,,,
168400800.0,,127.4,685.0,,,,,,,,,,,,,,1.0,58.0,14.0,2.0,19.0,4.0
168451200.0,,172.4,1105.0,,,,,,,,,,,,,,1.0,88.0,22.0,2.0,18.0,6.0
168650400.0,,210.4,1088.0,,,,,,,,,,,,,,1.0,91.0,22.0,2.0,45.0,8.0
168667200.0,,,,0.0002272192359669134,-0.07409916073083878,6.357828929992593e-09,-0.10636179149150848,-9.934107758624577e-09,1.2914091348648071,-2.2153937607072294e-05,0.029219046235084534,0.1542021781206131,1.1664060354232788,,0.00022086772363331275,,,,,,,
168727200.0,,,,,,,,,,,,,,,,1714.287195736763,,,,,,
168756000.0,,,,0.0001952842139871791,-0.039224401116371155,2.1855037779516806e-09,-0.0834350511431694,-1.9868215406226852e-10,1.3993524312973022,2.7702588340616785e-05,0.00799798034131527,0.2278067022562027,1.1795732975006104,,0.00022073090550828013,,,,,,,
168823200.0,,106.2,560.0,,,,,,,,,,,,,,1.0,46.0,12.0,1.0,20.0,2.0
168883200.0,,163.2,1566.0,,,,,,,,,,,,,,-1.0,98.0,27.0,1.0,18.0,10.0
168921600.0,,,,,,,,,,,,,,,,1714.8106894107673,,,,,,
168933600.0,,165.2,1745.0,,,,,,,,,,,,,,-1.0,99.0,28.0,1.0,18.0,10.0
169068000.0,,,,,,,,,,,,,,,,1715.2375768783813,,,,,,
169092000.0,,,,,,,,,,,,,,,,1715.323896785111,,,,,,
169094400.0,,208.2,4000.0,,,,,,,,,,,,,,0.0,100.0,28.0,1.0,36.0,11.0
169101600.0,,,,0.00018574569548945874,-0.04903339222073555,-2.38418573772492e-09,-0.06806780397891998,-5.9604645663569045e-09,0.7012597918510437,2.41441375692375e-05,0.01751144416630268,0.06124552711844444,0.6575517058372498,,0.0002201986661772536,,,,,,,
169113600.0,,,,0.00019942298240493983,-0.050546035170555115,4.371007555903361e-09,-0.08531444519758224,7.947286384535346e-09,0.8272843360900879,-9.808408321987372e-06,0.007183941546827555,0.13457006216049194,0.6998903751373291,,0.0002201801926166359,,,,,,,
169144800.0,,,,0.00023059955856297165,-0.03138328716158867,-7.947286384535346e-09,-0.03455950319766998,-1.3510386587256562e-08,0.9078725576400757,-1.6133255485328846e-05,-0.006121387705206871,0.10348229855298996,0.7982550263404846,,0.00022013216356354904,,,,,,,
169149600.0,,,,0.0002758530026767403,-0.04775591194629669,3.1789145538141383e-08,-0.07409806549549103,8.344650304081824e-09,0.7796119451522827,3.7860809243284166e-05,-0.02818319760262966,0.14383041858673096,0.607638955116272,,0.00022012477476132276,,,,,,,
169180800.0,,168.4,925.0,,,,,,,,,,,,,,1.0,73.0,19.0,2.0,32.0,6.0
169303200.0,,,,,,,,,,,,,,,,1715.8933866255627,,,,,,
169308000.0,,,,0.00020680949091911316,-0.04577669873833656,1.5894572324981482e-09,-0.07283010333776474,-6.755193293628281e-09,0.9082784056663513,-6.114839834481245e-06,0.007656148634850979,0.12031509727239609,0.7956154346466064,,0.00021988098674569306,,,,,,,
169332000.0,,,,,,,,,,,,,,0.17590013146400452,,,,,,,,
169341600.0,,174.2,920.0,,,,,,,,,,,,,,1.0,77.0,19.0,1.0,34.0,6.0
169389600.0,,161.4,910.0,,,,,,,,,,,,,,1.0,71.0,19.0,2.0,27.0,6.0
169432800.0,,114.4,595.0,,,,,,,,,,,,,,1.0,51.0,12.0,2.0,19.0,3.0
169543200.0,,,,,,,,,,,,,,,,1716.4002242982995,,,,,,
169555200.0,,,,0.00017066563304979354,-0.07490591704845428,1.7086664527710127e-08,-0.076235331594944,7.152557657263969e-09,0.9264214038848877,5.1244865062471945e-06,-0.002685869112610817,0.10730751603841782,0.816434919834137,,0.00021950069552381906,,,,,,,
169562400.0,,,,,,,,,,,,,,0.18558518588542938,,,,,,,,
169754400.0,,132.2,720.0,,,,,,,,,,,,,,1.0,60.0,15.0,1.0,21.0,4.0
169840800.0,,,,,,,,,,,,,,,,1717.0614134178797,,,,,,
169857600.0,,,,,,,,,,,,,,,,1717.1061284509988,,,,,,
170066400.0,,151.39999999999998,847.0,,,,,,,,,,,,,,1.0,72.0,17.0,2.0,22.0,5.0
170068800.0,,118.2,617.0,,,,,,,,,,,,,,1.0,53.0,13.0,1.0,20.0,3.0
170253600.0,,176.39999999999998,2065.0,,,,,,,,,,,,,,-1.0,99.0,29.0,2.0,28.0,10.0
170301600.0,,,,0.00021924308384768665,-0.0680348128080368,9.53674295089968e-09,-0.08212605863809586,1.390775050680304e-09,0.8737954497337341,5.511723429663107e-06,0.01587909646332264,0.10513079911470413,0.7845515012741089,,0.00021835368818916902,,,,,,,
170344800.0,,,,,,,,,,,,,,,,1705.3909468684483,,,,,,
170392800.0,,,,,,,,,,,,,,,,1705.511282806281,,,,,,
170419200.0,,,,,,,,,,,,,,,,1705.6044170013067,,,,,,
170443200.0,,141.4,1425.0,,,,,,,,,,,,,,-1.0,93.0,25.0,2.0,15.0,7.0
170452800.0,,210.2,1509.0,,,,,,,,,,,,,,-1.0,99.0,29.0,1.0,62.0,10.0
170541600.0,,,,,,,,,,,,,,0.1178755983710289,,,,,,,,
170635200.0,,145.4,775.0,,,,,,,,,,,,,,1.0,66.0,15.0,2.0,24.0,5.0
170664000.0,,164.4,1756.0,,,,,,,,,,,,,,-1.0,99.0,26.0,2.0,23.0,9.0
170716800.0,,177.2,1919.0,,,,,,,,,,,,,,-1.0,99.0,29.0,1.0,29.0,10.0
170728800.0,,183.2,1027.0,,,,,,,,,,,,,,1.0,82.0,21.0,1.0,36.0,6.0
170755200.0,,170.59999999999997,1710.0,,,,,,,,,,,,,,-1.0,99.0,26.0,3.0,29.0,9.0
170776800.0,,208.2,1252.0,,,,,,,,,,,,,,1.0,98.0,26.0,1.0,28.0,9.0
170820000.0,,,,,,,,,,,,,,,,1706.6424750168512,,,,,,
170832000.0,,206.60000000000002,1188.0,,,,,,,,,,,,,,1.0,99.0,24.0,3.0,31.0,8.0
170839200.0,,,,,,,,,,,,,,,,1706.6777883289296,,,,,,
170937600.0,,181.39999999999998,1938.0,,,,,,,,,,,,,,-1.0,99.0,29.0,2.0,33.0,10.0
170997600.0,,,,,,,,,,,,,,,,1706.91370154821,,,,,,
171060000.0,,207.60000000000002,1243.0,,,,,,,,,,,,,,1.0,89.0,25.0,3.0,37.0,9.0
171201600.0,,119.2,659.0,,,,,,,,,,,,,,1.0,54.0,14.0,1.0,19.0,3.0
171218400.0,,,,,,,,,,,,,,,,1707.0529938784734,,,,,,
171309600.0,,175.2,2058.0,,,,,,,,,,,,,,-1.0,99.0,29.0,1.0,27.0,10.0
171405600.0,,,,,,,,,,,,,,0.19302420318126678,,,,,,,,
171465600.0,,,,0.00022763313609175384,-0.05142805725336075,-8.543332263855064e-09,-0.03041347861289978,1.2318293940438707e-08,0.9553606510162354,1.4861968338664155e-05,0.006089396774768829,0.11039017140865326,0.8510769605636597,,0.0002165688314515249,,,,,,,
171494400.0,,,,,,,,,,,,,,,,1707.4649364027691,,,,,,
171638400.0,,,,0.00024202343774959445,-0.018504837527871132,2.38418573772492e-09,0.011536567471921444,2.781550101360608e-09,0.7982885837554932,-1.2387600690999534e-05,0.03953588753938675,0.1239197850227356,0.7138947248458862,,0.00021630428005308208,,,,,,,
171799200.0,,,,,,,,,,,,,,,,1708.3978170944483,,,,,,
172125600.0,,,,,,,,,,,,,,,,1709.3934111923454,,,,,,
172161600.0,,98.2,502.0,,,,,,,,,,,,,,1.0,41.0,11.0,1.0,18.0,2.0
172375200.0,,,,,,,,,,,,,,,,1710.083312337139,,,,,,
172658400.0,,,,0.00021962571190670133,-0.05375818908214569,-1.1126200405442432e-08,-0.07394254207611084,-1.1324882365215672e-08,0.8002574443817139,-4.410609108163044e-06,-0.003765949048101902,0.16209514439105988,0.6343941688537598,,0.0002147449686174947,,,,,,,
172802400.0,,,,,,,,,,,,,,,,1710.9529741695458,,,,,,
172809600.0,,228.4,1262.0,,,,,,,,,,,,,,1.0,96.0,24.0,2.0,52.0,9.0
172860000.0,,119.2,645.0,,,,,,,,,,,,,,1.0,54.0,13.0,1.0,20.0,3.0
172867200.0,,128.2,695.0,,,,,,,,,,,,,,1.0,57.0,14.0,1.0,25.0,3.0
172872000.0,,,,0.00021848401229362935,-0.047907277941703796,5.563100202721216e-09,-0.06455181539058685,-1.0331471678171056e-08,0.972807765007019,1.9256180166848935e-05,0.008972741663455963,0.12185870110988617,0.8599432706832886,,0.0002144189338835774,,,,,,,
172874400.0,,177.4,1769.0,,,,,,,,,,,,,,-1.0,100.0,25.0,2.0,32.0,10.0
172881600.0,,206.4,1292.0,,,,,,,,,,,,,,1.0,95.0,25.0,2.0,26.0,10.0
172996800.0,,186.2,991.0,,,,,,,,,,,,,,1.0,83.0,20.0,1.0,39.0,6.0
173090400.0,,215.2,1495.0,,,,,,,,,,,,,,1.0,102.0,29.0,1.0,24.0,10.0
173095200.0,,198.2,1235.0,,,,,,,,,,,,,,1.0,89.0,25.0,1.0,28.0,9.0
173162400.0,,126.4,649.0,,,,,,,,,,,,,,1.0,55.0,13.0,2.0,22.0,4.0
173191200.0,,,,,,,,,,,,,,0.14064891636371613,,,,,,,,
173438400.0,,149.2,767.0,,,,,,,,,,,,,,1.0,65.0,16.0,1.0,28.0,5.0
173460000.0,,194.2,1012.0,,,,,,,,,,,,,,1.0,78.0,20.0,1.0,44.0,8.0
173685600.0,,,,0.00015686401457060128,-0.06526727974414825,-4.76837147544984e-09,-0.10631929337978363,-7.152557657263969e-09,0.8567721247673035,4.977188382326858e-06,-0.011938733980059624,0.13564123213291168,0.7091987133026123,,0.0002131787156900596,,,,,,,
173690400.0,,113.4,605.0,,,,,,,,,,,,,,1.0,53.0,13.0,2.0,19.0,2.0
173870400.0,,,,0.00019889265240635723,-0.018761221319437027,-1.1126200405442432e-08,-0.03188811242580414,-5.761782606583665e-09,0.972723662853241,-4.3209536670474336e-05,0.00612836517393589,0.19039401412010193,0.7884167432785034,,0.00021289738348728964,,,,,,,
173904000.0,,,,0.00017346105596516281,0.00035238623968325555,1.9868215961338365e-09,-0.022353962063789368,-1.0728836485895954e-08,1.0127397775650024,-4.992214144294849e-06,0.0026762306224554777,0.15846267342567444,0.8569501042366028,,0.00021284624707558497,,,,,,,
173980800.0,,,,0.00016479108307976276,-0.04936603084206581,-1.5894572769070692e-08,-0.07115074247121811,5.9604643443123e-10,1.0894157886505127,-3.14077697112225e-05,0.010093165561556816,0.11095159500837326,0.9885276556015015,,0.00021272938113171846,,,,,,,
174038400.0,,123.2,636.0,,,,,,,,,,,,,,1.0,50.0,13.0,1.0,24.0,4.0
174040800.0,,143.2,836.0,,,,,,,,,,,,,,1.0,64.0,17.0,1.0,22.0,5.0
174043200.0,,116.2,605.0,,,,,,,,,,,,,,1.0,47.0,13.0,1.0,20.0,4.0
174043200.0,,,,,,,,,,,,,,,,1714.1815387531447,,,,,,
174048000.0,,106.2,539.0,,,,,,,,,,,,,,1.0,42.0,11.0,1.0,21.0,3.0
174062400.0,,136.2,1315.0,,,,,,,,,,,,,,-1.0,88.0,24.0,1.0,16.0,7.0
174124800.0,,,,,,,,,,,,,,,,1714.355534150888,,,,,,
174136800.0,,135.2,762.0,,,,,,,,,,,,,,1.0,53.0,16.0,1.0,30.0,4.0
174170400.0,,115.2,626.0,,,,,,,,,,,,,,1.0,46.0,13.0,1.0,20.0,4.0
174172800.0,,,,0.00019473176507744938,-0.04906563460826874,-3.774960788405224e-09,-0.04261567071080208,7.947286162490741e-10,1.3669546842575073,-5.211424195294967e-06,0.004059999715536833,0.20929689705371857,1.1617144346237183,,0.0002124373219062433,,,,,,,
174232800.0,,199.2,1176.0,,,,,,,,,,,,,,1.0,87.0,24.0,1.0,32.0,9.0
174249600.0,,160.2,869.0,,,,,,,,,,,,,,1.0,68.0,18.0,1.0,30.0,6.0
174268800.0,,174.2,1866.0,,,,,,,,,,,,,,-1.0,100.0,28.0,1.0,22.0,11.0
174307200.0,,,,0.00020226587366778404,-0.030258968472480774,9.53674295089968e-09,-0.018793029710650444,-1.5099843153620895e-08,0.6723735928535461,2.3079957827576436e-05,-0.02373931184411049,0.09762777388095856,0.5510316491127014,,0.00021223297072920543,,,,,,,
174381600.0,,,,,,,,,,,,,,,,1714.7893054441054,,,,,,
174458400.0,,112.2,590.0,,,,,,,,,,,,,,1.0,45.0,12.0,1.0,23.0,3.0
174496800.0,,174.2,1966.0,,,,,,,,,,,,,,-1.0,99.0,29.0,1.0,26.0,10.0
174578400.0,,,,0.00019444528152234852,-0.032751575112342834,-7.152557657263969e-09,-0.041504982858896255,8.344650304081824e-09,0.6496560573577881,-4.93763254780788e-05,-0.014695495367050171,0.07046044617891312,0.5644527077674866,,0.00021182084745130188,,,,,,,
174585600.0,,161.2,918.0,,,,,,,,,,,,,,1.0,71.0,19.0,1.0,31.0,5.0
174592800.0,,,,0.00017918739467859268,-0.026304276660084724,2.2252400810884865e-08,-0.018591271713376045,9.23872001123982e-09,0.7154792547225952,3.877519702655263e-06,0.008384393528103828,0.12159387022256851,0.6022754311561584,,0.0002117989733794765,,,,,,,
174604800.0,,131.2,687.0,,,,,,,,,,,,,,1.0,57.0,14.0,1.0,20.0,5.0
174604800.0,,,,,,,,,,,,,,,,1715.3528429365974,,,,,,
174672000.0,,152.2,901.0,,,,,,,,,,,,,,1.0,62.0,18.0,1.0,28.0,6.0
174765600.0,,83.2,1257.0,,,,,,,,,,,,,,-1.0,52.0,16.0,1.0,15.0,5.0
174811200.0,,124.4,720.0,,,,,,,,,,,,,,1.0,58.0,14.0,2.0,20.0,3.0
174816000.0,,,,0.00020049861632287502,-0.004906841088086367,0.0,0.0006010140059515834,2.1855037779516806e-09,0.9384368062019348,-2.4878905605874024e-05,0.0004023413930553943,0.061179183423519135,0.8776371479034424,,0.00021146003665535604,,,,,,,
174890400.0,,,,0.00022996238840278238,-0.040063463151454926,-2.38418573772492e-09,-0.03514844924211502,1.2715657859985185e-08,1.3978511095046997,-3.6617264413507655e-05,0.008373424410820007,0.24238142371177673,1.1638087034225464,,0.0002113471044449556,,,,,,,
174897600.0,,118.2,600.0,,,,,,,,,,,,,,1.0,48.0,12.0,1.0,22.0,4.0
175200000.0,,128.2,706.0,,,,,,,,,,,,,,1.0,59.0,15.0,1.0,22.0,3.0
175200000.0,,,,,,,,,,,,,,,,1708.0924447208342,,,,,,
175260000.0,,,,0.00018918715068139136,-0.05027138441801071,-3.973643192267673e-09,-0.04359356313943863,-6.1591469702193535e-09,0.7267729043960571,2.7961843443335965e-05,-0.006059619598090649,0.11927381157875061,0.6014693379402161,,0.00021078643550662308,,,,,,,
175276800.0,,164.2,964.0,,,,,,,,,,,,,,1.0,76.0,20.0,1.0,24.0,6.0
175389600.0,,118.4,635.0,,,,,,,,,,,,,,1.0,53.0,13.0,2.0,20.0,3.0
175420800.0,,186.4,4000.0,,,,,,,,,,,,,,0.0,99.0,28.0,2.0,27.0,8.0
175432800.0,,179.39999999999998,1042.0,,,,,,,,,,,,,,1.0,75.0,21.0,2.0,43.0,5.0
175531200.0,,,,0.0001790461246855557,-0.025186430662870407,-6.755193293628281e-09,-0.03998347744345665,-6.556510889765832e-09,1.0486475229263306,1.4572699910786469e-05,0.012102952226996422,0.14194656908512115,0.9188202023506165,,0.00021037540875636638,,,,,,,
175548000.0,,,,0.00021922901214566082,-0.04839777573943138,8.742015111806722e-09,-0.048521190881729126,7.152557657263969e-09,0.9766015410423279,6.860221765236929e-05,-0.03655030205845833,0.12835556268692017,0.811766505241394,,0.00021034995740039467,,,,,,,
175567200.0,,,,,,,,,,,,,,,,1708.7969150185054,,,,,,
175754400.0,,131.2,726.0,,,,,,,,,,,,,,1.0,61.0,15.0,1.0,23.0,3.0
175836000.0,,,,,,,,,,,,,,,,1709.3259381095681,,,,,,
175886400.0,,119.2,626.0,,,,,,,,,,,,,,1.0,52.0,13.0,1.0,22.0,3.0
175977600.0,,,,,,,,,,,,,,,,1709.6392230730926,,,,,,
176095200.0,,123.2,655.0,,,,,,,,,,,,,,1.0,56.0,14.0,1.0,21.0,3.0
176188800.0,,,,0.0001797379954950884,-0.04240873456001282,1.3311704627483323e-08,-0.08002841472625732,-1.5099843153620895e-08,0.8344098329544067,-4.055386671097949e-05,0.024639632552862167,0.06722421944141388,0.7917864918708801,,0.00020938009336868453,,,,,,,
176215200.0,,,,0.0001957492349902168,-0.041263826191425323,2.38418573772492e-09,-0.05407961830496788,3.1789144649962964e-09,1.3259186744689941,-2.9465385523508303e-05,0.008396938443183899,0.1164049580693245,1.2178829908370972,,0.00020934017535503526,,,,,,,
176232000.0,,129.2,1336.0,,,,,,,,,,,,,,-1.0,84.0,24.0,1.0,13.0,7.0
176304000.0,,,,,,,,,,,,,,,,1710.329998236403,,,,,,
176308800.0,,184.2,1050.0,,,,,,,,,,,,,,1.0,81.0,21.0,1.0,38.0,6.0
176320800.0,,,,,,,,,,,,,,,,1710.3786737282105,,,,,,
176347200.0,,100.2,525.0,,,,,,,,,,,,,,1.0,45.0,11.0,1.0,16.0,2.0
176376000.0,,125.2,686.0,,,,,,,,,,,,,,1.0,59.0,14.0,1.0,20.0,3.0
176404800.0,,201.2,1054.0,,,,,,,,,,,,,,1.0,89.0,22.0,1.0,46.0,6.0
176407200.0,,,,,,,,,,,,,,,,1710.5737045659043,,,,,,
176409600.0,,169.2,1590.0,,,,,,,,,,,,,,-1.0,100.0,30.0,1.0,19.0,10.0
176421600.0,,,,,,,,,,,,,,,,1710.5848831349201,,,,,,
176472000.0,,,,,,,,,,,,,,,,1710.7043930850682,,,,,,
176568000.0,,,,0.00014781895151827484,-0.04102650284767151,-1.390775050680304e-08,-0.07058829069137573,-8.344650304081824e-09,0.7426097989082336,4.3944573917542584e-06,0.022318977862596512,0.124632328748703,0.6403023600578308,,0.0002088070249989709,,,,,,,
176772000.0,,188.4,1075.0,,,,,,,,,,,,,,1.0,92.0,22.0,2.0,26.0,7.0
177024000.0,,162.2,1435.0,,,,,,,,,,,,,,-1.0,99.0,26.0,1.0,25.0,8.0
177024000.0,,,,0.00018434714002069086,-0.04874793812632561,-2.38418573772492e-09,-0.050629571080207825,2.781550101360608e-09,1.0614687204360962,1.6446178051410243e-05,0.019878095015883446,0.1763228476047516,0.9050422310829163,,0.00020811875316781398,,,,,,,
177122400.0,,,,0.00020331682753749192,-0.019251607358455658,1.1126200405442432e-08,-0.043791405856609344,-1.7086664527710127e-08,1.3878182172775269,2.1176645532250404e-05,-0.003235712181776762,0.18198159337043762,1.2026242017745972,,0.000207970356088841,,,,,,,
177148800.0,,,,0.0001789232628652826,-0.03299085423350334,-1.9868215961338365e-09,-0.03510602191090584,-7.947286384535346e-09,0.8071922063827515,1.4440243830904365e-05,0.012720325030386448,0.062112852931022644,0.7578158974647522,,0.00020793054982463794,,,,,,,
177206400.0,,,,0.00021905793983023614,-0.04170428216457367,-8.742015111806722e-09,-0.04934205114841461,-1.0331471678171056e-08,1.1067285537719727,4.656036617234349e-05,0.021765898913145065,0.18006843328475952,0.9484747648239136,,0.00020784371095862255,,,,,,,
177247200.0,,,,0.00015196864842437208,-0.025955157354474068,-1.5894572324981482e-09,-0.012167654000222683,-4.5696895156766004e-09,1.1979866027832031,2.1880381609662436e-05,0.011073669418692589,0.1297188103199005,1.0793648958206177,,0.00020778220937327018,,,,,,,
177256800.0,,138.2,720.0,,,,,,,,,,,,,,1.0,62.0,15.0,1.0,25.0,4.0
177261600.0,,,,,,,,,,,,,,,,1712.2397619566436,,,,,,
177292800.0,,,,0.0001699294662103057,-0.030939361080527306,1.3113021779531664e-08,-0.048534367233514786,-3.5762788286319847e-09,0.5383202433586121,1.8300093870493583e-05,0.020195655524730682,0.08714818209409714,0.47138774394989014,,0.0002077134814279452,,,,,,,
177326400.0,,176.2,1024.0,,,,,,,,,,,,,,1.0,83.0,21.0,1.0,28.0,6.0
177427200.0,,131.4,1515.0,,,,,,,,,,,,,,-1.0,90.0,24.0,2.0,9.0,7.0
177451200.0,,221.39999999999998,1604.0,,,,,,,,,,,,,,1.0,101.0,29.0,2.0,31.0,10.0
177482400.0,,,,,,,,,,,,,,,,1712.7720918436291,,,,,,
177703200.0,,,,,,,,,,,,,,0.13578897714614868,,,,,,,,
177715200.0,,169.39999999999998,1755.0,,,,,,,,,,,,,,-1.0,100.0,29.0,2.0,20.0,10.0
177768000.0,,109.2,595.0,,,,,,,,,,,,,,1.0,50.0,12.0,1.0,19.0,2.0
177811200.0,,144.2,794.0,,,,,,,,,,,,,,1.0,66.0,16.0,1.0,26.0,4.0
177962400.0,,,,0.00015695494948886335,-0.04920341074466705,2.582867919542764e-09,-0.06387407332658768,-7.152557657263969e-09,0.8310526609420776,-1.8797527445713058e-05,0.018132546916604042,0.1298472136259079,0.7193207144737244,,0.00020670538441808795,,,,,,,
178072800.0,,,,,,,,,,,,,,,,1714.3083543835946,,,,,,
178116000.0,,174.2,1685.0,,,,,,,,,,,,,,-1.0,100.0,30.0,1.0,24.0,10.0
178250400.0,,164.2,876.0,,,,,,,,,,,,,,1.0,73.0,18.0,1.0,33.0,5.0
178264800.0,,,,0.00020239017612766474,-0.030296171084046364,8.742015111806722e-09,-0.04326463118195534,3.3775966468141405e-09,0.9701209664344788,-2.449407838867046e-05,0.03011416271328926,0.10717233270406723,0.8930402994155884,,0.00020625080959678775,,,,,,,
178312800.0,,,,,,,,,,,,,,,,1714.8530189979845,,,,,,
178459200.0,,,,0.0001999777159653604,-0.03333988040685654,-1.152356521316733e-08,-0.03912918642163277,-1.390775050680304e-09,0.7134243249893188,-1.593158594914712e-05,0.02387472614645958,0.10535907000303268,0.6319260597229004,,0.00020595881431220313,,,,,,,
178502400.0,,,,,,,,,,,,,,,,1715.0892206928334,,,,,,
178648800.0,,,,,,,,,,,,,,,,1715.2931739514715,,,,,,
178682400.0,,,,,,,,,,,,,,,,1715.3510103265444,,,,,,
178730400.0,,,,,,,,,,,,,,,,1715.457937400188,,,,,,
178744800.0,,230.2,1170.0,,,,,,,,,,,,,,1.0,91.0,24.0,1.0,63.0,8.0
178819200.0,,209.2,1140.0,,,,,,,,,,,,,,1.0,95.0,23.0,1.0,43.0,7.0
178888800.0,,175.2,931.0,,,,,,,,,,,,,,1.0,73.0,19.0,1.0,39.0,6.0
178941600.0,,,,,,,,,,,,,,,,1715.9641900439563,,,,,,
179016000.0,,146.2,745.0,,,,,,,,,,,,,,1.0,63.0,15.0,1.0,32.0,4.0
179068800.0,,104.2,536.0,,,,,,,,,,,,,,1.0,47.0,11.0,1.0,18.0,2.0
179114400.0,,,,,,,,,,,,,,,,1716.3593030506602,,,,,,
179128800.0,,181.39999999999998,1928.0,,,,,,,,,,,,,,-1.0,100.0,28.0,2.0,29.0,11.0
179227200.0,,,,,,,,,,,,,,,,1716.6410867398708,,,,,,
179275200.0,,201.2,956.0,,,,,,,,,,,,,,1.0,77.0,20.0,1.0,60.0,6.0
179301600.0,,167.2,903.0,,,,,,,,,,,,,,1.0,77.0,19.0,1.0,27.0,6.0
179347200.0,,218.2,1210.0,,,,,,,,,,,,,,1.0,95.0,24.0,1.0,43.0,9.0
179464800.0,,,,0.0002287562092533335,-0.025998791679739952,-8.344650304081824e-09,-0.042139168828725815,-3.5762788286319847e-09,0.9374808669090271,6.534720887430012e-05,0.016337137669324875,0.1363188475370407,0.8175667524337769,,0.00020445131043197505,,,,,,,
179469600.0,,225.59999999999997,1435.0,,,,,,,,,,,,,,1.0,100.0,27.0,3.0,42.0,9.0
179503200.0,,228.2,1475.0,,,,,,,,,,,,,,1.0,100.0,27.0,1.0,37.0,11.0
179522400.0,,,,0.00023274113482329994,-0.035274434834718704,1.8278758062706402e-08,-0.03997582569718361,-3.1789144649962964e-09,0.9195583462715149,4.759714283864014e-05,0.02820494957268238,0.14983786642551422,0.7979753613471985,,0.00020436511311851529,,,,,,,
179654400.0,,134.2,737.0,,,,,,,,,,,,,,1.0,62.0,15.0,1.0,21.0,4.0
179721600.0,,,,0.0001884847297333181,-0.04017668217420578,9.934107758624577e-09,-0.03621070832014084,-3.3775966468141405e-09,1.0547184944152832,2.4021781428018585e-05,0.0016640375833958387,0.12287945300340652,0.9335289001464844,,0.00020406714227378433,,,,,,,
179724000.0,,152.2,825.0,,,,,,,,,,,,,,1.0,68.0,17.0,1.0,27.0,5.0
179832000.0,,123.2,665.0,,,,,,,,,,,,,,1.0,54.0,13.0,1.0,24.0,3.0
179841600.0,,,,0.00014102028217166662,-0.047546617686748505,1.5894572769070692e-08,-0.057995449751615524,-7.748604424762107e-09,0.8381272554397583,8.676585821376648e-06,0.02424621395766735,0.11719818413257599,0.7451854348182678,,0.00020388773815254005,,,,,,,
179851200.0,,,,,,,,,,,,,,,,1718.074664437764,,,,,,
179880000.0,,,,,,,,,,,,,,,,1718.0857841441423,,,,,,
179952000.0,,150.4,770.0,,,,,,,,,,,,,,1.0,62.0,15.0,2.0,33.0,5.0
179992800.0,,250.2,1775.0,,,,,,,,,,,,,,-1.0,99.0,27.0,1.0,100.0,11.0
180002400.0,,216.2,1260.0,,,,,,,,,,,,,,1.0,96.0,25.0,1.0,39.0,9.0
180043200.0,,129.2,681.0,,,,,,,,,,,,,,1.0,57.0,14.0,1.0,22.0,4.0
180081600.0,,,,,,,,,,,,,,,,1710.1511157695393,,,,,,
180168000.0,,218.2,1250.0,,,,,,,,,,,,,,1.0,98.0,25.0,1.0,39.0,9.0
180182400.0,,169.4,905.0,,,,,,,,,,,,,,1.0,75.0,18.0,2.0,32.0,6.0
180199200.0,,,,,,,,,,,,,,0.13100595772266388,,,,,,,,
180278400.0,,197.4,1960.0,,,,,,,,,,,,,,-1.0,100.0,28.0,2.0,45.0,11.0
180283200.0,,,,,,,,,,,,,,,,1710.6479197689414,,,,,,
180381600.0,,,,,,,,,,,,,,,,1710.8905240793829,,,,,,
180420000.0,,184.39999999999998,1875.0,,,,,,,,,,,,,,-1.0,100.0,26.0,2.0,42.0,9.0
180429600.0,,,,,,,,,,,,,,,,1710.90557316187,,,,,,
180660000.0,,166.2,885.0,,,,,,,,,,,,,,1.0,72.0,18.0,1.0,32.0,6.0
180705600.0,,111.2,605.0,,,,,,,,,,,,,,1.0,50.0,12.0,1.0,17.0,3.0
180712800.0,,149.39999999999998,805.0,,,,,,,,,,,,,,1.0,68.0,16.0,2.0,25.0,5.0
180806400.0,,,,,,,,,,,,,,,,1711.2050075721422,,,,,,
180914400.0,,167.39999999999998,925.0,,,,,,,,,,,,,,1.0,73.0,18.0,2.0,32.0,6.0
180998400.0,,135.4,726.0,,,,,,,,,,,,,,1.0,61.0,15.0,2.0,23.0,4.0
181123200.0,,141.2,790.0,,,,,,,,,,,,,,1.0,65.0,16.0,1.0,24.0,4.0
181144800.0,,173.39999999999998,2148.0,,,,,,,,,,,,,,-1.0,100.0,30.0,2.0,23.0,10.0
181236000.0,,,,0.00021537176507990807,-0.02433774620294571,1.5894572324981482e-09,-0.01711047813296318,7.947286162490741e-10,0.9419929385185242,-8.08834083727561e-05,0.016689060255885124,0.10834644734859467,0.8502568006515503,,0.0002018084748391184,,,,,,,
181238400.0,,165.4,989.0,,,,,,,,,,,,,,1.0,83.0,20.0,2.0,18.0,6.0
181317600.0,,,,,,,,,,,,,,,,1711.7565588264135,,,,,,
181344000.0,,162.2,955.0,,,,,,,,,,,,,,1.0,76.0,20.0,1.0,26.0,5.0
181351200.0,,,,0.0001714809041004628,-0.04125848412513733,-1.0331471678171056e-08,-0.07333910465240479,-9.934107758624577e-09,0.9145438075065613,4.768759609419249e-09,0.0172553900629282,0.10697008669376373,0.8248308300971985,,0.0002016371475217184,,,,,,,
181504800.0,,187.39999999999998,4000.0,,,,,,,,,,,,,,0.0,101.0,27.0,2.0,23.0,9.0
181533600.0,,,,,,,,,,,,,,,,1711.8800911414673,,,,,,
181576800.0,,,,,,,,,,,,,,,,1711.9274633065475,,,,,,
181718400.0,,153.4,836.0,,,,,,,,,,,,,,1.0,68.0,17.0,2.0,28.0,5.0
181917600.0,,,,0.00015660232747904956,-0.0384984165430069,2.781550101360608e-09,-0.044941533356904984,-1.2715657859985185e-08,0.4548007845878601,2.3016111299511977e-05,-0.0002313151053385809,0.03917621076107025,0.4154178500175476,,0.00020079581668790418,,,,,,,
181953600.0,,164.2,879.0,,,,,,,,,,,,,,1.0,73.0,18.0,1.0,33.0,5.0
181980000.0,,176.39999999999998,1990.0,,,,,,,,,,,,,,-1.0,100.0,29.0,2.0,27.0,10.0
182025600.0,,197.2,4000.0,,,,,,,,,,,,,,0.0,100.0,30.0,1.0,27.0,10.0
182155200.0,,157.4,1920.0,,,,,,,,,,,,,,-1.0,98.0,27.0,2.0,20.0,8.0
182176800.0,,,,,,,,,,,,,,,,1712.937787344243,,,,,,
182200800.0,,,,,,,,,,,,,,,,1712.9847169439954,,,,,,
182220000.0,,133.2,723.0,,,,,,,,,,,,,,1.0,65.0,15.0,1.0,21.0,3.0
182330400.0,,,,0.00018792328773997724,-0.050057750195264816,-2.582867919542764e-09,-0.09341120719909668,-2.9802322831784522e-09,0.8311636447906494,4.2803570977412164e-05,0.04112892970442772,0.1127261370420456,0.7596111297607422,,0.0002001837322188093,,,,,,,
182457600.0,,,,0.0002566971816122532,-0.03381982445716858,1.0132789718397817e-08,-0.06700616329908371,3.973643192267673e-09,0.7123858332633972,3.272053800174035e-05,-0.01898932084441185,0.08919142931699753,0.604240357875824,,0.00019999531188379945,,,,,,,
182460000.0,,110.2,596.0,,,,,,,,,,,,,,1.0,50.0,12.0,1.0,20.0,2.0
182529600.0,,,,,,,,,,,,,,,,1713.6253811733984,,,,,,
182589600.0,,,,,,,,,,,,,,,,1713.744534219381,,,,,,
182671200.0,,,,0.0002442417317070067,-0.008243673481047153,7.152557657263969e-09,-0.00597000028938055,-4.371007555903361e-09,0.9430147409439087,1.0965089131786954e-05,-0.00780857726931572,0.15868957340717316,0.7765300273895264,,0.00019967910768519398,,,,,,,
182688000.0,,,,,,,,,,,,,,,,1714.0085329140077,,,,,,
182839200.0,,195.2,1968.0,,,,,,,,,,,,,,-1.0,100.0,29.0,1.0,46.0,10.0
182863200.0,,,,,,,,,,,,,,,,1714.455037269579,,,,,,
182908800.0,,116.2,656.0,,,,,,,,,,,,,,1.0,51.0,14.0,1.0,23.0,2.0
182913600.0,,,,,,,,,,,,,,,,1714.581235891859,,,,,,
182952000.0,,,,0.00024207893875427544,-0.013516436330974102,-7.947286162490741e-10,-0.0406227745115757,4.76837147544984e-09,0.6865863800048828,5.743367182731163e-06,-0.012262793257832527,0.0814366564154625,0.5928951501846313,,0.00019926380681226693,,,,,,,
183019200.0,,147.2,771.0,,,,,,,,,,,,,,1.0,65.0,16.0,1.0,22.0,6.0
183081600.0,,134.2,825.0,,,,,,,,,,,,,,1.0,58.0,17.0,1.0,27.0,3.0
183088800.0,,,,0.0001477715268265456,-0.038273364305496216,7.947286162490741e-10,-0.03040585294365883,6.357828929992593e-09,1.0719660520553589,3.481569001451135e-05,0.0008034519851207733,0.1448851376771927,0.9279206395149231,,0.00019906163944843997,,,,,,,
183175200.0,,105.2,550.0,,,,,,,,,,,,,,1.0,45.0,11.0,1.0,21.0,2.0
183208800.0,,181.2,987.0,,,,,,,,,,,,,,1.0,85.0,20.0,1.0,32.0,6.0
183228000.0,,154.4,1476.0,,,,,,,,,,,,,,-1.0,100.0,24.0,2.0,10.0,10.0
183336000.0,,,,0.0001795781427063048,-0.03711363300681114,7.3512396170372085e-09,-0.062103018164634705,5.563100202721216e-09,0.7653353810310364,1.791188151401002e-05,-0.02742084302008152,0.10746783018112183,0.6304664015769958,,0.00019869658488382523,,,,,,,
183429600.0,,,,0.00019959633937105536,-0.056632157415151596,3.774960788405224e-09,-0.07379370182752609,3.5762788286319847e-09,0.6795323491096497,8.129745765472762e-07,0.008245231583714485,0.17060235142707825,0.5171780586242676,,0.00019855844994005125,,,,,,,
183451200.0,,200.4,1133.0,,,,,,,,,,,,,,1.0,88.0,23.0,2.0,41.0,7.0
183513600.0,,151.4,861.0,,,,,,,,,,,,,,1.0,71.0,18.0,2.0,22.0,5.0
183537600.0,,,,0.00015656698087695986,-0.03866799175739288,7.152557657263969e-09,-0.054754920303821564,6.357828929992593e-09,1.120058298110962,-1.2733872836179216e-06,-0.005567897576838732,0.1533868908882141,0.9611037373542786,,0.0001983991248872448,,,,,,,
183576000.0,,165.4,1681.0,,,,,,,,,,,,,,-1.0,101.0,26.0,2.0,18.0,10.0
183590400.0,,238.4,1249.0,,,,,,,,,,,,,,1.0,99.0,25.0,2.0,62.0,8.0
183640800.0,,154.4,1566.0,,,,,,,,,,,,,,-1.0,98.0,27.0,2.0,17.0,8.0
183700800.0,,150.4,1275.0,,,,,,,,,,,,,,-1.0,98.0,25.0,2.0,11.0,9.0
183703200.0,,134.4,1335.0,,,,,,,,,,,,,,-1.0,88.0,23.0,2.0,19.0,6.0
183940800.0,,142.4,1532.0,,,,,,,,,,,,,,-1.0,90.0,22.0,2.0,18.0,8.0
183979200.0,,,,,,,,,,,,,,,,1716.637367129161,,,,,,
184044000.0,,,,0.0001385795621899888,-0.06860853731632233,3.9736430812453705e-10,-0.08435456454753876,-1.0331471678171056e-08,0.9559242129325867,-2.8773125450243242e-05,0.008939183317124844,0.12979057431221008,0.8350454568862915,,0.0001976529510541697,,,,,,,
184056000.0,,,,0.0001975105842575431,-0.04355394095182419,5.9604645663569045e-09,-0.05544624477624893,2.781550101360608e-09,0.9881459474563599,-1.0830420251295436e-05,0.024713337421417236,0.09389466792345047,0.9189556837081909,,0.00019763528698223622,,,,,,,
184164000.0,,103.2,511.0,,,,,,,,,,,,,,1.0,41.0,11.0,1.0,23.0,2.0
184173600.0,,174.2,942.0,,,,,,,,,,,,,,1.0,76.0,19.0,1.0,39.0,5.0
184293600.0,,,,0.00021041071158833802,-0.0027861471753567457,4.371007555903361e-09,-0.0009159476030617952,1.2715657859985185e-08,0.8498944044113159,-3.409809141885489e-05,-0.035868141800165176,0.08357765525579453,0.7304165959358215,,0.00019728570899520462,,,,,,,
184360800.0,,,,,,,,,,,,,,,,1717.4948041417083,,,,,,
184375200.0,,122.2,635.0,,,,,,,,,,,,,,1.0,49.0,12.0,1.0,21.0,5.0
184413600.0,,,,,,,,,,,,,,,,1717.5742799358957,,,,,,
184454400.0,,,,,,,,,,,,,,,,1717.6516381102867,,,,,,
184476000.0,,127.2,703.0,,,,,,,,,,,,,,1.0,58.0,15.0,1.0,22.0,3.0
184528800.0,,,,0.00020389600831549615,-0.02736927755177021,1.2715657859985185e-08,-0.07756078243255615,4.371007555903361e-09,0.8644570112228394,3.950533937313594e-05,0.004779955837875605,0.18258441984653473,0.6866940855979919,,0.0001969399835097622,,,,,,,
184552800.0,,,,0.00018370819452684373,-0.04062597453594208,-2.1855037779516806e-09,-0.031232401728630066,-1.19209286886246e-09,0.8585180640220642,-7.202742563094944e-05,0.007806956302374601,0.11476700007915497,0.7514878511428833,,0.00019690472346214184,,,,,,,
184653600.0,,,,0.00016015292203519493,-0.04262029007077217,4.5696895156766004e-09,-0.07838620990514755,-7.947286162490741e-10,1.0199116468429565,-3.049381120945327e-05,0.005654966924339533,0.1119285374879837,0.9136090278625488,,0.00019675666791144018,,,,,,,
184687200.0,,,,0.00015639845514670014,-0.06072474271059036,1.0132789718397817e-08,-0.06979646533727646,1.1126200405442432e-08,0.9541248083114624,7.519636710640043e-06,0.018606333062052727,0.11809058487415314,0.8546496629714966,,0.00019670732923656906,,,,,,,
184840800.0,,162.39999999999998,1596.0,,,,,,,,,,,,,,-1.0,99.0,27.0,2.0,24.0,8.0
184886400.0,,,,,,,,,,,,,,,,1718.3663900389374,,,,,,
184905600.0,,147.4,835.0,,,,,,,,,,,,,,1.0,69.0,17.0,2.0,21.0,5.0
184956000.0,,,,,,,,,,,,,,,,1718.476335474005,,,,,,
185035200.0,,161.60000000000002,1535.0,,,,,,,,,,,,,,-1.0,101.0,24.0,3.0,16.0,10.0
185049600.0,,,,,,,,,,,,,,,,1711.241673639285,,,,,,
185059200.0,,111.2,581.0,,,,,,,,,,,,,,1.0,48.0,12.0,1.0,19.0,3.0
185380800.0,,160.2,900.0,,,,,,,,,,,,,,1.0,73.0,18.0,1.0,29.0,5.0
185563200.0,,,,,,,,,,,,,,,,1712.3892289286794,,,,,,
185632800.0,,,,,,,,,,,,,,,,1712.5624036744464,,,,,,
185640000.0,,,,,,,,,,,,,,,,1712.582087158653,,,,,,
185676000.0,,,,,,,,,,,,,,,,1712.6792249964712,,,,,,
185680800.0,,,,0.00013422755000647157,-0.04903346300125122,-4.76837147544984e-09,-0.06958713382482529,-1.152356521316733e-08,0.7247769236564636,1.4205944353307132e-05,-0.014988131821155548,0.08422774076461792,0.6255766153335571,,0.00019525132277363103,,,,,,,
185834400.0,,156.4,1455.0,,,,,,,,,,,,,,-1.0,99.0,28.0,2.0,13.0,9.0
186019200.0,,,,,,,,,,,,,,,,1713.2901500828998,,,,,,
186026400.0,,126.2,675.0,,,,,,,,,,,,,,1.0,57.0,14.0,1.0,23.0,3.0
186050400.0,,,,0.0002847907890100032,-0.03549208492040634,-1.9868215961338365e-09,-0.04717179015278816,-9.53674295089968e-09,0.877151608467102,-1.1088749488408212e-05,0.002281045541167259,0.1357986181974411,0.743625819683075,,0.00019471122058061706,,,,,,,
186062400.0,,,,,,,,,,,,,,,,1713.3535155809757,,,,,,
186069600.0,,154.4,886.0,,,,,,,,,,,,,,1.0,74.0,18.0,2.0,22.0,5.0
186091200.0,,,,0.00022568799613509327,-0.08065416663885117,3.973643192267673e-09,-0.10769076645374298,-1.9868215961338365e-09,0.7008388042449951,-2.6028536012745462e-05,-0.03413652628660202,0.12174592912197113,0.5449325442314148,,0.000194651649524156,,,,,,,
186098400.0,,112.2,627.0,,,,,,,,,,,,,,1.0,54.0,13.0,1.0,17.0,2.0
186232800.0,,212.4,1530.0,,,,,,,,,,,,,,1.0,98.0,28.0,2.0,26.0,10.0
186338400.0,,170.4,952.0,,,,,,,,,,,,,,1.0,78.0,20.0,2.0,28.0,6.0
186499200.0,,208.4,1357.0,,,,,,,,,,,,,,1.0,102.0,26.0,2.0,24.0,9.0
186571200.0,,,,,,,,,,,,,,,,1714.0629415661404,,,,,,
186600000.0,,198.60000000000002,1240.0,,,,,,,,,,,,,,1.0,97.0,25.0,3.0,24.0,8.0
186696000.0,,173.4,897.0,,,,,,,,,,,,,,1.0,76.0,18.0,2.0,35.0,6.0
186724800.0,,107.2,565.0,,,,,,,,,,,,,,1.0,47.0,12.0,1.0,20.0,2.0
186724800.0,,,,0.0002082223945762962,-0.08096370846033096,1.1920929132713809e-08,-0.0700715109705925,-6.357828929992593e-09,0.982934296131134,-4.047711172461277e-06,-0.012317894957959652,0.17348524928092957,0.7971291542053223,,0.00019372784958874182,,,,,,,
186739200.0,,,,,,,,,,,,,,,,1714.3498897783227,,,,,,
186748800.0,,108.2,571.0,,,,,,,,,,,,,,1.0,47.0,12.0,1.0,21.0,2.0
186775200.0,,147.4,804.0,,,,,,,,,,,,,,1.0,68.0,17.0,2.0,26.0,4.0
186784800.0,,,,0.00018917385023087263,-0.044982463121414185,-7.947286162490741e-10,-0.023891631513834,-1.1920929132713809e-08,1.481334924697876,-4.931724106427282e-05,-0.013988390564918518,0.3900938034057617,1.0772053003311157,,0.00019364049630330127,,,,,,,
186796800.0,,158.0,1445.0,,,,,,,,,,,,,,-1.0,99.0,28.0,5.0,18.0,8.0
186854400.0,,199.6,1396.0,,,,,,,,,,,,,,1.0,101.0,38.0,3.0,40.0,0.0
187116000.0,,162.4,1628.0,,,,,,,,,,,,,,-1.0,99.0,24.0,2.0,19.0,10.0
187125600.0,,,,,,,,,,,,,,,,1714.8022912899692,,,,,,
187144800.0,,129.2,715.0,,,,,,,,,,,,,,1.0,59.0,15.0,1.0,23.0,3.0
187204800.0,,,,0.00023011300072539598,-0.03794052079319954,-8.940697071579962e-09,-0.04432464763522148,1.3113021779531664e-08,0.8227605223655701,-9.477879211772233e-05,-0.02355370670557022,0.12021377682685852,0.6789005994796753,,0.0001930296482308135,,,,,,,
187236000.0,,122.2,665.0,,,,,,,,,,,,,,1.0,57.0,14.0,1.0,15.0,4.0
187293600.0,,,,0.0001759417646098882,-0.03753240033984184,7.3512396170372085e-09,-0.03454657271504402,-2.0265579436795633e-08,0.8424240946769714,-1.0748557542683557e-05,0.006322965491563082,0.11349870264530182,0.7352393865585327,,0.00019290063823336001,,,,,,,
187356000.0,,,,0.00020313233835622668,-0.02205396443605423,-1.1324882365215672e-08,-0.02496148832142353,0.0,0.8632107973098755,2.1936062694294378e-05,-0.01629643142223358,0.12469393759965897,0.722244381904602,,0.00019281001209179725,,,,,,,
187444800.0,,130.2,685.0,,,,,,,,,,,,,,1.0,59.0,14.0,1.0,25.0,3.0
187454400.0,,155.4,1780.0,,,,,,,,,,,,,,-1.0,98.0,25.0,2.0,16.0,9.0
187504800.0,,238.4,1216.0,,,,,,,,,,,,,,1.0,102.0,24.0,2.0,52.0,10.0
187557600.0,,169.2,1011.0,,,,,,,,,,,,,,1.0,80.0,21.0,1.0,28.0,5.0
187706400.0,,,,,,,,,,,,,,0.11508002132177353,,,,,,,,
187744800.0,,209.4,1099.0,,,,,,,,,,,,,,1.0,91.0,22.0,2.0,44.0,8.0
187776000.0,,208.60000000000002,1487.0,,,,,,,,,,,,,,1.0,100.0,26.0,3.0,26.0,9.0
187855200.0,,153.2,775.0,,,,,,,,,,,,,,1.0,66.0,16.0,1.0,27.0,6.0
187881600.0,,146.4,836.0,,,,,,,,,,,,,,1.0,68.0,17.0,2.0,25.0,4.0
187922400.0,,,,,,,,,,,,,,,,1716.0642543462532,,,,,,
188028000.0,,141.60000000000002,1435.0,,,,,,,,,,,,,,-1.0,94.0,24.0,3.0,11.0,8.0
188032800.0,,,,,,,,,,,,,,,,1715.8867963238613,,,,,,
188049600.0,,209.4,1321.0,,,,,,,,,,,,,,1.0,99.0,24.0,2.0,26.0,10.0
188052000.0,,,,,,,,,,,,,,0.17694151401519775,,,,,,,,
188097600.0,,151.0,1740.0,,,,,,,,,,,,,,-1.0,100.0,25.0,5.0,17.0,7.0
188114400.0,,,,,,,,,,,,,,,,1715.8245429268047,,,,,,
188212800.0,,,,,,,,,,,,,,,,1715.830442842186,,,,,,
188284800.0,,,,0.00016354383842553943,-0.0864923819899559,-9.53674295089968e-09,-0.0908205434679985,-7.152557657263969e-09,0.9043310284614563,2.7316906198393553e-05,-0.018571190536022186,0.08950646966695786,0.7962822914123535,,0.00019146398487267214,,,,,,,
188320800.0,,144.60000000000002,1336.0,,,,,,,,,,,,,,-1.0,95.0,24.0,3.0,9.0,9.0
188376000.0,,116.2,627.0,,,,,,,,,,,,,,1.0,53.0,13.0,1.0,18.0,3.0
188412000.0,,,,,,,,,,,,,,,,1715.8524996842627,,,,,,
188469600.0,,,,0.00014188900240696967,-0.06581057608127594,-5.563100202721216e-09,-0.08138319104909897,-2.4239222184974096e-08,1.0240795612335205,-3.2092768378788605e-05,0.02309192158281803,0.12326423823833466,0.9238766431808472,,0.00019119682713322222,,,,,,,
188565600.0,,,,0.0002487130113877356,-0.037575628608465195,-4.371007555903361e-09,-0.08575763553380966,-1.3510386587256562e-08,0.8779323697090149,-9.29282668948872e-06,0.012381691485643387,0.08191374689340591,0.8083934783935547,,0.00019105813074402696,,,,,,,
188719200.0,,,,,,,,,,,,,,,,1715.8962113502062,,,,,,
188836800.0,,185.2,1027.0,,,,,,,,,,,,,,1.0,79.0,21.0,1.0,41.0,6.0
188844000.0,,,,0.00020246395433787256,-0.061706315726041794,-2.38418573772492e-09,-0.09393016993999481,-1.9868215517249155e-08,1.4385287761688232,-7.4741105891007464e-06,-0.006733715068548918,0.21713058650493622,1.2146590948104858,,0.00019065624858235082,,,,,,,
188875200.0,,146.4,804.0,,,,,,,,,,,,,,1.0,68.0,17.0,2.0,25.0,4.0
189038400.0,,,,0.00018228018598165363,-0.07136441767215729,1.390775050680304e-08,-0.09200942516326904,2.1855037779516806e-09,0.9866487383842468,-2.0091394617338665e-05,0.01220233179628849,0.11005964875221252,0.8887732028961182,,0.00019037592283786294,,,,,,,
189057600.0,,155.4,1576.0,,,,,,,,,,,,,,-1.0,99.0,24.0,2.0,12.0,10.0
189064800.0,,,,,,,,,,,,,,,,1715.8382515165094,,,,,,
189120000.0,,166.4,1790.0,,,,,,,,,,,,,,-1.0,99.0,24.0,2.0,23.0,10.0
189216000.0,,107.2,599.0,,,,,,,,,,,,,,1.0,50.0,12.0,1.0,17.0,2.0
189340800.0,,,,,,,,,,,,,,,,1715.8085768605079,,,,,,
189372000.0,,,,0.0002230620157206431,-0.039719659835100174,-7.947286384535346e-09,-0.04549152031540871,-9.139379031353201e-09,1.0061588287353516,3.0518611310981214e-05,0.02562067285180092,0.15376722812652588,0.8780450820922852,,0.00018989544651189645,,,,,,,
189460800.0,,155.4,1255.0,,,,,,,,,,,,,,-1.0,99.0,25.0,2.0,15.0,9.0
189559200.0,,120.4,667.0,,,,,,,,,,,,,,1.0,57.0,14.0,2.0,17.0,3.0
189580800.0,,129.2,698.0,,,,,,,,,,,,,,1.0,60.0,14.0,1.0,23.0,3.0
189710400.0,,191.4,1069.0,,,,,,,,,,,,,,1.0,80.0,21.0,2.0,46.0,6.0
189837600.0,,,,0.00015907232591416687,-0.024985050782561302,9.53674295089968e-09,-0.031109794974327087,-1.19209286886246e-09,1.1381970643997192,-2.1356325305532664e-05,0.011934038251638412,0.16841062903404236,0.9817006587982178,,0.00018922608126202285,,,,,,,
189847200.0,,175.4,965.0,,,,,,,,,,,,,,1.0,82.0,20.0,2.0,29.0,6.0
189861600.0,,122.2,675.0,,,,,,,,,,,,,,1.0,57.0,14.0,1.0,19.0,3.0
189864000.0,,224.4,1170.0,,,,,,,,,,,,,,1.0,98.0,24.0,2.0,46.0,9.0
190101600.0,,,,,,,,,,,,,,,,1708.900105220953,,,,,,
190116000.0,,151.4,865.0,,,,,,,,,,,,,,1.0,68.0,17.0,2.0,26.0,5.0
190135200.0,,,,,,,,,,,,,,,,1708.8834930585183,,,,,,
190231200.0,,164.4,1731.0,,,,,,,,,,,,,,-1.0,99.0,24.0,2.0,21.0,10.0
190293600.0,,203.60000000000002,1315.0,,,,,,,,,,,,,,1.0,100.0,26.0,3.0,21.0,9.0
190435200.0,,142.4,765.0,,,,,,,,,,,,,,1.0,67.0,16.0,2.0,23.0,4.0
190459200.0,,,,,,,,,,,,,,,,1709.0109138080547,,,,,,
190521600.0,,,,,,,,,,,,,,,,1709.0394816815917,,,,,,
190737600.0,,121.2,647.0,,,,,,,,,,,,,,1.0,54.0,13.0,1.0,22.0,3.0
190773600.0,,137.60000000000002,1446.0,,,,,,,,,,,,,,-1.0,91.0,25.0,3.0,17.0,6.0
190778400.0,,,,,,,,,,,,,,0.13965383172035217,,,,,,,,
190778400.0,,,,0.00015110244567040354,-0.07161255180835724,5.165735839085528e-09,-0.11796959489583969,0.0,0.6770445108413696,-1.004843579721637e-05,-0.006963997147977352,0.06889690458774567,0.60117506980896,,0.00018787797500049118,,,,,,,
190780800.0,,,,0.00020326077356003225,-0.05827956646680832,-9.934107758624577e-09,-0.07708654552698135,-1.19209286886246e-09,1.0695557594299316,-5.227160499998718e-07,-0.016818974167108536,0.12995114922523499,0.9227871894836426,,0.00018787454360892853,,,,,,,
190812000.0,,169.4,927.0,,,,,,,,,,,,,,1.0,79.0,19.0,2.0,31.0,5.0
190845600.0,,143.60000000000002,1653.0,,,,,,,,,,,,,,-1.0,73.0,20.0,3.0,50.0,5.0
190869600.0,,,,,,,,,,,,,,,,1709.0123137833864,,,,,,
190886400.0,,,,0.00022583820100408047,-0.021342027932405472,8.742015111806722e-09,-0.04098660126328468,6.357828929992593e-09,1.0282467603683472,-3.7248981243465096e-05,0.00320347654633224,0.12332392483949661,0.9080912470817566,,0.00018772360126034137,,,,,,,
191140800.0,,,,,,,,,,,,,,,,1709.0402848454753,,,,,,
191169600.0,,,,0.00021377773373387754,-0.02626085840165615,-1.1126200405442432e-08,-0.037645790725946426,-7.3512396170372085e-09,1.1724350452423096,-5.8074733715329785e-06,0.022944072261452675,0.25497961044311523,0.9403958320617676,,0.00018731917782078514,,,,,,,
191188800.0,,114.2,605.0,,,,,,,,,,,,,,1.0,51.0,13.0,1.0,22.0,2.0
191193600.0,,172.4,1019.0,,,,,,,,,,,,,,1.0,78.0,20.0,2.0,34.0,5.0
191224800.0,,,,,,,,,,,,,,,,1709.045791648356,,,,,,
191256000.0,,173.8,971.0,,,,,,,,,,,,,,1.0,75.0,19.0,4.0,39.0,5.0
191340000.0,,151.6,1385.0,,,,,,,,,,,,,,-1.0,97.0,23.0,3.0,15.0,9.0
191361600.0,,127.4,666.0,,,,,,,,,,,,,,1.0,59.0,14.0,2.0,22.0,3.0
191400000.0,,263.4,1295.0,,,,,,,,,,,,,,1.0,99.0,24.0,2.0,80.0,10.0
191505600.0,,125.4,705.0,,,,,,,,,,,,,,1.0,58.0,15.0,2.0,20.0,3.0
191505600.0,,,,0.0002033438067883253,-0.059815578162670135,-5.165735839085528e-09,-0.09490032494068146,4.172325152040912e-09,0.8859195709228516,7.212525360955624e-06,-0.01693951152265072,0.1424955278635025,0.726493775844574,,0.00018684006872983825,,,,,,,
191515200.0,,118.4,638.0,,,,,,,,,,,,,,1.0,54.0,13.0,2.0,19.0,3.0
191716800.0,,136.4,1305.0,,,,,,,,,,,,,,-1.0,91.0,21.0,2.0,12.0,8.0
191786400.0,,,,,,,,,,,,,,,,1709.228638199088,,,,,,
191904000.0,,,,,,,,,,,,,,,,1709.2840756696046,,,,,,
191942400.0,,,,0.00023567145399283618,-0.05238668993115425,7.947286384535346e-09,-0.09287577867507935,-4.172325152040912e-09,0.8007664084434509,-1.326685833191732e-05,0.0010097217746078968,0.15476179122924805,0.6470034718513489,,0.00018621839680707105,,,,,,,
191944800.0,,109.4,595.0,,,,,,,,,,,,,,1.0,51.0,12.0,2.0,18.0,2.0
191980800.0,,,,0.00025085857487283647,-0.03975187987089157,2.781550101360608e-09,-0.05921337753534317,3.1789144649962964e-09,0.8858006596565247,-4.0506667573936284e-05,0.008642617613077164,0.11101691424846649,0.7833883166313171,,0.00018616380795744578,,,,,,,
192026400.0,,236.4,1530.0,,,,,,,,,,,,,,1.0,99.0,23.0,2.0,54.0,10.0
192074400.0,,132.2,699.0,,,,,,,,,,,,,,1.0,58.0,14.0,1.0,28.0,3.0
192074400.0,,,,0.00021249537530820817,-0.005363146774470806,-2.781550101360608e-09,-0.02230760082602501,6.357828929992593e-09,0.8046148419380188,-3.262377867940813e-05,-0.01302328146994114,0.11147700250148773,0.6800840497016907,,0.00018603079090000562,,,,,,,
192108000.0,,156.60000000000002,890.0,,,,,,,,,,,,,,1.0,70.0,17.0,3.0,25.0,6.0
192153600.0,,141.4,755.0,,,,,,,,,,,,,,1.0,64.0,16.0,2.0,25.0,4.0
192192000.0,,163.4,928.0,,,,,,,,,,,,,,1.0,81.0,19.0,2.0,19.0,6.0
192288000.0,,130.4,685.0,,,,,,,,,,,,,,1.0,58.0,14.0,2.0,22.0,4.0
192326400.0,,169.4,1672.0,,,,,,,,,,,,,,-1.0,99.0,26.0,2.0,28.0,9.0
192340800.0,,150.4,849.0,,,,,,,,,,,,,,1.0,70.0,17.0,2.0,23.0,5.0
192367200.0,,103.4,587.0,,,,,,,,,,,,,,1.0,49.0,12.0,2.0,18.0,1.0
192405600.0,,204.4,1241.0,,,,,,,,,,,,,,1.0,99.0,25.0,2.0,24.0,9.0
192424800.0,,139.0,1560.0,,,,,,,,,,,,,,-1.0,86.0,21.0,5.0,23.0,7.0
192523200.0,,149.4,805.0,,,,,,,,,,,,,,1.0,67.0,16.0,2.0,26.0,5.0
192585600.0,,,,0.00024018780095502734,-0.05699426680803299,-7.947286162490741e-10,-0.06771737337112427,1.0331471678171056e-08,1.3158695697784424,6.773148197680712e-05,0.016155455261468887,0.2620878219604492,1.07000732421875,,0.00018530540090360779,,,,,,,
192626400.0,,155.4,830.0,,,,,,,,,,,,,,1.0,68.0,17.0,2.0,34.0,4.0
192640800.0,,,,,,,,,,,,,,0.152761772274971,,,,,,,,
192662400.0,,185.4,1081.0,,,,,,,,,,,,,,1.0,90.0,22.0,2.0,21.0,8.0
192715200.0,,,,0.00024099282745737582,-0.059057511389255524,1.907348590179936e-08,-0.08948495239019394,1.9868215517249155e-08,1.2232184410095215,3.945966818719171e-05,0.014849968254566193,0.23532924056053162,1.0027810335159302,,0.00018512179298618657,,,,,,,
192739200.0,,210.4,1352.0,,,,,,,,,,,,,,1.0,100.0,25.0,2.0,25.0,10.0
192746400.0,,192.4,1359.0,,,,,,,,,,,,,,1.0,94.0,26.0,2.0,20.0,8.0
192825600.0,,,,0.0002738187904469669,-0.018800342455506325,-5.165735839085528e-09,-0.059861451387405396,8.742015111806722e-09,0.9601919054985046,-8.500505646225065e-05,0.016220388934016228,0.1898503601551056,0.7864797115325928,,0.0001849654804839689,,,,,,,
192830400.0,,193.4,955.0,,,,,,,,,,,,,,1.0,78.0,19.0,2.0,48.0,7.0
192876000.0,,195.4,1261.0,,,,,,,,,,,,,,1.0,97.0,26.0,2.0,24.0,7.0
192888000.0,,192.6,1206.0,,,,,,,,,,,,,,1.0,90.0,24.0,3.0,38.0,5.0
192967200.0,,196.4,1026.0,,,,,,,,,,,,,,1.0,85.0,20.0,2.0,39.0,8.0
193015200.0,,189.4,1017.0,,,,,,,,,,,,,,1.0,76.0,20.0,2.0,53.0,5.0
193029600.0,,,,,,,,,,,,,,,,1709.371464251043,,,,,,
193046400.0,,,,0.0003095238353125751,-0.04212845489382744,9.53674295089968e-09,-0.06466306000947952,3.5762788286319847e-09,1.2551844120025635,3.0191320547601208e-05,0.02460872009396553,0.1427665799856186,1.1370598077774048,,0.00018465311646008193,,,,,,,
193072800.0,,,,0.00032345831277780235,-0.059601545333862305,4.76837147544984e-09,-0.05312078073620796,-8.344650304081824e-09,1.3557687997817993,3.884082616423257e-05,0.027986597269773483,0.2575802206993103,1.126217246055603,,0.00018461579193809714,,,,,,,
193094400.0,,203.4,1421.0,,,,,,,,,,,,,,1.0,99.0,40.0,2.0,44.0,0.0
193204800.0,,121.4,638.0,,,,,,,,,,,,,,1.0,54.0,13.0,2.0,22.0,3.0
193293600.0,,178.4,1802.0,,,,,,,,,,,,,,-1.0,100.0,24.0,2.0,34.0,10.0
193437600.0,,,,,,,,,,,,,,,,1709.4040372878655,,,,,,
193449600.0,,,,0.0002538755361456424,-0.024825185537338257,-1.9868215961338365e-09,-0.061805661767721176,-1.9868215961338365e-09,0.8839479088783264,4.890842319582589e-05,0.017402950674295425,0.19463226199150085,0.706770122051239,,0.00018408361525764814,,,,,,,
193461600.0,,,,,,,,,,,,,,,,1709.4231439990858,,,,,,
193476000.0,,150.4,820.0,,,,,,,,,,,,,,1.0,71.0,17.0,2.0,26.0,4.0
193663200.0,,,,,,,,,,,,,,,,1709.418321183619,,,,,,
193788000.0,,,,,,,,,,,,,,,,1709.5024952985007,,,,,,
193869600.0,,,,0.0002571941586211324,-0.04107899218797684,3.1789144649962964e-09,-0.07529646158218384,-2.781550101360608e-09,0.9338178634643555,3.267928696004674e-05,0.011577156372368336,0.11473406851291656,0.8306962251663208,,0.0001834916345985493,,,,,,,
193884000.0,,210.4,1285.0,,,,,,,,,,,,,,1.0,99.0,24.0,2.0,27.0,10.0
193956000.0,,,,,,,,,,,,,,,,1709.4173493800274,,,,,,
194032800.0,,175.4,1827.0,,,,,,,,,,,,,,-1.0,99.0,24.0,2.0,32.0,10.0
194198400.0,,,,0.00022771142539568245,-0.027067452669143677,-9.139379031353201e-09,-0.07752688974142075,-8.742015111806722e-09,0.6565514802932739,4.868524001722108e-07,-0.0019507601391524076,0.07685048878192902,0.5777530074119568,,0.0001830290955766961,,,,,,,
194335200.0,,171.39999999999998,963.0,,,,,,,,,,,,,,1.0,84.0,19.0,2.0,24.0,6.0
194592000.0,,185.4,2055.0,,,,,,,,,,,,,,-1.0,100.0,24.0,2.0,41.0,10.0
194642400.0,,160.4,1558.0,,,,,,,,,,,,,,-1.0,96.0,25.0,2.0,27.0,8.0
194642400.0,,,,0.00030205718940123916,-0.05922761559486389,5.165735839085528e-09,-0.08066117763519287,-4.172325152040912e-09,1.2791178226470947,-1.2933265679748729e-05,0.0031025344505906105,0.13401459157466888,1.148195743560791,,0.00018240576008045903,,,,,,,
194728800.0,,167.4,1805.0,,,,,,,,,,,,,,-1.0,100.0,25.0,2.0,22.0,10.0
194757600.0,,,,,,,,,,,,,,,,1709.2871390047444,,,,,,
194812800.0,,170.39999999999998,1878.0,,,,,,,,,,,,,,-1.0,100.0,29.0,2.0,21.0,10.0
195031200.0,,182.4,1015.0,,,,,,,,,,,,,,1.0,80.0,20.0,2.0,34.0,7.0
195096000.0,,,,,,,,,,,,,,,,1703.173740688443,,,,,,
195112800.0,,174.4,994.0,,,,,,,,,,,,,,1.0,82.0,20.0,2.0,24.0,7.0
195163200.0,,226.60000000000002,1117.0,,,,,,,,,,,,,,1.0,91.0,22.0,3.0,61.0,8.0
195328800.0,,,,,,,,,,,,,,,,1703.169027657348,,,,,,
195482400.0,,,,,,,,,,,,,,0.19787076115608215,,,,,,,,
195506400.0,,,,0.00019991520093753934,-0.03759158030152321,5.9604645663569045e-09,-0.0655265673995018,-2.1855037779516806e-09,0.8978642821311951,5.4191645176615566e-05,-0.01405861135572195,0.17539721727371216,0.7084646821022034,,0.0001811969835409704,,,,,,,
195508800.0,,,,0.0001777857105480507,-0.04838550090789795,-9.934107758624577e-09,-0.05097314342856407,-1.7682712183386684e-08,2.3761019706726074,-4.154374255449511e-05,-0.0015985813224688172,0.6828142404556274,1.6916491985321045,,0.0001811936336270866,,,,,,,
195508800.0,,,,,,,,,,,,,,,,1703.107390099371,,,,,,
195513600.0,,,,,,,,,,,,,,,,1703.1171833459055,,,,,,
195516000.0,,,,0.00014288476086221635,-0.09898750483989716,7.947286162490741e-10,-0.11321042478084564,-4.76837147544984e-09,1.0384868383407593,5.210903964325553e-06,0.0014508781023323536,0.11571815609931946,0.9242262840270996,,0.00018118358414621503,,,,,,,
195530400.0,,127.2,695.0,,,,,,,,,,,,,,1.0,58.0,14.0,1.0,23.0,3.0
195559200.0,,,,,,,,,,,,,,,,1703.1312503670679,,,,,,
195590400.0,,90.2,482.0,,,,,,,,,,,,,,1.0,39.0,10.0,1.0,17.0,1.0
195638400.0,,,,0.00019046440138481557,-0.04029951989650726,1.907348590179936e-08,-0.050407733768224716,1.7881394143159923e-09,0.9442681074142456,-1.5505138435401022e-05,0.0020630978979170322,0.11561470478773117,0.8307029008865356,,0.0001810128028737339,,,,,,,
195676800.0,,181.4,1865.0,,,,,,,,,,,,,,-1.0,101.0,23.0,2.0,33.0,11.0
195722400.0,,172.2,1061.0,,,,,,,,,,,,,,1.0,78.0,22.0,1.0,24.0,7.0
195756000.0,,100.2,516.0,,,,,,,,,,,,,,1.0,44.0,11.0,1.0,17.0,2.0
195758400.0,,174.4,1052.0,,,,,,,,,,,,,,1.0,82.0,21.0,2.0,27.0,6.0
195811200.0,,135.2,765.0,,,,,,,,,,,,,,1.0,61.0,16.0,1.0,22.0,4.0
195912000.0,,,,0.0001704583701211959,-0.05178644880652428,1.9868215961338365e-09,-0.06011338159441948,9.735425798851338e-09,1.105446696281433,-1.4242530596675351e-05,-0.014327066950500011,0.1304115206003189,0.9606954455375671,,0.00018063146675045317,,,,,,,
195931200.0,,,,0.00017342291539534926,-0.06272818893194199,1.0331471678171056e-08,-0.09042397886514664,-3.973643192267673e-09,0.8203815221786499,-2.4507085981895216e-05,0.017165903002023697,0.07790736109018326,0.759617269039154,,0.00018060472766700636,,,,,,,
196027200.0,,144.2,735.0,,,,,,,,,,,,,,1.0,61.0,15.0,1.0,32.0,4.0
196077600.0,,144.4,765.0,,,,,,,,,,,,,,1.0,63.0,15.0,2.0,30.0,4.0
196120800.0,,,,0.00017798262706492096,-0.05044429376721382,-4.76837147544984e-09,-0.06984057277441025,-5.364418242947977e-09,1.0396350622177124,2.721446435316466e-06,0.0007342786993831396,0.11270414292812347,0.9276697039604187,,0.00018034083002464295,,,,,,,
196166400.0,,236.2,1597.0,,,,,,,,,,,,,,-1.0,99.0,29.0,1.0,88.0,10.0
196180800.0,,159.4,895.0,,,,,,,,,,,,,,1.0,74.0,18.0,2.0,23.0,6.0
196216800.0,,,,,,,,,,,,,,,,1703.2145264966673,,,,,,
196262400.0,,117.2,630.0,,,,,,,,,,,,,,1.0,52.0,13.0,1.0,20.0,3.0
196291200.0,,198.39999999999998,1105.0,,,,,,,,,,,,,,1.0,93.0,22.0,2.0,31.0,8.0
196298400.0,,,,,,,,,,,,,,,,1703.23679774086,,,,,,
196305600.0,,157.2,870.0,,,,,,,,,,,,,,1.0,70.0,17.0,1.0,30.0,5.0
196320000.0,,153.2,856.0,,,,,,,,,,,,,,1.0,69.0,17.0,1.0,27.0,5.0
196459200.0,,,,,,,,,,,,,,,,1703.27056188591,,,,,,
196495200.0,,136.4,725.0,,,,,,,,,,,,,,1.0,62.0,15.0,2.0,23.0,4.0
196564800.0,,243.2,1872.0,,,,,,,,,,,,,,-1.0,97.0,27.0,1.0,99.0,10.0
196584000.0,,,,,,,,,,,,,,,,1703.2219552071863,,,,,,
196648800.0,,167.2,892.0,,,,,,,,,,,,,,1.0,79.0,18.0,1.0,26.0,6.0
196656000.0,,132.2,695.0,,,,,,,,,,,,,,1.0,59.0,14.0,1.0,23.0,4.0
196670400.0,,,,,,,,,,,,,,,,1703.238031226081,,,,,,
196800000.0,,,,,,,,,,,,,,,,1703.1877730330675,,,,,,
196867200.0,,,,0.00022250204347074032,-0.04065519571304321,1.1920929132713809e-08,-0.04164153337478638,-3.9736430812453705e-10,1.4142675399780273,-4.656446890294319e-06,0.015413114801049232,0.2342354953289032,1.195442795753479,,0.00017930462013000738,,,,,,,
196898400.0,,192.2,1025.0,,,,,,,,,,,,,,1.0,86.0,21.0,1.0,37.0,7.0
196963200.0,,,,0.00017619828577153385,-0.03307235240936279,-8.742015111806722e-09,-0.04438656195998192,-3.774960788405224e-09,1.4495577812194824,-3.9485894376412034e-05,0.012860191985964775,0.23897026479244232,1.2234100103378296,,0.00017917165769081478,,,,,,,
196965600.0,,194.2,2141.0,,,,,,,,,,,,,,-1.0,99.0,29.0,1.0,46.0,10.0
197052000.0,,197.4,1072.0,,,,,,,,,,,,,,1.0,88.0,21.0,2.0,36.0,8.0
197085600.0,,,,0.00017505284631624818,-0.053186096251010895,2.1457672971791908e-08,-0.07639499753713608,-7.947286162490741e-10,0.7737279534339905,4.449279913387727e-06,-0.019302772358059883,0.11851687729358673,0.6359145045280457,,0.00017900223441566748,,,,,,,
197097600.0,,,,0.00017777430184651166,-0.0544184111058712,-4.371007555903361e-09,-0.05034737288951874,3.1789144649962964e-09,0.9537519216537476,-1.2688322385656647e-05,-0.012952865101397038,0.10423997789621353,0.8365481495857239,,0.0001789856305645993,,,,,,,
197133600.0,,,,,,,,,,,,,,,,1703.1916550132855,,,,,,
197220000.0,,115.2,585.0,,,,,,,,,,,,,,1.0,49.0,12.0,1.0,22.0,3.0
197232000.0,,187.2,878.0,,,,,,,,,,,,,,1.0,72.0,18.0,1.0,53.0,6.0
197246400.0,,,,0.00019469138351269066,-0.04589693248271942,-1.0132789718397817e-08,-0.07503067702054977,4.5696895156766004e-09,1.0074719190597534,6.570954155904474e-06,0.007243421860039234,0.12366841733455658,0.8910553455352783,,0.0001787798360611825,,,,,,,
197265600.0,,,,,,,,,,,,,,,,1703.2877780194801,,,,,,
197272800.0,,142.4,745.0,,,,,,,,,,,,,,1.0,61.0,15.0,2.0,30.0,4.0
197272800.0,,158.2,914.0,,,,,,,,,,,,,,1.0,71.0,19.0,1.0,24.0,6.0
197289600.0,,242.2,1170.0,,,,,,,,,,,,,,1.0,91.0,23.0,1.0,76.0,8.0
197316000.0,,,,,,,,,,,,,,,,1703.331482869023,,,,,,
197392800.0,,157.2,815.0,,,,,,,,,,,,,,1.0,67.0,16.0,1.0,34.0,5.0
197392800.0,,198.39999999999998,1066.0,,,,,,,,,,,,,,1.0,85.0,21.0,2.0,44.0,7.0
197416800.0,,,,,,,,,,,,,,,,1703.3903244427313,,,,,,
197529600.0,,,,,,,,,,,,,,,,1703.4673287570363,,,,,,
197565600.0,,218.2,1241.0,,,,,,,,,,,,,,1.0,100.0,25.0,1.0,37.0,9.0
197652000.0,,,,,,,,,,,,,,0.19006964564323425,,,,,,,,
197664000.0,,183.4,1027.0,,,,,,,,,,,,,,1.0,82.0,21.0,2.0,32.0,7.0
197731200.0,,107.2,559.0,,,,,,,,,,,,,,1.0,46.0,11.0,1.0,22.0,2.0
197736000.0,,,,0.00017089869652409106,-0.031158581376075745,2.781550101360608e-09,-0.026668956503272057,6.357828929992593e-09,0.572769820690155,1.946396878338419e-05,-0.002365013351663947,0.08741994947195053,0.4830060303211212,,0.00017810392902404263,,,,,,,
197760000.0,,191.79999999999995,2196.0,,,,,,,,,,,,,,-1.0,100.0,26.0,4.0,49.0,9.0
197978400.0,,180.4,1790.0,,,,,,,,,,,,,,-1.0,99.0,24.0,2.0,37.0,10.0
198026400.0,,117.2,602.0,,,,,,,,,,,,,,1.0,51.0,12.0,1.0,22.0,3.0
198055200.0,,,,,,,,,,,,,,0.12101326137781143,,,,,,,,
198120000.0,,,,0.00022636563517153263,-0.05743921920657158,3.5762788286319847e-09,-0.05080186948180199,-4.371007555903361e-09,0.9089961051940918,2.773695632640738e-05,-0.014874269254505634,0.14287979900836945,0.7512720823287964,,0.00017757512740348383,,,,,,,
198163200.0,,217.6,1270.0,,,,,,,,,,,,,,1.0,100.0,25.0,3.0,36.0,9.0
198175200.0,,,,,,,,,,,,,,,,1703.7244800446863,,,,,,
198249600.0,,,,,,,,,,,,,,,,1703.7529912462555,,,,,,
198266400.0,,169.39999999999998,1786.0,,,,,,,,,,,,,,-1.0,99.0,26.0,2.0,28.0,9.0
198297600.0,,,,0.00025553401792421937,-0.04733951762318611,-1.152356521316733e-08,-0.056514348834753036,2.9802322831784522e-09,0.6783846616744995,-1.8637261746334843e-05,-0.018154412508010864,0.08396954089403152,0.5762446522712708,,0.00017733095221794724,,,,,,,
198352800.0,,,,0.00020005754777230322,-0.05742776393890381,8.742015111806722e-09,-0.09518305957317352,9.934107980669182e-10,1.3151450157165527,-6.938721071492182e-06,0.028130054473876953,0.24080027639865875,1.1024699211120605,,0.00017725511109443055,,,,,,,
198453600.0,,,,,,,,,,,,,,,,1703.7383295658278,,,,,,
198472800.0,,,,0.0002331940777366981,-0.041570309549570084,3.9736430812453705e-10,-0.07748999446630478,7.549921576810448e-09,0.8739213943481445,-3.1019490052131005e-06,0.005126153584569693,0.19595985114574432,0.6830869317054749,,0.00017709032297909304,,,,,,,
198506400.0,,,,,,,,,,,,,,,,1703.7251514886516,,,,,,
198518400.0,,,,0.00021454195666592568,-0.036195557564496994,-3.973643192267673e-09,-0.02429983764886856,1.9868215961338365e-09,0.9691954255104065,2.4996992578962818e-05,-0.027423663064837456,0.15924477577209473,0.7825541496276855,,0.00017702773366939155,,,,,,,
198547200.0,,,,,,,,,,,,,,,,1703.7262590430744,,,,,,
198566400.0,,,,0.00027776663773693144,-0.0534764863550663,-2.98023217215615e-10,-0.07039084285497665,7.947286162490741e-10,1.0435805320739746,-2.4471608412568457e-05,0.01782955601811409,0.17745716869831085,0.8839312195777893,,0.000176961868162142,,,,,,,
198576000.0,,147.2,736.0,,,,,,,,,,,,,,1.0,63.0,15.0,1.0,33.0,4.0
198595200.0,,,,,,,,,,,,,,,,1703.744260430324,,,,,,
198626400.0,,,,,,,,,,,,,,,,1703.7732379174402,,,,,,
198650400.0,,147.2,770.0,,,,,,,,,,,,,,1.0,65.0,15.0,1.0,31.0,4.0
198696000.0,,187.39999999999998,1945.0,,,,,,,,,,,,,,-1.0,101.0,26.0,2.0,44.0,9.0
198712800.0,,175.39999999999998,1965.0,,,,,,,,,,,,,,-1.0,99.0,29.0,2.0,27.0,10.0
198796800.0,,,,0.0002308288967469707,-0.04549138993024826,1.5894572324981482e-09,-0.05644337460398674,-5.364418242947977e-09,0.6729893684387207,1.4142148756945971e-05,0.003027640050277114,0.11598490923643112,0.5600485801696777,,0.00017664597089962585,,,,,,,
198933600.0,,225.4,1527.0,,,,,,,,,,,,,,-1.0,99.0,26.0,2.0,80.0,10.0
199024800.0,,188.39999999999998,1961.0,,,,,,,,,,,,,,-1.0,99.0,26.0,2.0,47.0,9.0
199128000.0,,,,,,,,,,,,,,,,1704.0440018018928,,,,,,
199545600.0,,,,,,,,,,,,,,,,1704.253303616573,,,,,,
199574400.0,,,,,,,,,,,,,,,,1704.2678565730341,,,,,,
199636800.0,,164.2,964.0,,,,,,,,,,,,,,1.0,80.0,19.0,1.0,21.0,6.0
199663200.0,,,,0.0002242291229777038,-0.06877019256353378,-1.2715657859985185e-08,-0.08062218874692917,9.53674295089968e-09,0.8475464582443237,-8.591022378823254e-06,0.0047019305638968945,0.07203499972820282,0.7802070379257202,,0.000175461902738891,,,,,,,
199881600.0,,196.2,1096.0,,,,,,,,,,,,,,1.0,85.0,22.0,1.0,37.0,8.0
199903200.0,,,,0.00028500179178081453,-0.015193176455795765,2.1358331991905288e-08,-0.015051678754389286,-5.165735839085528e-09,1.0117038488388062,6.173583824420348e-05,0.025461357086896896,0.12464504688978195,0.9125847816467285,,0.00017513498711643419,,,,,,,
199922400.0,,188.4,2015.0,,,,,,,,,,,,,,-1.0,99.0,24.0,2.0,45.0,10.0
199992000.0,,,,,,,,,,,,,,,,1704.40172804282,,,,,,
200056800.0,,255.2,1843.0,,,,,,,,,,,,,,-1.0,99.0,27.0,1.0,105.0,11.0
200097600.0,,,,,,,,,,,,,,,,1698.5259748496524,,,,,,
200128800.0,,224.2,1068.0,,,,,,,,,,,,,,1.0,91.0,22.0,1.0,63.0,7.0
200176800.0,,159.2,820.0,,,,,,,,,,,,,,1.0,66.0,17.0,1.0,36.0,5.0
200188800.0,,218.2,1105.0,,,,,,,,,,,,,,1.0,85.0,22.0,1.0,59.0,8.0
200191200.0,,,,0.00025108808767981827,-0.04524374008178711,-1.5894572324981482e-09,-0.052913226187229156,-1.19209286886246e-09,0.8124898672103882,-6.063576620363165e-06,-0.0022649476304650307,0.09841211885213852,0.7118092775344849,,0.00017474331276329876,,,,,,,
200239200.0,,,,,,,,,,,,,,,,1698.5147080004572,,,,,,
200289600.0,,231.39999999999998,1441.0,,,,,,,,,,,,,,1.0,100.0,26.0,2.0,49.0,9.0
200294400.0,,213.39999999999998,1285.0,,,,,,,,,,,,,,1.0,100.0,26.0,2.0,31.0,9.0
200383200.0,,,,,,,,,,,,,,,,1698.5974956203395,,,,,,
200457600.0,,130.2,675.0,,,,,,,,,,,,,,1.0,56.0,14.0,1.0,24.0,4.0
200524800.0,,,,0.0002485157747287303,-0.03001752868294716,-2.6623409254966646e-08,-0.06456979364156723,0.0,0.8387284278869629,-6.052375101717189e-05,-0.0184621624648571,0.12573225796222687,0.6944760084152222,,0.00017429047921438363,,,,,,,
200632800.0,,,,0.0001629610633244738,-0.03774448484182358,-4.76837147544984e-09,-0.08646423369646072,-1.3311704627483323e-08,1.6462032794952393,2.0949888494214974e-05,0.033088020980358124,0.35618677735328674,1.3231271505355835,,0.00017414407614255447,,,,,,,
200700000.0,,,,0.00023905071429908276,-0.04612113535404205,-9.53674295089968e-09,-0.05406830459833145,1.19209286886246e-09,0.8877877593040466,-3.253222894272767e-05,0.0029771747067570686,0.12433692067861557,0.7663978934288025,,0.0001740530298548333,,,,,,,
200719200.0,,259.2,1826.0,,,,,,,,,,,,,,-1.0,99.0,29.0,1.0,111.0,10.0
200764800.0,,145.4,815.0,,,,,,,,,,,,,,1.0,69.0,16.0,2.0,20.0,5.0
200851200.0,,,,,,,,,,,,,,,,1698.8777520145384,,,,,,
201062400.0,,117.2,610.0,,,,,,,,,,,,,,1.0,53.0,12.0,1.0,20.0,3.0
201252000.0,,,,0.00020788836991414428,-0.055496737360954285,-7.947286162490741e-10,-0.09030292928218842,8.344650304081824e-09,0.8385770916938782,3.868364728987217e-06,0.002973172813653946,0.08863557130098343,0.7529206275939941,,0.0001733065770700888,,,,,,,
201316800.0,,,,0.0002698460011743009,-0.034500498324632645,-3.973643192267673e-09,-0.004594265017658472,2.086162576020456e-09,1.3469914197921753,-7.641554475412704e-06,-0.003278758144006133,0.16434498131275177,1.1793627738952637,,0.00017321911759880456,,,,,,,
201362400.0,,,,0.00023351723211817443,-0.02173389494419098,5.9604643443123e-10,-0.05652128905057907,-4.76837147544984e-09,1.4358850717544556,4.4151329348096624e-05,0.006234799977391958,0.23951072990894318,1.2026556730270386,,0.000173157593236618,,,,,,,
201434400.0,,,,,,,,,,,,,,0.12073841691017151,,,,,,,,
201504000.0,,,,,,,,,,,,,,,,1699.155157959161,,,,,,
201554400.0,,180.39999999999998,1678.0,,,,,,,,,,,,,,-1.0,100.0,30.0,2.0,30.0,10.0
201609600.0,,,,,,,,,,,,,,,,1699.200163517379,,,,,,
201674400.0,,220.60000000000002,1255.0,,,,,,,,,,,,,,1.0,99.0,25.0,3.0,40.0,9.0
201703200.0,,,,,,,,,,,,,,0.17416514456272125,,,,,,,,
201729600.0,,169.6,1650.0,,,,,,,,,,,,,,-1.0,100.0,27.0,3.0,26.0,9.0
201825600.0,,,,0.00019470363622531295,-0.07472595572471619,7.3512396170372085e-09,-0.09325433522462845,-8.940697071579962e-09,1.157770037651062,-4.486225952859968e-05,-0.02069433033466339,0.16959883272647858,0.9674339294433594,,0.00017253363065428546,,,,,,,
201957600.0,,,,,,,,,,,,,,,,1699.1881889378033,,,,,,
201967200.0,,151.2,815.0,,,,,,,,,,,,,,1.0,68.0,16.0,1.0,27.0,5.0
201976800.0,,195.39999999999998,2124.0,,,,,,,,,,,,,,-1.0,99.0,29.0,2.0,47.0,10.0
201998400.0,,228.39999999999998,1495.0,,,,,,,,,,,,,,1.0,100.0,28.0,2.0,36.0,11.0
202005600.0,,116.2,586.0,,,,,,,,,,,,,,1.0,47.0,12.0,1.0,25.0,3.0
202032000.0,,,,,,,,,,,,,,,,1699.241231451975,,,,,,
202034400.0,,187.4,1785.0,,,,,,,,,,,,,,-1.0,99.0,24.0,2.0,44.0,10.0
202108800.0,,134.2,887.0,,,,,,,,,,,,,,1.0,70.0,18.0,1.0,26.0,0.0
202152000.0,,187.2,885.0,,,,,,,,,,,,,,1.0,71.0,18.0,1.0,54.0,6.0
202329600.0,,,,,,,,,,,,,,,,1699.3729282186316,,,,,,
202512000.0,,,,0.00019620941020548344,-0.04607101529836655,5.9604645663569045e-09,-0.07051622867584229,-2.9802322831784522e-09,1.3545771837234497,-3.933913467335515e-05,-0.0029983033891767263,0.24345627427101135,1.1080851554870605,,0.00017161235817790858,,,,,,,
202521600.0,,,,0.0001771691022440791,-0.053442079573869705,2.4636587880877414e-08,-0.07596608996391296,-5.563100202721216e-09,0.7542627453804016,-8.903746675059665e-06,-0.01755446568131447,0.07082664966583252,0.6658745408058167,,0.00017159950185543227,,,,,,,
202569600.0,,150.2,805.0,,,,,,,,,,,,,,1.0,63.0,17.0,1.0,30.0,5.0
202572000.0,,,,,,,,,,,,,,,,1699.4718231788393,,,,,,
202612800.0,,,,0.00021074764663353562,-0.03808758035302162,1.668930060816365e-08,-0.06213003769516945,5.9604645663569045e-09,0.7683829665184021,1.727527705952525e-05,-0.006792385596781969,0.1182582750916481,0.643351674079895,,0.00017147740632885382,,,,,,,
202790400.0,,157.2,835.0,,,,,,,,,,,,,,1.0,67.0,17.0,1.0,33.0,5.0
202800000.0,,163.2,920.0,,,,,,,,,,,,,,1.0,70.0,19.0,1.0,34.0,5.0
202893600.0,,174.2,870.0,,,,,,,,,,,,,,1.0,69.0,18.0,1.0,43.0,6.0
202905600.0,,174.39999999999998,1928.0,,,,,,,,,,,,,,-1.0,99.0,26.0,2.0,33.0,9.0
202982400.0,,,,0.00020146057067904621,-0.030641919001936913,-1.9868215961338365e-09,-0.06451835483312607,-3.1789144649962964e-09,0.9473035931587219,5.079981747257989e-06,0.016149740666151047,0.10340893268585205,0.8600515127182007,,0.00017098333257532455,,,,,,,
203080800.0,,186.2,1705.0,,,,,,,,,,,,,,-1.0,99.0,28.0,1.0,39.0,10.0
203152800.0,,,,0.00024214151198975742,-0.03793497756123543,6.357828929992593e-09,-0.04337136074900627,-3.5762788286319847e-09,1.1096694469451904,-4.4672702642856166e-05,-0.0037438198924064636,0.14376530051231384,0.9621180295944214,,0.00017075594354373975,,,,,,,
203361600.0,,,,,,,,,,,,,,,,1699.6799927465856,,,,,,
203368800.0,,,,,,,,,,,,,,,,1699.6836960373014,,,,,,
203388000.0,,,,,,,,,,,,,,,,1699.6648124150024,,,,,,
203412000.0,,,,,,,,,,,,,,,,1699.6624402376415,,,,,,
203452800.0,,,,0.00018430408090353012,-0.07085253298282623,1.5894572324981482e-09,-0.0869952067732811,3.3775966468141405e-09,0.8813198208808899,2.4181696062441915e-05,0.00045911374036222696,0.13804097473621368,0.7437639832496643,,0.00017035622435936294,,,,,,,
203637600.0,,,,0.0002507446624804288,-0.016426561400294304,1.19209286886246e-09,-0.046395957469940186,-5.364418242947977e-09,0.9613085985183716,2.677138036233373e-05,0.0029640670400112867,0.12020768970251083,0.8440942764282227,,0.00017011038833081868,,,,,,,
203721600.0,,,,0.00020034756744280457,-0.034859683364629745,-4.76837147544984e-09,-0.07017247378826141,6.556510889765832e-09,0.723159670829773,1.9832426914945245e-05,0.006390783470124006,0.11572083830833435,0.6138514280319214,,0.000169998743532942,,,,,,,
203798400.0,,,,0.00020126361050643027,-0.022959664463996887,-1.0331471678171056e-08,-0.04421550780534744,8.742015111806722e-09,0.8970389366149902,-4.7491546865785494e-05,-0.0030966317281126976,0.1269950419664383,0.7669017910957336,,0.00016989672245856278,,,,,,,
203810400.0,,,,,,,,,,,,,,,,1699.9644601998543,,,,,,
203961600.0,,179.2,1046.0,,,,,,,,,,,,,,1.0,85.0,21.0,1.0,25.0,7.0
203985600.0,,,,0.00023397494805976748,-0.017275309190154076,1.5894572324981482e-09,-0.04331284761428833,-1.19209286886246e-09,0.832267701625824,-3.244095933041535e-05,0.0007852184935472906,0.10042063891887665,0.7326021790504456,,0.0001696482632858939,,,,,,,
204112800.0,,,,0.00022658801754005253,-0.02512114681303501,1.2914339819758425e-08,-0.043533045798540115,5.9604643443123e-10,0.8919419050216675,9.079588380700443e-06,0.02290520817041397,0.11996419727802277,0.794894278049469,,0.00016947961459964705,,,,,,,
204184800.0,,102.0,615.0,,,,,,,,,,,,,,1.0,48.0,13.0,0.0,21.0,0.0
204216000.0,,137.2,736.0,,,,,,,,,,,,,,1.0,58.0,15.0,1.0,28.0,4.0
204244800.0,,226.2,1595.0,,,,,,,,,,,,,,1.0,100.0,45.0,1.0,61.0,0.0
204439200.0,,,,0.0002550154458731413,-0.04173867776989937,1.9868215517249155e-08,-0.06253700703382492,3.1789144649962964e-09,0.8254506587982178,4.5450851757777855e-05,0.0024450381752103567,0.15896321833133698,0.6689804792404175,,0.0001690475100871122,,,,,,,
204508800.0,,207.39999999999998,1200.0,,,,,,,,,,,,,,1.0,96.0,24.0,2.0,35.0,8.0
204609600.0,,,,0.00019982513913419098,-0.03878345340490341,-8.742015111806722e-09,-0.04636838659644127,-1.2715657859985185e-08,1.0874937772750854,2.88033188553527e-05,-0.015394995920360088,0.2125028669834137,0.8596267700195312,,0.00016882230155253533,,,,,,,
204660000.0,,,,,,,,,,,,,,,,1700.5590284637196,,,,,,
204688800.0,,135.2,724.0,,,,,,,,,,,,,,1.0,62.0,15.0,1.0,22.0,4.0
204700800.0,,,,0.00024972783285193145,-0.03149677440524101,-1.9868215961338365e-09,-0.037437811493873596,-1.390775050680304e-08,1.2010005712509155,-1.5395955415442586e-05,-0.003380386857315898,0.12596732378005981,1.071639895439148,,0.00016870187355479225,,,,,,,
204849600.0,,,,,,,,,,,,,,,,1700.681044427972,,,,,,
204888000.0,,118.2,655.0,,,,,,,,,,,,,,1.0,51.0,14.0,1.0,21.0,3.0
204892800.0,,87.2,465.0,,,,,,,,,,,,,,1.0,35.0,10.0,1.0,18.0,1.0
204957600.0,,86.2,467.0,,,,,,,,,,,,,,1.0,34.0,10.0,1.0,18.0,1.0
205027200.0,,,,,,,,,,,,,,,,1696.8149135249264,,,,,,
205248000.0,,,,0.00022560468642041087,-0.04206093028187752,6.556510889765832e-09,-0.048887405544519424,-1.7881394143159923e-09,0.9166315793991089,7.324494072236121e-05,-0.003236482385545969,0.10145646333694458,0.8120141625404358,,0.00016798086661642194,,,,,,,
205274400.0,,,,,,,,,,,,,,0.151438370347023,,,,,,,,
205281600.0,,162.2,885.0,,,,,,,,,,,,,,1.0,67.0,18.0,1.0,37.0,5.0
205305600.0,,112.2,585.0,,,,,,,,,,,,,,1.0,44.0,12.0,1.0,24.0,3.0
205394400.0,,81.2,430.0,,,,,,,,,,,,,,1.0,31.0,9.0,1.0,17.0,1.0
205404000.0,,299.2,1760.0,,,,,,,,,,,,,,1.0,100.0,28.0,1.0,111.0,10.0
205473600.0,,,,0.00024518746067769825,-0.055218715220689774,-8.344650304081824e-09,-0.0743265300989151,-5.165735839085528e-09,1.0128809213638306,1.33136845761328e-05,0.012491310015320778,0.12200948596000671,0.9033785462379456,,0.00016768439207930425,,,,,,,
205596000.0,,,,,,,,,,,,,,,,1697.163770784607,,,,,,
205608000.0,,162.2,936.0,,,,,,,,,,,,,,1.0,73.0,19.0,1.0,26.0,6.0
205660800.0,,184.4,1115.0,,,,,,,,,,,,,,1.0,87.0,23.0,2.0,26.0,7.0
205768800.0,,,,,,,,,,,,,,,,1697.2573233858445,,,,,,
205836000.0,,,,0.0001724312751321122,-0.03086186572909355,5.165735839085528e-09,-0.0691356435418129,5.364418242947977e-09,1.125180959701538,-1.2278496797080152e-05,-0.0066402023658156395,0.12704546749591827,0.9914847016334534,,0.00016720910290623776,,,,,,,
205908000.0,,103.2,535.0,,,,,,,,,,,,,,1.0,44.0,11.0,1.0,20.0,2.0
206047200.0,,153.2,790.0,,,,,,,,,,,,,,1.0,66.0,16.0,1.0,31.0,5.0
206212800.0,,93.2,497.0,,,,,,,,,,,,,,1.0,39.0,10.0,1.0,16.0,2.0
206244000.0,,236.4,1477.0,,,,,,,,,,,,,,1.0,100.0,24.0,2.0,52.0,10.0
206275200.0,,119.2,635.0,,,,,,,,,,,,,,1.0,53.0,13.0,1.0,21.0,3.0
206277600.0,,179.39999999999998,2115.0,,,,,,,,,,,,,,-1.0,99.0,26.0,2.0,38.0,9.0
206383200.0,,,,,,,,,,,,,,,,1697.5834011350537,,,,,,
206395200.0,,,,0.000244770257268101,-0.051706746220588684,1.390775050680304e-09,-0.09864518791437149,-7.549921576810448e-09,1.2529487609863281,-4.245517629897222e-05,-0.03648107498884201,0.1817537546157837,1.0346739292144775,,0.00016647805158250632,,,,,,,
206527200.0,,173.2,936.0,,,,,,,,,,,,,,1.0,71.0,19.0,1.0,39.0,6.0
206632800.0,,,,,,,,,,,,,,,,1697.7272658403817,,,,,,
206719200.0,,,,0.0002491153427399695,-0.07698080688714981,5.165735839085528e-09,-0.09683812409639359,-2.582867919542764e-09,0.9001879692077637,2.3473949113395065e-05,-0.018924541771411896,0.17075371742248535,0.7105357050895691,,0.00016605578994982368,,,,,,,
206851200.0,,,,0.0001756638230290264,-0.06702329218387604,3.1789144649962964e-09,-0.09090209752321243,5.563100202721216e-09,1.1845811605453491,-9.310553650720976e-06,0.01445250865072012,0.24737055599689484,0.9516555070877075,,0.00016588403420674376,,,,,,,
206961600.0,,165.2,895.0,,,,,,,,,,,,,,1.0,75.0,18.0,1.0,28.0,6.0
206976000.0,,262.2,1288.0,,,,,,,,,,,,,,1.0,100.0,26.0,1.0,76.0,10.0
207064800.0,,183.2,1959.0,,,,,,,,,,,,,,-1.0,100.0,29.0,1.0,34.0,10.0
207290400.0,,138.2,735.0,,,,,,,,,,,,,,1.0,63.0,15.0,1.0,24.0,4.0
207355200.0,,,,0.00018711117445491254,-0.06409761309623718,1.1126200405442432e-08,-0.11979523301124573,-1.8278758062706402e-08,0.8641870021820068,2.5524916054564528e-05,0.02474321983754635,0.16822130978107452,0.7207363247871399,,0.00016522972078771603,,,,,,,
207405600.0,,114.2,583.0,,,,,,,,,,,,,,1.0,49.0,12.0,1.0,21.0,3.0
207417600.0,,,,0.00015979893214534968,-0.09610379487276077,-8.742015111806722e-09,-0.09545838832855225,-3.5762788286319847e-09,0.7426905632019043,-8.381271982216276e-06,-0.026606068015098572,0.12992750108242035,0.5861502289772034,,0.00016514887446260137,,,,,,,
207554400.0,,113.2,585.0,,,,,,,,,,,,,,1.0,50.0,12.0,1.0,19.0,3.0
207571200.0,,151.2,785.0,,,,,,,,,,,,,,1.0,67.0,16.0,1.0,32.0,4.0
207681600.0,,149.2,770.0,,,,,,,,,,,,,,1.0,64.0,15.0,1.0,34.0,4.0
207703200.0,,,,,,,,,,,,,,,,1698.3428768172719,,,,,,
207722400.0,,241.39999999999998,1515.0,,,,,,,,,,,,,,1.0,102.0,28.0,2.0,47.0,11.0
207756000.0,,295.2,1452.0,,,,,,,,,,,,,,1.0,100.0,27.0,1.0,104.0,11.0
207801600.0,,,,0.00017365135136060417,-0.032957978546619415,-8.940697071579962e-09,-0.08504818379878998,-3.1789144649962964e-09,0.9603147506713867,1.0469932931300718e-05,0.020921621471643448,0.12396072596311569,0.8572878241539001,,0.00016465215743751566,,,,,,,
207825600.0,,,,0.0002351980219827965,-0.03858691453933716,5.9604645663569045e-09,-0.045988962054252625,-3.1789144649962964e-09,1.2171194553375244,2.6925212296191603e-05,0.01416910719126463,0.13402163982391357,1.0972962379455566,,0.00016462115836397422,,,,,,,
207835200.0,,231.2,1420.0,,,,,,,,,,,,,,1.0,100.0,28.0,1.0,43.0,10.0
208015200.0,,,,,,,,,,,,,,,,1698.6384196257761,,,,,,
208152000.0,,222.59999999999997,1416.0,,,,,,,,,,,,,,1.0,100.0,26.0,3.0,40.0,9.0
208236000.0,,93.2,770.0,,,,,,,,,,,,,,1.0,25.0,7.0,1.0,33.0,2.0
208286400.0,,227.39999999999998,1375.0,,,,,,,,,,,,,,1.0,99.0,26.0,2.0,46.0,9.0
208444800.0,,172.2,801.0,,,,,,,,,,,,,,1.0,67.0,16.0,1.0,49.0,5.0
208466400.0,,,,0.0002144075115211308,-0.04803934320807457,3.9736430812453705e-10,-0.06521174311637878,-5.364418242947977e-09,0.8065168857574463,6.10639326623641e-05,0.01752888411283493,0.11111433804035187,0.7129946351051331,,0.000163795483598045,,,,,,,
208557600.0,,,,,,,,,,,,,,,,1699.177009775911,,,,,,
208572000.0,,157.2,1241.0,,,,,,,,,,,,,,-1.0,81.0,20.0,1.0,52.0,6.0
208756800.0,,,,,,,,,,,,,,,,1699.3602859169473,,,,,,
208843200.0,,,,0.0002267828385811299,-0.08008527010679245,-7.947286162490741e-10,-0.10859508812427521,8.742015111806722e-09,1.0829252004623413,1.9942259314120747e-05,-0.011395080015063286,0.11004292964935303,0.9615094065666199,,0.00016331178444585102,,,,,,,
208860000.0,,149.4,740.0,,,,,,,,,,,,,,1.0,62.0,15.0,2.0,36.0,4.0
208888800.0,,146.2,740.0,,,,,,,,,,,,,,1.0,62.0,15.0,1.0,33.0,4.0
208915200.0,,,,,,,,,,,,,,,,1699.5601748378672,,,,,,
208922400.0,,,,,,,,,,,,,,0.15174701809883118,,,,,,,,
208992000.0,,,,,,,,,,,,,,,,1699.668346186193,,,,,,
209150400.0,,,,,,,,,,,,,,,,1699.7897122358727,,,,,,
209263200.0,,,,,,,,,,,,,,,,1699.9085751944617,,,,,,
209299200.0,,198.2,1915.0,,,,,,,,,,,,,,-1.0,100.0,29.0,1.0,49.0,10.0
209308800.0,,,,0.00018579921743366867,-0.019769223406910896,7.947286384535346e-09,-0.0031124595552682877,1.7881394143159923e-09,1.042792558670044,1.909388265630696e-05,-0.01829211600124836,0.07002677768468857,0.9544946551322937,,0.00016271595762490392,,,,,,,
209354400.0,,,,,,,,,,,,,,,,1700.0069175685442,,,,,,
209366400.0,,,,,,,,,,,,,,,,1700.0138810281378,,,,,,
209376000.0,,,,0.00025895852013491094,-0.05910119414329529,-3.1789144649962964e-09,-0.08356612175703049,2.1855037779516806e-09,1.239249348640442,3.586443199310452e-05,0.0006703344988636672,0.15505869686603546,1.0848994255065918,,0.00016263013302244032,,,,,,,
209390400.0,,176.39999999999998,1785.0,,,,,,,,,,,,,,-1.0,99.0,26.0,2.0,35.0,9.0
209402400.0,,,,,,,,,,,,,,0.12149841338396072,,,,,,,,
209673600.0,,147.2,770.0,,,,,,,,,,,,,,1.0,64.0,15.0,1.0,32.0,4.0
209683200.0,,,,,,,,,,,,,,,,1700.269848571601,,,,,,
209702400.0,,128.2,690.0,,,,,,,,,,,,,,1.0,55.0,14.0,1.0,23.0,4.0
209714400.0,,235.2,1412.0,,,,,,,,,,,,,,1.0,98.0,28.0,1.0,49.0,10.0
209733600.0,,,,0.00022831618844065815,-0.04072551429271698,-4.76837147544984e-09,-0.041753415018320084,-6.755193293628281e-09,0.9907910823822021,-4.950317361362977e-06,-0.005757257342338562,0.11439921706914902,0.8706319332122803,,0.00016217415229061367,,,,,,,
209786400.0,,,,0.0001896391622722149,-0.06590310484170914,3.5762788286319847e-09,-0.07026026397943497,-9.934107980669182e-10,0.8884053826332092,3.5838256735587493e-06,0.004552294034510851,0.07807619869709015,0.8148869872093201,,0.00016210693047231212,,,,,,,
209805600.0,,118.2,621.0,,,,,,,,,,,,,,1.0,52.0,12.0,1.0,22.0,3.0
209820000.0,,222.39999999999998,4000.0,,,,,,,,,,,,,,0.0,99.0,29.0,2.0,54.0,10.0
209904000.0,,,,,,,,,,,,,,,,1700.491162850389,,,,,,
209935200.0,,,,,,,,,,,,,,,,1700.5457411815466,,,,,,
210064800.0,,,,,,,,,,,,,,,,1696.3457017225471,,,,,,
210112800.0,,266.2,2000.0,,,,,,,,,,,,,,-1.0,99.0,29.0,1.0,118.0,10.0
210288000.0,,,,,,,,,,,,,,,,1696.426281016322,,,,,,
210328800.0,,,,,,,,,,,,,,,,1696.4110467748108,,,,,,
210429600.0,,115.2,630.0,,,,,,,,,,,,,,1.0,51.0,13.0,1.0,19.0,3.0
210446400.0,,177.4,971.0,,,,,,,,,,,,,,1.0,82.0,20.0,2.0,27.0,7.0
210460800.0,,,,,,,,,,,,,,,,1696.4556366734662,,,,,,
210530400.0,,186.39999999999998,1091.0,,,,,,,,,,,,,,1.0,84.0,21.0,2.0,33.0,7.0
210544800.0,,188.2,942.0,,,,,,,,,,,,,,1.0,80.0,19.0,1.0,45.0,6.0
210614400.0,,206.39999999999998,1100.0,,,,,,,,,,,,,,1.0,93.0,22.0,2.0,39.0,8.0
210674400.0,,,,,,,,,,,,,,,,1696.6431710139252,,,,,,
210684000.0,,141.2,762.0,,,,,,,,,,,,,,1.0,65.0,15.0,1.0,25.0,4.0
210696000.0,,,,,,,,,,,,,,,,1696.6855749883218,,,,,,
210720000.0,,152.2,779.0,,,,,,,,,,,,,,1.0,58.0,16.0,1.0,38.0,5.0
210751200.0,,,,,,,,,,,,,,,,1696.731178634776,,,,,,
210794400.0,,,,0.00021754360932391137,-0.012797246687114239,7.947286162490741e-10,-0.004815998952835798,1.0132789718397817e-08,0.8823514580726624,3.1870540624368005e-06,0.020949991419911385,0.09418803453445435,0.8091187477111816,,0.0001608287817537863,,,,,,,
210835200.0,,196.2,2176.0,,,,,,,,,,,,,,-1.0,100.0,30.0,1.0,46.0,10.0
211027200.0,,216.2,1020.0,,,,,,,,,,,,,,1.0,79.0,20.0,1.0,69.0,7.0
211034400.0,,,,,,,,,,,,,,,,1696.9930885139224,,,,,,
211233600.0,,,,0.0002655410789884627,-0.04085991531610489,5.761782606583665e-09,-0.0708913803100586,2.9802322831784522e-09,0.9539797306060791,-3.525232750689611e-05,-0.024645494297146797,0.09692782908678055,0.832373857498169,,0.00016027497345659565,,,,,,,
211245600.0,,,,,,,,,,,,,,0.1172991693019867,,,,,,,,
211255200.0,,198.2,1096.0,,,,,,,,,,,,,,1.0,92.0,22.0,1.0,32.0,8.0
211260000.0,,150.2,765.0,,,,,,,,,,,,,,1.0,62.0,16.0,1.0,36.0,4.0
211348800.0,,136.2,730.0,,,,,,,,,,,,,,1.0,62.0,15.0,1.0,23.0,4.0
211564800.0,,133.2,686.0,,,,,,,,,,,,,,1.0,59.0,14.0,1.0,24.0,4.0
211687200.0,,,,0.0002552182995714247,-0.054360173642635345,2.33451524778161e-09,-0.06429484486579895,-1.152356521316733e-08,1.0168731212615967,-1.3165927157388069e-05,-0.03711223602294922,0.10008809715509415,0.8796620965003967,,0.00015970500000199732,,,,,,,
211840800.0,,157.2,785.0,,,,,,,,,,,,,,1.0,67.0,16.0,1.0,34.0,5.0
211850400.0,,,,0.0002730162814259529,-0.04323235899209976,-7.947286384535346e-09,-0.08972080796957016,-5.662441182607836e-09,0.9156653881072998,4.379158417577855e-05,-0.0010978999780490994,0.15090732276439667,0.7637066841125488,,0.00015950042789086925,,,,,,,
212241600.0,,161.2,915.0,,,,,,,,,,,,,,1.0,78.0,18.0,1.0,21.0,6.0
212294400.0,,145.2,766.0,,,,,,,,,,,,,,1.0,65.0,15.0,1.0,29.0,4.0
212409600.0,,191.2,986.0,,,,,,,,,,,,,,1.0,83.0,20.0,1.0,40.0,7.0
212536800.0,,138.2,735.0,,,,,,,,,,,,,,1.0,63.0,15.0,1.0,24.0,4.0
212536800.0,,117.2,605.0,,,,,,,,,,,,,,1.0,52.0,12.0,1.0,21.0,3.0
212575200.0,,,,0.00026456161867827177,-0.054023630917072296,0.0,-0.09402139484882355,-3.5762788286319847e-09,1.0993934869766235,-1.4611037840950303e-05,-0.014172465540468693,0.09944824874401093,0.9857607483863831,,0.00015859508908691602,,,,,,,
212592000.0,,,,,,,,,,,,,,,,1698.8513675459737,,,,,,
212613600.0,,220.39999999999998,1291.0,,,,,,,,,,,,,,1.0,100.0,26.0,2.0,38.0,9.0
212736000.0,,,,0.00022996385814622045,-0.05297151580452919,-1.9868215961338365e-09,-0.10119526833295822,-7.152557657263969e-09,0.8509260416030884,-2.086525273625739e-05,0.026326095685362816,0.07919816672801971,0.7980354428291321,,0.00015839494765276877,,,,,,,
212776800.0,,160.2,837.0,,,,,,,,,,,,,,1.0,69.0,17.0,1.0,34.0,5.0
212817600.0,,,,,,,,,,,,,,,,1699.0142237051311,,,,,,
212918400.0,,216.2,1051.0,,,,,,,,,,,,,,1.0,87.0,21.0,1.0,60.0,7.0
212935200.0,,,,,,,,,,,,,,0.1342920958995819,,,,,,,,
212942400.0,,,,0.0002625634951982647,-0.053320325911045074,-8.940697071579962e-09,-0.08536861836910248,-1.390775050680304e-09,1.0119599103927612,-4.269705095794052e-05,0.007323652971535921,0.13845843076705933,0.8807850480079651,,0.00015813843045006575,,,,,,,
212947200.0,,,,,,,,,,,,,,,,1699.1491480410718,,,,,,
212966400.0,,184.2,896.0,,,,,,,,,,,,,,1.0,72.0,18.0,1.0,50.0,6.0
212978400.0,,,,0.00024642469361424446,-0.030683912336826324,-2.38418573772492e-09,-0.0528692752122879,-5.9604645663569045e-09,1.336243748664856,9.00325903785415e-06,0.022064577788114548,0.0718853622674942,1.286434531211853,,0.00015809373299751692,,,,,,,
213168000.0,,248.2,1943.0,,,,,,,,,,,,,,-1.0,99.0,29.0,1.0,100.0,10.0
213175200.0,,,,0.0002544047893024981,-0.043082963675260544,-5.662441182607836e-09,-0.06869740784168243,1.4901161415892261e-09,0.8510900735855103,-5.2026436605956405e-05,0.01855134218931198,0.1142524778842926,0.755339503288269,,0.00015784961796754356,,,,,,,
213268800.0,,172.2,1970.0,,,,,,,,,,,,,,-1.0,99.0,29.0,1.0,24.0,10.0
213278400.0,,,,,,,,,,,,,,,,1699.5961584892432,,,,,,
213295200.0,,,,0.00021979422308504581,-0.05698385834693909,-1.3510386587256562e-08,-0.07265281677246094,3.9736430812453705e-10,0.9789012670516968,2.357262019359041e-05,0.01570146344602108,0.14482365548610687,0.8498048186302185,,0.00015770095935714745,,,,,,,
213328800.0,,,,,,,,,,,,,,,,1699.6408176458674,,,,,,
213427200.0,,,,,,,,,,,,,,,,1699.7696783518802,,,,,,
213451200.0,,112.2,555.0,,,,,,,,,,,,,,1.0,48.0,11.0,1.0,25.0,2.0
213609600.0,,,,0.00025665544671937823,-0.023915883153676987,-7.947286162490741e-10,-0.057493846863508224,-1.19209286886246e-09,0.8463590741157532,3.335320798214525e-05,-0.018135415390133858,0.1105666235089302,0.7176929712295532,,0.00015731216558722996,,,,,,,
213640800.0,,194.2,956.0,,,,,,,,,,,,,,1.0,80.0,19.0,1.0,51.0,6.0
213669600.0,,244.2,1799.0,,,,,,,,,,,,,,-1.0,100.0,29.0,1.0,95.0,10.0
213715200.0,,110.2,615.0,,,,,,,,,,,,,,1.0,50.0,13.0,1.0,19.0,2.0
213772800.0,,,,,,,,,,,,,,,,1700.1937454506274,,,,,,
213808800.0,,,,,,,,,,,,,,,,1700.236353731287,,,,,,
213880800.0,,178.2,1986.0,,,,,,,,,,,,,,-1.0,99.0,29.0,1.0,30.0,10.0
213895200.0,,198.39999999999998,1166.0,,,,,,,,,,,,,,1.0,96.0,23.0,2.0,27.0,8.0
213900000.0,,94.2,500.0,,,,,,,,,,,,,,1.0,39.0,10.0,1.0,17.0,2.0
213936000.0,,202.2,1045.0,,,,,,,,,,,,,,1.0,87.0,21.0,1.0,46.0,7.0
214075200.0,,,,0.00018451071809977293,-0.04957253858447075,2.6822091214739885e-09,-0.07398027926683426,-5.165735839085528e-09,0.8963423371315002,4.3398973502917215e-05,-0.021522674709558487,0.13205300271511078,0.742811918258667,,0.0001567382415822765,,,,,,,
214212000.0,,,,0.000251977879088372,-0.043439362198114395,4.76837147544984e-09,-0.048361409455537796,-6.357828929992593e-09,0.9346597790718079,1.1423702744650654e-05,0.006066307425498962,0.13977348804473877,0.8009665012359619,,0.00015657003522339804,,,,,,,
214291200.0,,,,,,,,,,,,,,,,1700.7471732438382,,,,,,
214336800.0,,120.2,635.0,,,,,,,,,,,,,,1.0,54.0,13.0,1.0,21.0,3.0
214368000.0,,,,0.0002347452682442963,-0.07228603214025497,-1.6887983234070703e-09,-0.12161120027303696,-9.53674295089968e-09,2.020808458328247,2.345803841308225e-05,-0.009743563830852509,0.6449664831161499,1.3661242723464966,,0.00015637845497050966,,,,,,,
214370400.0,,124.2,670.0,,,,,,,,,,,,,,1.0,54.0,13.0,1.0,25.0,3.0
214389600.0,,206.2,996.0,,,,,,,,,,,,,,1.0,79.0,20.0,1.0,59.0,7.0
214466400.0,,144.2,740.0,,,,,,,,,,,,,,1.0,62.0,15.0,1.0,31.0,4.0
214521600.0,,,,0.0002546730684116483,-0.05501936748623848,7.549921576810448e-09,-0.06532824039459229,5.364418242947977e-09,0.7676472663879395,3.9611895772395656e-05,-0.027025369927287102,0.08509761095046997,0.6555664539337158,,0.000156190066218933,,,,,,,
214608000.0,,,,,,,,,,,,,,,,1700.9617427159678,,,,,,
214845600.0,,,,,,,,,,,,,,,,1701.1808402413121,,,,,,
214888800.0,,177.2,999.0,,,,,,,,,,,,,,1.0,82.0,20.0,1.0,27.0,7.0
214924800.0,,,,,,,,,,,,,,,,1701.2569505140366,,,,,,
215042400.0,,,,,,,,,,,,,,,,1697.5828736321523,,,,,,
215047200.0,,228.2,1692.0,,,,,,,,,,,,,,1.0,100.0,29.0,1.0,39.0,10.0
215071200.0,,184.4,1976.0,,,,,,,,,,,,,,-1.0,100.0,24.0,2.0,40.0,10.0
215085600.0,,150.2,801.0,,,,,,,,,,,,,,1.0,68.0,16.0,1.0,26.0,5.0
215107200.0,,281.2,1405.0,,,,,,,,,,,,,,1.0,97.0,28.0,1.0,100.0,9.0
215112000.0,,,,0.00019440102914813906,-0.04598572105169296,1.9868215961338365e-09,-0.09175944328308105,5.9604645663569045e-09,0.7344484329223633,-6.777504495403264e-06,0.017143290489912033,0.09499245882034302,0.656594455242157,,0.00015546821065909224,,,,,,,
215152800.0,,154.2,795.0,,,,,,,,,,,,,,1.0,67.0,16.0,1.0,31.0,5.0
215162400.0,,,,,,,,,,,,,,0.11389929801225662,,,,,,,,
215335200.0,,150.2,852.0,,,,,,,,,,,,,,1.0,70.0,17.0,1.0,23.0,5.0
215344800.0,,135.2,736.0,,,,,,,,,,,,,,1.0,64.0,15.0,1.0,20.0,4.0
215354400.0,,121.2,645.0,,,,,,,,,,,,,,1.0,55.0,13.0,1.0,21.0,3.0
215361600.0,,,,0.00020701285393442959,-0.06869436055421829,6.357828929992593e-09,-0.08714302629232407,-1.1920929132713809e-08,0.7984824776649475,-1.1353175978001673e-05,-0.009306651540100574,0.05804070457816124,0.7311258912086487,,0.00015516412110384373,,,,,,,
215368800.0,,154.2,785.0,,,,,,,,,,,,,,1.0,65.0,16.0,1.0,33.0,5.0
215512800.0,,221.2,1020.0,,,,,,,,,,,,,,1.0,85.0,20.0,1.0,68.0,7.0
215582400.0,,,,0.0001954672479769215,-0.0316641628742218,7.3512396170372085e-09,-0.04749158397316933,3.973643192267673e-09,1.688092827796936,-2.772238804027438e-05,0.004430105444043875,0.14701500535011292,1.5454821586608887,,0.00015489565882835607,,,,,,,
215582400.0,,,,,,,,,,,,,,,,1698.0224254524016,,,,,,
215644800.0,,,,,,,,,,,,,,,,1698.0937741638184,,,,,,
215659200.0,,149.2,765.0,,,,,,,,,,,,,,1.0,65.0,15.0,1.0,33.0,4.0
215661600.0,,,,,,,,,,,,,,,,1698.122164845941,,,,,,
215805600.0,,231.2,1086.0,,,,,,,,,,,,,,1.0,92.0,22.0,1.0,65.0,8.0
215808000.0,,140.2,740.0,,,,,,,,,,,,,,1.0,61.0,15.0,1.0,28.0,4.0
215848800.0,,,,0.00019815840641967952,-0.05230855569243431,3.9736430812453705e-10,-0.07717281579971313,-3.5762788286319847e-09,1.01081383228302,3.990969344158657e-05,0.01352076604962349,0.07712665945291519,0.9472498893737793,,0.00015457243020147162,,,,,,,
215930400.0,,99.2,526.0,,,,,,,,,,,,,,1.0,43.0,11.0,1.0,17.0,2.0
216012000.0,,241.2,1485.0,,,,,,,,,,,,,,1.0,100.0,29.0,1.0,52.0,10.0
216016800.0,,161.2,911.0,,,,,,,,,,,,,,1.0,75.0,18.0,1.0,24.0,6.0
216062400.0,,,,0.00021382913109846413,-0.03345237299799919,-9.53674295089968e-09,-0.06280715763568878,7.152557657263969e-09,1.3745146989822388,2.3271308236871846e-05,0.007803787011653185,0.1788272112607956,1.2035167217254639,,0.000154313801253552,,,,,,,
216110400.0,,,,0.00022228933812584728,-0.05670805647969246,1.5894572324981482e-09,-0.062048785388469696,-2.582867919542764e-09,0.7838283777236938,2.3022405002848245e-05,-0.005046375561505556,0.09668011218309402,0.6821271181106567,,0.00015425574822314615,,,,,,,
216177600.0,,,,,,,,,,,,,,,,1698.6389379423372,,,,,,
216302400.0,,141.2,735.0,,,,,,,,,,,,,,1.0,61.0,15.0,1.0,29.0,4.0
216403200.0,,142.2,756.0,,,,,,,,,,,,,,1.0,64.0,15.0,1.0,27.0,4.0
216472800.0,,138.2,719.0,,,,,,,,,,,,,,1.0,60.0,14.0,1.0,28.0,4.0
216511200.0,,127.2,691.0,,,,,,,,,,,,,,1.0,54.0,14.0,1.0,23.0,4.0
216542400.0,,137.2,720.0,,,,,,,,,,,,,,1.0,58.0,15.0,1.0,32.0,3.0
216734400.0,,,,,,,,,,,,,,,,1698.9674253523497,,,,,,
216883200.0,,,,,,,,,,,,,,,,1699.1779836770415,,,,,,
216904800.0,,120.2,627.0,,,,,,,,,,,,,,1.0,52.0,13.0,1.0,23.0,3.0
216909600.0,,147.2,831.0,,,,,,,,,,,,,,1.0,67.0,17.0,1.0,23.0,5.0
217005600.0,,,,,,,,,,,,,,0.10476706922054291,,,,,,,,
217017600.0,,201.2,936.0,,,,,,,,,,,,,,1.0,75.0,19.0,1.0,63.0,6.0
217032000.0,,,,,,,,,,,,,,,,1699.2789846930366,,,,,,
217084800.0,,224.4,1295.0,,,,,,,,,,,,,,1.0,99.0,23.0,2.0,42.0,10.0
217128000.0,,117.2,585.0,,,,,,,,,,,,,,1.0,50.0,12.0,1.0,23.0,3.0
217132800.0,,280.2,1406.0,,,,,,,,,,,,,,1.0,101.0,28.0,1.0,91.0,10.0
217161600.0,,,,0.00016926837270148098,-0.05695151165127754,1.5894572324981482e-09,-0.05904097855091095,0.0,0.6233420372009277,-1.63690538101946e-06,-0.013316270895302296,0.06600545346736908,0.5440203547477722,,0.0001529904784113584,,,,,,,
217180800.0,,182.39999999999998,2095.0,,,,,,,,,,,,,,-1.0,100.0,27.0,2.0,31.0,11.0
217183200.0,,117.2,655.0,,,,,,,,,,,,,,1.0,50.0,13.0,1.0,22.0,3.0
217236000.0,,181.2,820.0,,,,,,,,,,,,,,1.0,68.0,16.0,1.0,57.0,5.0
217312800.0,,,,,,,,,,,,,,,,1699.4646198368348,,,,,,
217413600.0,,,,0.00020094636420253664,-0.05572102963924408,-6.755193293628281e-09,-0.03810511529445648,-1.4702479234074417e-08,0.8840333819389343,-3.1165200198302045e-05,-0.019334826618433,0.08488332480192184,0.7797861099243164,,0.0001526889013845401,,,,,,,
217437600.0,,240.2,2007.0,,,,,,,,,,,,,,1.0,100.0,29.0,1.0,51.0,10.0
217452000.0,,121.2,636.0,,,,,,,,,,,,,,1.0,55.0,13.0,1.0,21.0,3.0
217461600.0,,,,0.0002634239790495485,-0.047479547560214996,-7.947286384535346e-09,-0.06517202407121658,-3.874302212381053e-09,1.4052631855010986,-4.402797458169516e-06,-0.011618264950811863,0.20286135375499725,1.190781831741333,,0.00015263153491088132,,,,,,,
217490400.0,,,,0.000210853511816822,-0.05834193527698517,8.742015111806722e-09,-0.09035509824752808,4.76837147544984e-09,1.0539741516113281,4.327540864323964e-06,0.00581255741417408,0.12668217718601227,0.9331110715866089,,0.0001525971268343818,,,,,,,
217519200.0,,157.2,835.0,,,,,,,,,,,,,,1.0,66.0,17.0,1.0,34.0,5.0
217543200.0,,112.2,575.0,,,,,,,,,,,,,,1.0,47.0,12.0,1.0,21.0,3.0
217632000.0,,183.2,996.0,,,,,,,,,,,,,,1.0,76.0,20.0,1.0,43.0,6.0
217701600.0,,141.2,771.0,,,,,,,,,,,,,,1.0,60.0,16.0,1.0,29.0,4.0
217759200.0,,,,,,,,,,,,,,,,1699.9746948978839,,,,,,
217764000.0,,,,0.00028528226539492607,-0.03919495269656181,-3.1789144649962964e-09,-0.09284725785255432,-1.9868215961338365e-09,0.9561555981636047,-1.7329957699985243e-05,0.01634651981294155,0.16836917400360107,0.8041184544563293,,0.0001522706924219839,,,,,,,
218047200.0,,,,0.0002411222376395017,-0.02977229468524456,-3.1789144649962964e-09,-0.030861053615808487,-1.0331471678171056e-08,1.0948768854141235,-1.0200622455158737e-05,0.013997050002217293,0.1204894557595253,0.9883766770362854,,0.00015193364917924412,,,,,,,
218059200.0,,141.2,741.0,,,,,,,,,,,,,,1.0,60.0,15.0,1.0,30.0,4.0
218092800.0,,,,0.00019252148922532797,-0.05025671422481537,4.76837147544984e-09,-0.09476634860038757,-9.139379031353201e-09,1.0944901704788208,1.7004211258608848e-05,0.02144414186477661,0.11881574243307114,0.9971374869346619,,0.00015187946004733096,,,,,,,
218160000.0,,,,,,,,,,,,,,,,1700.3400932272398,,,,,,
218186400.0,,,,,,,,,,,,,,,,1700.3600728610609,,,,,,
218366400.0,,178.2,1765.0,,,,,,,,,,,,,,-1.0,100.0,29.0,1.0,29.0,10.0
218623200.0,,,,,,,,,,,,,,,,1700.8476464964112,,,,,,
218661600.0,,212.2,1020.0,,,,,,,,,,,,,,1.0,86.0,20.0,1.0,58.0,7.0
218776800.0,,149.2,765.0,,,,,,,,,,,,,,1.0,65.0,15.0,1.0,33.0,4.0
218817600.0,,162.2,831.0,,,,,,,,,,,,,,1.0,71.0,17.0,1.0,34.0,5.0
218834400.0,,168.2,901.0,,,,,,,,,,,,,,1.0,76.0,18.0,1.0,30.0,6.0
218865600.0,,194.2,2520.0,,,,,,,,,,,,,,-1.0,101.0,31.0,1.0,42.0,10.0
218928000.0,,,,,,,,,,,,,,,,1701.1805518706367,,,,,,
218935200.0,,,,,,,,,,,,,,,,1701.1945533623577,,,,,,
218976000.0,,,,0.00022927146346773952,-0.04389125108718872,-4.76837147544984e-09,-0.07807767391204834,0.0,0.8868551254272461,-1.3380141353991348e-05,-0.011912800371646881,0.1195921078324318,0.7553390860557556,,0.00015083433036509124,,,,,,,
218990400.0,,247.39999999999998,1899.0,,,,,,,,,,,,,,-1.0,100.0,29.0,2.0,98.0,10.0
219014400.0,,142.2,816.0,,,,,,,,,,,,,,1.0,61.0,17.0,1.0,24.0,5.0
219141600.0,,107.2,585.0,,,,,,,,,,,,,,1.0,45.0,12.0,1.0,18.0,3.0
219151200.0,,76.2,975.0,,,,,,,,,,,,,,-1.0,63.0,16.0,1.0,17.0,0.0
219165600.0,,195.2,2027.0,,,,,,,,,,,,,,-1.0,98.0,28.0,1.0,49.0,10.0
219184800.0,,128.2,726.0,,,,,,,,,,,,,,1.0,58.0,15.0,1.0,19.0,4.0
219204000.0,,105.2,577.0,,,,,,,,,,,,,,1.0,44.0,12.0,1.0,21.0,2.0
219264000.0,,,,0.00021257007028907537,-0.031657587736845016,1.0232130698284436e-08,-0.04434240236878395,3.1789144649962964e-09,1.0849881172180176,-3.223241219529882e-05,-0.0029002665542066097,0.10275465995073318,0.9793030023574829,,0.00015049535692717456,,,,,,,
219427200.0,,,,0.0001918148627737537,-0.036810941994190216,7.947286162490741e-10,-0.07184240221977234,1.390775050680304e-09,0.82403165102005,-1.0956041478493717e-05,0.0003757610102184117,0.1103166714310646,0.7140816450119019,,0.00015030367353501722,,,,,,,
219480000.0,,135.2,725.0,,,,,,,,,,,,,,1.0,61.0,15.0,1.0,23.0,4.0
219504000.0,,111.2,596.0,,,,,,,,,,,,,,1.0,49.0,12.0,1.0,18.0,3.0
219564000.0,,99.2,509.0,,,,,,,,,,,,,,1.0,42.0,10.0,1.0,19.0,2.0
219619200.0,,,,0.00027646805392578244,-0.05445636808872223,7.947286162490741e-10,-0.08187932521104813,7.947286162490741e-10,1.0795692205429077,2.7552380288398126e-06,0.004797413479536772,0.1544376164674759,0.9299345016479492,,0.00015007853650792898,,,,,,,
219631200.0,,191.2,910.0,,,,,,,,,,,,,,1.0,76.0,18.0,1.0,53.0,6.0
219650400.0,,,,,,,,,,,,,,,,1701.8899513326537,,,,,,
219655200.0,,232.2,1662.0,,,,,,,,,,,,,,1.0,101.0,29.0,1.0,42.0,10.0
219691200.0,,,,,,,,,,,,,,,,1701.9461130356224,,,,,,
219708000.0,,,,0.00024677658802829683,-0.061728205531835556,1.5894572324981482e-09,-0.08063121885061264,-1.0927518445669193e-08,1.2144967317581177,-5.585337930824608e-06,0.010857933200895786,0.1425379365682602,1.0828136205673218,,0.0001499745471920455,,,,,,,
219729600.0,,143.2,850.0,,,,,,,,,,,,,,1.0,61.0,17.0,1.0,25.0,5.0
219760800.0,,,,,,,,,,,,,,,,1702.0154064225599,,,,,,
219789600.0,,146.2,765.0,,,,,,,,,,,,,,1.0,65.0,15.0,1.0,30.0,4.0
219885600.0,,,,,,,,,,,,,,0.10562684386968613,,,,,,,,
219902400.0,,,,,,,,,,,,,,,,1702.1043627381187,,,,,,
219955200.0,,155.2,820.0,,,,,,,,,,,,,,1.0,67.0,16.0,1.0,32.0,5.0
219996000.0,,181.39999999999998,1880.0,,,,,,,,,,,,,,-1.0,100.0,29.0,2.0,32.0,10.0
220058400.0,,186.2,865.0,,,,,,,,,,,,,,1.0,69.0,18.0,1.0,59.0,5.0
220142400.0,,250.2,1740.0,,,,,,,,,,,,,,-1.0,100.0,29.0,1.0,101.0,10.0
220202400.0,,177.2,935.0,,,,,,,,,,,,,,1.0,75.0,19.0,1.0,39.0,6.0
220216800.0,,215.2,1189.0,,,,,,,,,,,,,,1.0,99.0,24.0,1.0,36.0,9.0
220224000.0,,,,0.00016215730283875018,-0.02028363198041916,-1.1920929132713809e-08,-0.048109088093042374,4.967053879312289e-09,0.7261467576026917,-2.532558028178755e-06,0.005564337130635977,0.08929935842752457,0.6424108147621155,,0.00014937199938788557,,,,,,,
220240800.0,,,,,,,,,,,,,,,,1699.274803456419,,,,,,
220394400.0,,97.2,505.0,,,,,,,,,,,,,,1.0,40.0,10.0,1.0,19.0,2.0
220437600.0,,,,0.00023541878908872604,-0.0492427758872509,4.5696895156766004e-09,-0.05811530724167824,0.0,1.610187292098999,1.6426676666014828e-05,0.009350157342851162,0.1345432847738266,1.4850130081176758,,0.00014912343148623176,,,,,,,
220497600.0,,,,0.0001898529299069196,-0.05207137390971184,9.53674295089968e-09,-0.06311582028865814,1.390775050680304e-09,0.8040148615837097,2.3838418201194145e-05,-0.013680356554687023,0.061170708388090134,0.7291895747184753,,0.00014905369978813956,,,,,,,
220543200.0,,154.2,785.0,,,,,,,,,,,,,,1.0,66.0,16.0,1.0,32.0,5.0
220552800.0,,,,,,,,,,,,,,,,1699.5690627598437,,,,,,
220684800.0,,127.2,680.0,,,,,,,,,,,,,,1.0,53.0,14.0,1.0,24.0,4.0
220692000.0,,,,0.0001617657399037853,-0.06428946554660797,0.0,-0.07725425809621811,2.38418573772492e-09,0.9755208492279053,-1.6470017726533115e-05,-0.026198657229542732,0.07694239169359207,0.8723649382591248,,0.00014882804296282497,,,,,,,
220812000.0,,,,0.00021867228497285396,-0.06616901606321335,7.947286384535346e-09,-0.10443820059299469,7.947286162490741e-10,0.6717358827590942,2.7374011551728472e-05,0.0006006572511978447,0.07899138331413269,0.5933747291564941,,0.0001486889578579588,,,,,,,
220843200.0,,,,0.0002193317486671731,-0.042975254356861115,2.38418573772492e-09,-0.0718478336930275,-1.5894572324981482e-09,1.6450884342193604,-5.97138978264411e-06,-0.01466246135532856,0.3171773850917816,1.3132447004318237,,0.0001486528219271986,,,,,,,
220876800.0,,127.2,680.0,,,,,,,,,,,,,,1.0,59.0,14.0,1.0,18.0,4.0
220888800.0,,,,0.0002170843945350498,-0.08620893955230713,2.0265579436795633e-08,-0.14118030667304993,0.0,0.6318380832672119,8.43259840621613e-07,-0.0016408704686909914,0.08552582561969757,0.5446743965148926,,0.0001486000273366077,,,,,,,
220924800.0,,,,0.00019563482783269137,-0.05372847989201546,2.781550101360608e-09,-0.059501275420188904,-5.9604645663569045e-09,0.8025201559066772,2.1817359083797783e-05,-0.007578243501484394,0.06398452818393707,0.730981171131134,,0.00014855836372876127,,,,,,,
221047200.0,,166.2,912.0,,,,,,,,,,,,,,1.0,78.0,18.0,1.0,26.0,6.0
221078400.0,,,,,,,,,,,,,,,,1700.0871277722276,,,,,,
221152800.0,,83.2,1035.0,,,,,,,,,,,,,,-1.0,68.0,18.0,1.0,17.0,0.0
221172000.0,,,,0.0002120108692906797,-0.03120691329240799,-5.165735839085528e-09,-0.03432857617735863,2.1855037779516806e-09,0.9648867845535278,5.481148764374666e-05,0.004448884632438421,0.13735578954219818,0.8320367932319641,,0.00014827266332441917,,,,,,,
221227200.0,,,,,,,,,,,,,,,,1700.2815095671544,,,,,,
221232000.0,,165.4,900.0,,,,,,,,,,,,,,1.0,74.0,18.0,2.0,29.0,6.0
221282400.0,,113.2,592.0,,,,,,,,,,,,,,1.0,50.0,12.0,1.0,19.0,3.0
221284800.0,,157.2,758.0,,,,,,,,,,,,,,1.0,64.0,15.0,1.0,38.0,5.0
221311200.0,,143.2,765.0,,,,,,,,,,,,,,1.0,66.0,15.0,1.0,26.0,4.0
221383200.0,,,,,,,,,,,,,,0.1590135395526886,,,,,,,,
221392800.0,,146.2,770.0,,,,,,,,,,,,,,1.0,65.0,15.0,1.0,30.0,4.0
221436000.0,,135.2,712.0,,,,,,,,,,,,,,1.0,62.0,14.0,1.0,23.0,4.0
221498400.0,,,,,,,,,,,,,,,,1700.475467723713,,,,,,
221508000.0,,,,0.00025363927124999464,-0.04572632536292076,-2.38418573772492e-09,-0.07292988151311874,-8.145968344308585e-09,0.9164646863937378,3.895474583259784e-05,0.009373742155730724,0.13226193189620972,0.7936180233955383,,0.00014788542604785146,,,,,,,
221647200.0,,204.6,1206.0,,,,,,,,,,,,,,1.0,94.0,24.0,3.0,34.0,8.0
221680800.0,,,,,,,,,,,,,,,,1700.4882964127657,,,,,,
221702400.0,,,,,,,,,,,,,,,,1700.4864424057992,,,,,,
221714400.0,,,,0.0002241547917947173,-0.03791731595993042,9.53674295089968e-09,-0.05334790050983429,7.947286384535346e-09,1.0503935813903809,1.0593192200758494e-05,-0.0300030205398798,0.13576450943946838,0.8846389055252075,,0.00014764817823736766,,,,,,,
221738400.0,,,,,,,,,,,,,,,,1700.491114725513,,,,,,
221776800.0,,165.2,815.0,,,,,,,,,,,,,,1.0,67.0,17.0,1.0,41.0,5.0
221865600.0,,,,0.00026546759181655943,-0.027316754683852196,4.76837147544984e-09,-0.03942643478512764,-1.9868215961338365e-09,0.838555634021759,-1.8776570868794806e-05,-0.0012238190975040197,0.1248401403427124,0.712475597858429,,0.00014747468379947945,,,,,,,
221906400.0,,120.2,646.0,,,,,,,,,,,,,,1.0,55.0,13.0,1.0,20.0,3.0
221928000.0,,174.2,926.0,,,,,,,,,,,,,,1.0,79.0,19.0,1.0,32.0,6.0
221944800.0,,173.2,975.0,,,,,,,,,,,,,,1.0,80.0,20.0,1.0,25.0,7.0
221944800.0,,,,,,,,,,,,,,,,1700.6797574256766,,,,,,
222110400.0,,104.2,566.0,,,,,,,,,,,,,,1.0,47.0,11.0,1.0,18.0,2.0
222247200.0,,180.39999999999998,1795.0,,,,,,,,,,,,,,-1.0,100.0,27.0,2.0,37.0,9.0
222448800.0,,,,0.0002602924651000649,-0.048757825046777725,3.1789144649962964e-09,-0.06975124776363373,-4.967053879312289e-09,1.0274136066436768,7.678560905333143e-06,0.0031852617394179106,0.1293981969356537,0.9012109637260437,,0.00014680790257327037,,,,,,,
222470400.0,,,,,,,,,,,,,,,,1701.2330907770943,,,,,,
222506400.0,,218.2,980.0,,,,,,,,,,,,,,1.0,78.0,20.0,1.0,72.0,7.0
222537600.0,,111.2,580.0,,,,,,,,,,,,,,1.0,47.0,12.0,1.0,20.0,3.0
222559200.0,,129.2,697.0,,,,,,,,,,,,,,1.0,58.0,14.0,1.0,21.0,4.0
222573600.0,,287.2,4000.0,,,,,,,,,,,,,,0.0,99.0,29.0,1.0,119.0,10.0
222597600.0,,,,,,,,,,,,,,,,1701.2179336823865,,,,,,
222624000.0,,214.2,1172.0,,,,,,,,,,,,,,1.0,100.0,24.0,1.0,34.0,9.0
222688800.0,,154.2,786.0,,,,,,,,,,,,,,1.0,66.0,16.0,1.0,32.0,5.0
222720000.0,,183.2,2075.0,,,,,,,,,,,,,,-1.0,100.0,29.0,1.0,34.0,10.0
222763200.0,,,,0.00029453588649630547,-0.0665404349565506,8.742015111806722e-09,-0.09043966233730316,-1.0331471678171056e-08,0.7706800699234009,-4.8099609557539225e-06,-0.016805198043584824,0.12278124690055847,0.6310917735099792,,0.0001464500395549219,,,,,,,
222787200.0,,,,,,,,,,,,,,,,1701.408013439977,,,,,,
222799200.0,,,,,,,,,,,,,,,,1701.4352723434245,,,,,,
222950400.0,,,,0.00029280869057402015,-0.02920650877058506,-5.9604643443123e-10,-0.019391749054193497,-1.9868215961338365e-09,1.133359432220459,1.1703691598086152e-05,-0.01840326003730297,0.08509162068367004,1.0298792123794556,,0.0001462374937018355,,,,,,,
223000800.0,,97.2,515.0,,,,,,,,,,,,,,1.0,41.0,11.0,1.0,17.0,2.0
223039200.0,,122.2,666.0,,,,,,,,,,,,,,1.0,54.0,14.0,1.0,22.0,3.0
223120800.0,,205.2,1105.0,,,,,,,,,,,,,,1.0,94.0,22.0,1.0,37.0,8.0
223248000.0,,164.2,912.0,,,,,,,,,,,,,,1.0,77.0,18.0,1.0,25.0,6.0
223260000.0,,,,,,,,,,,,,,,,1701.969824840312,,,,,,
223284000.0,,,,,,,,,,,,,,0.07599423825740814,,,,,,,,
223348800.0,,110.2,575.0,,,,,,,,,,,,,,1.0,45.0,12.0,1.0,21.0,3.0
223442400.0,,,,,,,,,,,,,,,,1702.0998314409633,,,,,,
223459200.0,,146.2,841.0,,,,,,,,,,,,,,1.0,64.0,17.0,1.0,25.0,5.0
223471200.0,,,,0.00020627951016649604,-0.026142433285713196,0.0,-0.051462817937135696,-7.152557657263969e-09,1.168924331665039,-2.6459558284841478e-05,-0.015195608139038086,0.21758250892162323,0.9361218214035034,,0.00014564828062286168,,,,,,,
223488000.0,,128.2,736.0,,,,,,,,,,,,,,1.0,57.0,15.0,1.0,20.0,4.0
223514400.0,,,,0.0002403949183644727,-0.03240878880023956,-1.9868215961338365e-09,-0.0382692776620388,-5.9604645663569045e-09,0.9054632782936096,1.7857373677543364e-05,-0.034214094281196594,0.08881520479917526,0.7824541926383972,,0.00014559954497358614,,,,,,,
223548000.0,,175.2,795.0,,,,,,,,,,,,,,1.0,67.0,16.0,1.0,52.0,5.0
223560000.0,,232.2,1391.0,,,,,,,,,,,,,,1.0,96.0,27.0,1.0,53.0,9.0
223574400.0,,,,,,,,,,,,,,,,1702.1657520510967,,,,,,
223612800.0,,,,,,,,,,,,,,,,1702.2033506433413,,,,,,
223644000.0,,142.2,806.0,,,,,,,,,,,,,,1.0,61.0,17.0,1.0,24.0,5.0
223689600.0,,175.2,975.0,,,,,,,,,,,,,,1.0,80.0,20.0,1.0,27.0,7.0
223735200.0,,219.4,1220.0,,,,,,,,,,,,,,1.0,99.0,23.0,2.0,37.0,10.0
223756800.0,,261.2,1871.0,,,,,,,,,,,,,,-1.0,100.0,29.0,1.0,112.0,10.0
223828800.0,,95.2,507.0,,,,,,,,,,,,,,1.0,39.0,10.0,1.0,18.0,2.0
223850400.0,,150.2,767.0,,,,,,,,,,,,,,1.0,64.0,15.0,1.0,35.0,4.0
223852800.0,,,,0.00029233054374344647,-0.06183415278792381,-2.781550101360608e-09,-0.06587276607751846,7.947286162490741e-10,1.0112662315368652,1.3492836842488032e-05,-0.008895653299987316,0.13641537725925446,0.8659716844558716,,0.00014521852238362064,,,,,,,
223855200.0,,238.2,1530.0,,,,,,,,,,,,,,1.0,100.0,29.0,1.0,49.0,10.0
223980000.0,,,,,,,,,,,,,,,,1702.6239134768177,,,,,,
224126400.0,,,,,,,,,,,,,,,,1702.782467190518,,,,,,
224198400.0,,120.2,615.0,,,,,,,,,,,,,,1.0,52.0,12.0,1.0,24.0,3.0
224301600.0,,101.2,522.0,,,,,,,,,,,,,,1.0,44.0,11.0,1.0,18.0,2.0
224352000.0,,,,0.00030759666697122157,-0.0540136992931366,1.8278758062706402e-08,-0.09872055053710938,3.1789144649962964e-09,0.9669176340103149,-2.0024808691232465e-05,-0.01853897236287594,0.0868104100227356,0.8615513443946838,,0.00014465885015976364,,,,,,,
224364000.0,,136.2,705.0,,,,,,,,,,,,,,1.0,60.0,14.0,1.0,26.0,4.0
224368800.0,,142.2,756.0,,,,,,,,,,,,,,1.0,64.0,15.0,1.0,27.0,4.0
224428800.0,,,,,,,,,,,,,,,,1702.934227657615,,,,,,
224623200.0,,194.2,1056.0,,,,,,,,,,,,,,1.0,85.0,21.0,1.0,40.0,7.0
224733600.0,,,,0.0002670297399163246,-0.04585244134068489,5.563100202721216e-09,-0.07674127072095871,-6.357828929992593e-09,0.7165329456329346,4.262813672539778e-05,0.0028829106595367193,0.17729566991329193,0.5421654582023621,,0.00014423296436669842,,,,,,,
224834400.0,,247.2,1120.0,,,,,,,,,,,,,,1.0,95.0,22.0,1.0,78.0,8.0
224973600.0,,103.2,588.0,,,,,,,,,,,,,,1.0,46.0,12.0,1.0,17.0,2.0
224997600.0,,197.2,1148.0,,,,,,,,,,,,,,1.0,90.0,23.0,1.0,32.0,8.0
225038400.0,,149.2,785.0,,,,,,,,,,,,,,1.0,63.0,16.0,1.0,34.0,4.0
225151200.0,,,,0.0002977092517539859,-0.04806363582611084,-3.9736430812453705e-10,-0.07968459278345108,-6.357828929992593e-09,1.1166893243789673,-2.4595761715318076e-05,-0.007576407864689827,0.12456963956356049,0.9845216274261475,,0.00014376883641199507,,,,,,,
225153600.0,,,,0.0002885437570512295,-0.04671444743871689,-1.5894572324981482e-09,-0.041202712804079056,-2.1855037779516806e-09,0.9434727430343628,5.997539574309485e-06,-0.003941333387047052,0.1196693480014801,0.8198709487915039,,0.00014376617487283776,,,,,,,
225153600.0,,,,,,,,,,,,,,,,1699.9104597318935,,,,,,
225264000.0,,,,0.00029517890652641654,-0.03117336332798004,-7.549921576810448e-09,-0.06463617831468582,-3.1789144649962964e-09,0.6983659267425537,6.271305028349161e-05,-0.00917495135217905,0.13306890428066254,0.5561877489089966,,0.00014364381663729673,,,,,,,
225376800.0,,180.39999999999998,1976.0,,,,,,,,,,,,,,-1.0,100.0,29.0,2.0,31.0,10.0
225393600.0,,152.2,815.0,,,,,,,,,,,,,,1.0,65.0,17.0,1.0,34.0,4.0
225432000.0,,120.2,613.0,,,,,,,,,,,,,,1.0,49.0,13.0,1.0,26.0,3.0
225439200.0,,,,0.0002078094257740304,-0.08428650349378586,-7.947286162490741e-10,-0.1218196228146553,7.947286162490741e-10,0.7364042401313782,8.438917575404048e-06,-0.00939048919826746,0.1135360524058342,0.6134881973266602,,0.00014344993130098167,,,,,,,
225458400.0,,,,0.0002234322892036289,-0.04419975355267525,-3.9736430812453705e-10,-0.07346183806657791,-3.973643192267673e-09,1.1228793859481812,-7.979580004757736e-06,0.013501153327524662,0.23024137318134308,0.9061334729194641,,0.00014342870538724386,,,,,,,
225465600.0,,,,,,,,,,,,,,,,1700.2383803217513,,,,,,
225470400.0,,176.2,1956.0,,,,,,,,,,,,,,-1.0,97.0,27.0,1.0,32.0,10.0
225487200.0,,,,0.00029951552278362215,-0.08216088265180588,9.139379031353201e-09,-0.1020045205950737,-2.781550101360608e-09,0.9156884551048279,2.0924593627569266e-05,0.007467088755220175,0.1320640593767166,0.791115403175354,,0.00014339687459485618,,,,,,,
225552000.0,,168.2,851.0,,,,,,,,,,,,,,1.0,69.0,17.0,1.0,42.0,5.0
225576000.0,,162.2,890.0,,,,,,,,,,,,,,1.0,73.0,18.0,1.0,27.0,6.0
225616800.0,,129.2,690.0,,,,,,,,,,,,,,1.0,59.0,14.0,1.0,20.0,4.0
225763200.0,,,,0.000255415216088295,-0.06268374621868134,-1.7881394143159923e-09,-0.06123614311218262,4.76837147544984e-09,1.1349676847457886,2.324502929695882e-06,0.0033961122389882803,0.1349259912967682,1.003442645072937,,0.00014309232164464022,,,,,,,
225962400.0,,,,0.0003084270574618131,-0.03790934383869171,4.5696895156766004e-09,-0.07120932638645172,-1.0728836485895954e-08,1.0083562135696411,6.933209533599438e-06,0.009691691026091576,0.09157398343086243,0.9264839887619019,,0.00014287306860008827,,,,,,,
225964800.0,,181.2,2105.0,,,,,,,,,,,,,,-1.0,100.0,29.0,1.0,32.0,10.0
225979200.0,,222.2,1240.0,,,,,,,,,,,,,,1.0,103.0,25.0,1.0,38.0,9.0
226070400.0,,136.2,724.0,,,,,,,,,,,,,,1.0,62.0,15.0,1.0,23.0,4.0
226178400.0,,207.2,1156.0,,,,,,,,,,,,,,1.0,92.0,23.0,1.0,40.0,8.0
226202400.0,,178.4,1987.0,,,,,,,,,,,,,,-1.0,99.0,28.0,2.0,39.0,8.0
226202400.0,,,,,,,,,,,,,,,,1700.7796573475866,,,,,,
226315200.0,,143.2,735.0,,,,,,,,,,,,,,1.0,61.0,15.0,1.0,31.0,4.0
226339200.0,,,,,,,,,,,,,,,,1700.9038983358132,,,,,,
226452000.0,,,,0.0003283510741312057,-0.025847671553492546,1.6887982567936888e-08,-0.028755856677889824,-5.165735839085528e-09,1.1727219820022583,-3.975561776314862e-05,-0.0032102041877806187,0.10776118189096451,1.0617141723632812,,0.0001423361644541814,,,,,,,
226646400.0,,299.2,1508.0,,,,,,,,,,,,,,1.0,100.0,28.0,1.0,107.0,11.0
226836000.0,,,,,,,,,,,,,,0.11256463825702667,,,,,,,,
226879200.0,,194.2,915.0,,,,,,,,,,,,,,1.0,72.0,19.0,1.0,63.0,5.0
226886400.0,,183.4,1765.0,,,,,,,,,,,,,,-1.0,99.0,26.0,2.0,38.0,10.0
226915200.0,,233.2,1126.0,,,,,,,,,,,,,,1.0,85.0,23.0,1.0,73.0,8.0
227011200.0,,154.2,865.0,,,,,,,,,,,,,,1.0,73.0,17.0,1.0,24.0,5.0
227088000.0,,,,0.00030637733289040625,-0.05185942351818085,-6.357828929992593e-09,-0.08408170193433762,-7.947286384535346e-09,1.3332626819610596,-2.354624302824959e-05,0.010853921994566917,0.16066892445087433,1.1834272146224976,,0.00014164294360891413,,,,,,,
227128800.0,,160.2,856.0,,,,,,,,,,,,,,1.0,72.0,17.0,1.0,31.0,5.0
227133600.0,,186.2,2075.0,,,,,,,,,,,,,,-1.0,99.0,29.0,1.0,38.0,10.0
227136000.0,,,,0.00022486141824629158,-0.03910870850086212,-9.139379031353201e-09,-0.03785461559891701,-3.5762788286319847e-09,0.8795635104179382,-4.9941336328629404e-05,0.0005161702865734696,0.05430370941758156,0.8257282972335815,,0.00014159081973671701,,,,,,,
227234400.0,,147.2,740.0,,,,,,,,,,,,,,1.0,60.0,15.0,1.0,36.0,4.0
227239200.0,,,,0.0001935930922627449,-0.060792580246925354,3.973643192267673e-09,-0.10778170824050903,5.861123586470285e-09,0.7715097665786743,-2.612382195366081e-05,-0.012536401860415936,0.1598571538925171,0.5990920066833496,,0.00014147884618089868,,,,,,,
227265600.0,,,,0.0002189356746384874,-0.03522062674164772,-3.973643192267673e-09,-0.054044224321842194,-1.9868215961338365e-09,1.0472984313964844,-3.054362241527997e-05,0.0008819305221550167,0.13711349666118622,0.9110385179519653,,0.00014145022213641386,,,,,,,
227361600.0,,129.2,665.0,,,,,,,,,,,,,,1.0,54.0,14.0,1.0,29.0,3.0
227392800.0,,191.2,2129.0,,,,,,,,,,,,,,-1.0,100.0,28.0,1.0,39.0,11.0
227496000.0,,,,,,,,,,,,,,,,1701.979977726869,,,,,,
227503200.0,,235.39999999999998,1527.0,,,,,,,,,,,,,,1.0,99.0,26.0,2.0,54.0,9.0
227541600.0,,,,,,,,,,,,,,,,1702.0247624706747,,,,,,
227544000.0,,,,,,,,,,,,,,,,1702.030192113953,,,,,,
227563200.0,,,,,,,,,,,,,,,,1702.0581084648622,,,,,,
227606400.0,,160.2,836.0,,,,,,,,,,,,,,1.0,69.0,17.0,1.0,34.0,5.0
227620800.0,,,,0.00023023180256132036,-0.0255294032394886,2.5033951800423893e-08,-0.05938488245010376,-8.344650304081824e-09,1.233170509338379,4.165023710811511e-06,0.00541643938049674,0.11190113425254822,1.1266921758651733,,0.0001410659062582455,,,,,,,
227628000.0,,,,0.00021073497191537172,-0.02509091980755329,-7.748604424762107e-09,-0.005300367251038551,9.934107758624577e-09,1.1386293172836304,-4.332628122938331e-06,-0.049759432673454285,0.17179696261882782,0.917070746421814,,0.00014105813163876435,,,,,,,
227721600.0,,219.2,1015.0,,,,,,,,,,,,,,1.0,79.0,21.0,1.0,71.0,7.0
227791200.0,,,,0.00027628123643808067,-0.05947677791118622,-3.1789144649962964e-09,-0.0959286019206047,-8.742015111806722e-09,1.196513056755066,-9.510035852144938e-06,-0.020647015422582626,0.18522240221500397,0.9906368255615234,,0.0001408820731322315,,,,,,,
227832000.0,,,,0.0002435445348965004,-0.07262969017028809,-1.5099843153620895e-08,-0.09772256016731262,0.0,0.8348264098167419,3.3446981433371548e-06,-0.014487158507108688,0.11617705225944519,0.7041680216789246,,0.00014083810828372325,,,,,,,
227848800.0,,,,,,,,,,,,,,,,1702.223633890755,,,,,,
227872800.0,,,,0.0001987045252462849,-0.04782209172844887,-4.371007555903361e-09,-0.06388799101114273,1.9868215961338365e-09,0.606818675994873,2.6766971132019535e-05,-0.0021635084412992,0.09571389108896255,0.5089699625968933,,0.0001407941633625219,,,,,,,
227935200.0,,,,,,,,,,,,,,,,1702.3139147020213,,,,,,
228024000.0,,210.2,1192.0,,,,,,,,,,,,,,1.0,94.0,24.0,1.0,36.0,9.0
228072000.0,,,,,,,,,,,,,,,,1702.4530297769174,,,,,,
228132000.0,,199.2,1134.0,,,,,,,,,,,,,,1.0,96.0,23.0,1.0,28.0,8.0
228271200.0,,162.39999999999998,941.0,,,,,,,,,,,,,,1.0,76.0,19.0,2.0,23.0,6.0
228276000.0,,,,0.00022909922699909657,-0.046305619180202484,-9.53674295089968e-09,-0.059767890721559525,-4.76837147544984e-09,0.8532754778862,-3.645745528046973e-05,0.01197089347988367,0.07755143940448761,0.7876607775688171,,0.0001403609573717359,,,,,,,
228381600.0,,176.2,867.0,,,,,,,,,,,,,,1.0,69.0,18.0,1.0,49.0,5.0
228398400.0,,,,,,,,,,,,,,,,1702.6191108148569,,,,,,
228444000.0,,,,,,,,,,,,,,,,1702.6705565541504,,,,,,
228513600.0,,,,0.00019342504674568772,-0.02990638092160225,-1.9868215961338365e-09,-0.029888954013586044,8.940697071579962e-09,0.5657010674476624,-2.7248888727626763e-05,0.017676344141364098,0.07941291481256485,0.503939151763916,,0.00014010659007067313,,,,,,,
228516000.0,,257.2,1754.0,,,,,,,,,,,,,,-1.0,99.0,29.0,1.0,109.0,10.0
228525600.0,,136.2,748.0,,,,,,,,,,,,,,1.0,63.0,15.0,1.0,22.0,4.0
228552000.0,,,,0.0002339773636776954,-0.04000421613454819,5.9604645663569045e-09,-0.0585162490606308,-3.1789144649962964e-09,0.707155704498291,-1.849357613536995e-05,0.011354963295161724,0.10657922923564911,0.6119152307510376,,0.00014006554402406382,,,,,,,
228686400.0,,190.2,2021.0,,,,,,,,,,,,,,-1.0,99.0,28.0,1.0,43.0,10.0
228717600.0,,150.2,838.0,,,,,,,,,,,,,,1.0,67.0,17.0,1.0,26.0,5.0
228729600.0,,118.2,650.0,,,,,,,,,,,,,,1.0,50.0,13.0,1.0,23.0,3.0
228748800.0,,140.2,820.0,,,,,,,,,,,,,,1.0,61.0,17.0,1.0,22.0,5.0
228768000.0,,,,,,,,,,,,,,,,1702.555419610772,,,,,,
228835200.0,,165.2,898.0,,,,,,,,,,,,,,1.0,68.0,18.0,1.0,39.0,5.0
228864000.0,,117.2,633.0,,,,,,,,,,,,,,1.0,49.0,13.0,1.0,23.0,3.0
228979200.0,,102.2,617.0,,,,,,,,,,,,,,1.0,39.0,13.0,1.0,22.0,2.0
229156800.0,,,,,,,,,,,,,,,,1702.8418715257367,,,,,,
229216800.0,,,,,,,,,,,,,,,,1702.911373381527,,,,,,
229228800.0,,,,0.00021519123401958495,-0.025608114898204803,-1.2318293940438707e-08,-0.054680101573467255,-3.973643192267673e-09,1.0204581022262573,-2.003245526793762e-06,-0.02967166341841221,0.1389087736606598,0.851877748966217,,0.0001393450312324811,,,,,,,
229248000.0,,115.2,620.0,,,,,,,,,,,,,,1.0,49.0,13.0,1.0,21.0,3.0
229250400.0,,146.2,736.0,,,,,,,,,,,,,,1.0,61.0,15.0,1.0,34.0,4.0
229334400.0,,,,,,,,,,,,,,,,1703.0158975922789,,,,,,
229341600.0,,150.2,865.0,,,,,,,,,,,,,,1.0,69.0,18.0,1.0,23.0,5.0
229363200.0,,,,,,,,,,,,,,,,1703.0638130495975,,,,,,
229440000.0,,,,0.0002513150393497199,-0.03757309168577194,-1.8080076102933162e-08,-0.059683725237846375,-2.1855037779516806e-09,1.1208196878433228,-2.987482730532065e-05,0.01570115052163601,0.11425100266933441,1.0222424268722534,,0.0001391213265675676,,,,,,,
229531200.0,,156.2,820.0,,,,,,,,,,,,,,1.0,65.0,17.0,1.0,34.0,5.0
229581600.0,,,,0.00020431076700333506,-0.04430973902344704,1.5894572324981482e-09,-0.10236144065856934,9.139379031353201e-09,0.6837555766105652,2.799686808430124e-05,-0.006217607297003269,0.09311915189027786,0.5844488739967346,,0.00013897164640640515,,,,,,,
229600800.0,,190.2,1200.0,,,,,,,,,,,,,,1.0,89.0,23.0,1.0,26.0,8.0
229627200.0,,,,0.00028390574152581394,-0.03672518953680992,-3.9736430812453705e-10,-0.039510875940322876,-5.563100202721216e-09,0.8462572693824768,1.8422500943415798e-05,-0.018394367769360542,0.095744289457798,0.7321398854255676,,0.00013892349627228038,,,,,,,
229644000.0,,,,0.000276962760835886,-0.036456361413002014,-1.1920929132713809e-08,-0.053869012743234634,1.19209286886246e-09,0.9664033651351929,9.142701856035274e-06,-0.0013460238697007298,0.080797478556633,0.8842717409133911,,0.00013890576313334055,,,,,,,
229711200.0,,,,0.0002832003519870341,-0.056118253618478775,-4.371007555903361e-09,-0.08143625408411026,-1.9470851597702676e-08,1.162158489227295,1.0671326890587807e-05,-0.004505835473537445,0.2133036106824875,0.9443626403808594,,0.00013883486496793366,,,,,,,
229872000.0,,,,,,,,,,,,,,,,1703.1936516133374,,,,,,
230287200.0,,182.39999999999998,2195.0,,,,,,,,,,,,,,-1.0,100.0,26.0,2.0,40.0,9.0
230335200.0,,152.2,781.0,,,,,,,,,,,,,,1.0,63.0,16.0,1.0,37.0,4.0
230469600.0,,109.2,630.0,,,,,,,,,,,,,,1.0,50.0,13.0,1.0,18.0,2.0
230565600.0,,,,0.00027704142848961055,-0.01935608498752117,1.4702479234074417e-08,-0.04688384383916855,-7.947286162490741e-10,1.2235050201416016,4.460775357983948e-07,0.0031922743655741215,0.08585600554943085,1.140844464302063,,0.00013793825689372582,,,,,,,
230798400.0,,121.2,627.0,,,,,,,,,,,,,,1.0,55.0,13.0,1.0,21.0,3.0
231199200.0,,110.2,611.0,,,,,,,,,,,,,,1.0,47.0,13.0,1.0,22.0,2.0
231211200.0,,,,,,,,,,,,,,,,1701.2920472385117,,,,,,
231324000.0,,,,0.00022731430362910032,-0.03157903254032135,6.755193293628281e-09,-0.07135195285081863,4.371007555903361e-09,0.8027080297470093,-9.797094207897317e-06,0.007333298679441214,0.14412203431129456,0.6659117937088013,,0.00013714990461018741,,,,,,,
231350400.0,,,,,,,,,,,,,,,,1701.3494980691623,,,,,,
231458400.0,,,,0.0002480022667441517,-0.04184817895293236,-2.38418573772492e-09,-0.0810168981552124,2.38418573772492e-09,0.6693593263626099,7.0333489929907955e-06,-0.012843891978263855,0.10073887556791306,0.5557860732078552,,0.00013701093766745,,,,,,,
231765600.0,,,,,,,,,,,,,,,,1701.7930945353905,,,,,,
231813600.0,,,,,,,,,,,,,,,,1701.8455645400825,,,,,,
231890400.0,,187.2,1146.0,,,,,,,,,,,,,,1.0,76.0,21.0,1.0,38.0,8.0
231890400.0,,,,0.0002763654920272529,-0.023849129676818848,-3.9736430812453705e-10,-0.03776735067367554,-7.947286162490741e-10,0.9205700755119324,-3.9566034502058756e-06,0.002363947918638587,0.06597193330526352,0.8569608926773071,,0.00013656577548192743,,,,,,,
231936000.0,,189.2,1827.0,,,,,,,,,,,,,,-1.0,99.0,29.0,1.0,41.0,10.0
231940800.0,,241.2,1811.0,,,,,,,,,,,,,,-1.0,99.0,27.0,1.0,91.0,11.0
231948000.0,,159.2,810.0,,,,,,,,,,,,,,1.0,68.0,16.0,1.0,35.0,5.0
231969600.0,,,,0.00024566243519075215,-0.056168705224990845,-4.76837147544984e-09,-0.10958458483219147,0.0,0.766704261302948,1.4898193512635771e-05,0.0004551442980300635,0.14005926251411438,0.6271175146102905,,0.00013648441396424662,,,,,,,
231996000.0,,,,0.0003027519560419023,-0.03319259732961655,1.1126200405442432e-08,-0.04469487443566322,1.0331471678171056e-08,0.797634482383728,9.771365876076743e-05,-0.008823182433843613,0.09807779639959335,0.6908342838287354,,0.00013645731080763146,,,,,,,
232072800.0,,169.2,885.0,,,,,,,,,,,,,,1.0,74.0,18.0,1.0,33.0,6.0
232075200.0,,119.2,609.0,,,,,,,,,,,,,,1.0,48.0,13.0,1.0,26.0,3.0
232118400.0,,157.2,785.0,,,,,,,,,,,,,,1.0,67.0,16.0,1.0,34.0,5.0
232140000.0,,,,0.00019811339734587818,-0.01707600988447666,1.390775050680304e-09,-0.029514024034142494,-1.9868215961338365e-09,2.0588974952697754,1.3220310393080581e-05,-0.026400219649076462,0.7764611840248108,1.2560513019561768,,0.000136309628225137,,,,,,,
232144800.0,,144.2,745.0,,,,,,,,,,,,,,1.0,63.0,15.0,1.0,30.0,4.0
232188000.0,,220.2,1466.0,,,,,,,,,,,,,,1.0,98.0,28.0,1.0,38.0,9.0
232216800.0,,,,0.00027878291439265013,-0.055914778262376785,3.298123729678082e-08,-0.09629130363464355,9.934107758624577e-09,1.1974600553512573,1.0142271094082389e-05,0.012636542320251465,0.15424737334251404,1.0558620691299438,,0.00013623096986860138,,,,,,,
232236000.0,,148.2,845.0,,,,,,,,,,,,,,1.0,60.0,17.0,1.0,31.0,5.0
232267200.0,,112.2,595.0,,,,,,,,,,,,,,1.0,49.0,12.0,1.0,19.0,3.0
232353600.0,,120.2,617.0,,,,,,,,,,,,,,1.0,51.0,12.0,1.0,25.0,3.0
232353600.0,,225.2,1286.0,,,,,,,,,,,,,,1.0,100.0,26.0,1.0,39.0,10.0
232365600.0,,223.2,1448.0,,,,,,,,,,,,,,1.0,100.0,29.0,1.0,34.0,10.0
232416000.0,,145.2,740.0,,,,,,,,,,,,,,1.0,61.0,15.0,1.0,33.0,4.0
232430400.0,,,,,,,,,,,,,,,,1702.3626979791893,,,,,,
232584000.0,,,,,,,,,,,,,,,,1702.5175870854105,,,,,,
232588800.0,,,,,,,,,,,,,,,,1702.5249325272475,,,,,,
232591200.0,,,,0.000258145242696628,-0.03166487440466881,2.781550101360608e-09,-0.05951783061027527,-9.735425798851338e-09,0.8787592649459839,1.2575325854413677e-05,-0.00265517202205956,0.11272771656513214,0.7633915543556213,,0.00013584856511522856,,,,,,,
232636800.0,,,,0.0002458551316522062,-0.036886293441057205,1.7881394143159923e-09,-0.05244942009449005,1.4503797274301178e-08,0.6099297404289246,3.436052509186993e-07,0.006645256653428078,0.08700530976057053,0.5295724868774414,,0.0001358021099332748,,,,,,,
232665600.0,,,,,,,,,,,,,,,,1702.5952812669118,,,,,,
232672800.0,,113.2,585.0,,,,,,,,,,,,,,1.0,49.0,12.0,1.0,20.0,3.0
232672800.0,,130.2,671.0,,,,,,,,,,,,,,1.0,56.0,14.0,1.0,24.0,4.0
232711200.0,,197.2,1085.0,,,,,,,,,,,,,,1.0,90.0,22.0,1.0,33.0,8.0
232742400.0,,156.2,795.0,,,,,,,,,,,,,,1.0,66.0,16.0,1.0,34.0,5.0
232742400.0,,,,,,,,,,,,,,,,1702.6789669663444,,,,,,
232898400.0,,,,0.00023916270583868027,-0.03682977706193924,-6.357828929992593e-09,-0.061531588435173035,-3.5762788286319847e-09,0.9566701054573059,2.9692755560972728e-05,0.00530480919405818,0.08052994310855865,0.8814770579338074,,0.00013553610741650347,,,,,,,
232924800.0,,148.2,750.0,,,,,,,,,,,,,,1.0,57.0,15.0,1.0,36.0,5.0
232984800.0,,,,,,,,,,,,,,,,1702.8206059889717,,,,,,
233126400.0,,,,0.00024900370044633746,-0.024102605879306793,-1.5894572324981482e-09,-0.04678873345255852,7.947286162490741e-10,1.052634596824646,-5.53761055925861e-05,0.0074358657002449036,0.14530152082443237,0.9147160053253174,,0.00013530497089364303,,,,,,,
233131200.0,,,,,,,,,,,,,,,,1702.9784250926525,,,,,,
233160000.0,,85.0,466.0,,,,,,,,,,,,,,1.0,34.0,10.0,0.0,21.0,0.0
233287200.0,,156.2,821.0,,,,,,,,,,,,,,1.0,65.0,17.0,1.0,34.0,5.0
233306400.0,,148.2,777.0,,,,,,,,,,,,,,1.0,61.0,16.0,1.0,35.0,4.0
233313600.0,,,,0.00023611563665326685,-0.02756202220916748,-1.9868215961338365e-09,-0.060990333557128906,-1.1126200405442432e-08,1.0689027309417725,-2.6738489395938814e-05,0.019209859892725945,0.09018047153949738,0.9979077577590942,,0.0001351156843887307,,,,,,,
233342400.0,,114.2,560.0,,,,,,,,,,,,,,1.0,47.0,12.0,1.0,23.0,3.0
233347200.0,,,,0.00023487642465624958,-0.023913724347949028,-3.1789144649962964e-09,-0.05866256356239319,-1.9868215961338365e-09,1.3220241069793701,2.5734536393429153e-05,-0.011723246425390244,0.2935832142829895,1.0167458057403564,,0.0001350817566000882,,,,,,,
233440800.0,,105.2,557.0,,,,,,,,,,,,,,1.0,46.0,12.0,1.0,19.0,2.0
233443200.0,,220.2,1235.0,,,,,,,,,,,,,,1.0,99.0,25.0,1.0,40.0,9.0
233464800.0,,,,,,,,,,,,,,,,1703.2917166122227,,,,,,
233640000.0,,,,,,,,,,,,,,,,1703.4497487787514,,,,,,
233649600.0,,141.2,775.0,,,,,,,,,,,,,,1.0,66.0,16.0,1.0,19.0,5.0
233726400.0,,179.2,983.0,,,,,,,,,,,,,,1.0,82.0,20.0,1.0,29.0,7.0
233764800.0,,148.2,745.0,,,,,,,,,,,,,,1.0,61.0,15.0,1.0,36.0,4.0
233827200.0,,,,0.0002736142196226865,-0.06564494967460632,7.947286384535346e-09,-0.06535658985376358,2.38418573772492e-09,1.2867404222488403,-4.904359229840338e-06,0.016028914600610733,0.24317297339439392,1.0595941543579102,,0.00013459862932975632,,,,,,,
233901600.0,,,,,,,,,,,,,,0.16010473668575287,,,,,,,,
233964000.0,,,,0.0002512706851121038,-0.022263679653406143,-1.0331471678171056e-08,-0.04073518514633179,1.3113021779531664e-08,0.7083853483200073,2.4490847863489762e-05,-0.008707726374268532,0.09435726702213287,0.6053473353385925,,0.00013446147143645219,,,,,,,
233971200.0,,,,0.00027250501443631947,-0.023852333426475525,1.5894572324981482e-09,-0.049005959182977676,-1.2715657859985185e-08,1.1907521486282349,-1.2476266419980675e-05,0.028149433434009552,0.13943032920360565,1.0794615745544434,,0.000134454259165742,,,,,,,
233995200.0,,,,0.00024830418988130987,-0.0360628142952919,4.172325152040912e-09,-0.04760081693530083,1.7881394143159923e-09,0.8006995916366577,1.103184786188649e-05,-0.020139073953032494,0.12401209771633148,0.6565619707107544,,0.00013443022300763043,,,,,,,
234084000.0,,303.2,1640.0,,,,,,,,,,,,,,1.0,99.0,29.0,1.0,115.0,10.0
234189600.0,,188.2,1016.0,,,,,,,,,,,,,,1.0,85.0,21.0,1.0,34.0,7.0
234348000.0,,88.2,471.0,,,,,,,,,,,,,,1.0,36.0,10.0,1.0,18.0,1.0
234360000.0,,196.2,1081.0,,,,,,,,,,,,,,1.0,85.0,22.0,1.0,37.0,8.0
234400800.0,,128.2,683.0,,,,,,,,,,,,,,1.0,54.0,14.0,1.0,24.0,4.0
234400800.0,,121.2,685.0,,,,,,,,,,,,,,1.0,51.0,14.0,1.0,24.0,3.0
234412800.0,,165.2,835.0,,,,,,,,,,,,,,1.0,65.0,17.0,1.0,43.0,5.0
234451200.0,,116.2,625.0,,,,,,,,,,,,,,1.0,49.0,13.0,1.0,22.0,3.0
234564000.0,,165.4,882.0,,,,,,,,,,,,,,1.0,75.0,18.0,2.0,28.0,6.0
234652800.0,,140.2,787.0,,,,,,,,,,,,,,1.0,62.0,16.0,1.0,26.0,4.0
234693600.0,,160.2,905.0,,,,,,,,,,,,,,1.0,64.0,19.0,1.0,37.0,5.0
234698400.0,,,,0.0002838792570400983,-0.014233638532459736,1.1126200405442432e-08,-0.010900694876909256,-3.973643192267673e-09,0.9481531381607056,1.6689753465470858e-05,-0.01624665968120098,0.10376769304275513,0.8281583189964294,,0.00013372921035934035,,,,,,,
234751200.0,,161.2,930.0,,,,,,,,,,,,,,1.0,73.0,19.0,1.0,25.0,6.0
234811200.0,,216.2,1055.0,,,,,,,,,,,,,,1.0,86.0,22.0,1.0,60.0,7.0
234830400.0,,189.2,2045.0,,,,,,,,,,,,,,-1.0,98.0,28.0,1.0,43.0,10.0
234852000.0,,180.2,2105.0,,,,,,,,,,,,,,-1.0,99.0,29.0,1.0,32.0,10.0
234914400.0,,197.2,1081.0,,,,,,,,,,,,,,1.0,90.0,22.0,1.0,33.0,8.0
234924000.0,,121.2,667.0,,,,,,,,,,,,,,1.0,53.0,14.0,1.0,22.0,3.0
234950400.0,,270.2,1345.0,,,,,,,,,,,,,,1.0,100.0,27.0,1.0,83.0,10.0
234979200.0,,182.2,995.0,,,,,,,,,,,,,,1.0,84.0,20.0,1.0,30.0,7.0
234984000.0,,,,0.00025499286130070686,-0.0446028895676136,3.1789144649962964e-09,-0.04270347207784653,-2.781550101360608e-09,0.7638527750968933,-7.529201684519649e-05,0.010254877619445324,0.07585980743169785,0.6981751322746277,,0.0001334462969738582,,,,,,,
235000800.0,,149.2,841.0,,,,,,,,,,,,,,1.0,69.0,17.0,1.0,23.0,5.0
235046400.0,,125.2,665.0,,,,,,,,,,,,,,1.0,57.0,14.0,1.0,22.0,3.0
235048800.0,,168.2,960.0,,,,,,,,,,,,,,1.0,79.0,20.0,1.0,25.0,6.0
235142400.0,,,,0.00026226899353787303,-0.039253491908311844,-7.947286384535346e-09,-0.07869753986597061,-6.556510889765832e-09,1.1824225187301636,4.642777639674023e-06,0.0315396673977375,0.32078394293785095,0.893185555934906,,0.00013328983632747868,,,,,,,
235224000.0,,,,,,,,,,,,,,,,1701.6658458907955,,,,,,
235243200.0,,225.2,1279.0,,,,,,,,,,,,,,1.0,96.0,26.0,1.0,47.0,9.0
235401600.0,,131.2,675.0,,,,,,,,,,,,,,1.0,55.0,14.0,1.0,26.0,4.0
235401600.0,,284.2,1372.0,,,,,,,,,,,,,,1.0,99.0,28.0,1.0,97.0,10.0
235447200.0,,,,0.0002023393608396873,-0.05528869852423668,1.0331471678171056e-08,-0.09813234955072403,2.38418573772492e-09,0.6495837569236755,-2.551723264332395e-05,0.015990382060408592,0.0726177915930748,0.5929328799247742,,0.00013298967196802842,,,,,,,
235612800.0,,135.2,747.0,,,,,,,,,,,,,,1.0,60.0,15.0,1.0,24.0,4.0
235617600.0,,161.2,932.0,,,,,,,,,,,,,,1.0,75.0,19.0,1.0,23.0,6.0
235644000.0,,251.2,1204.0,,,,,,,,,,,,,,1.0,96.0,24.0,1.0,75.0,9.0
235725600.0,,,,,,,,,,,,,,,,1702.1462216468483,,,,,,
235730400.0,,,,0.0002612286480143666,-0.010853804647922516,2.086162576020456e-09,-0.015101760625839233,3.1789144649962964e-09,0.9807153940200806,2.940558090358536e-07,0.01014462299644947,0.0926973819732666,0.8981655240058899,,0.00013271184740396518,,,,,,,
235788000.0,,148.2,770.0,,,,,,,,,,,,,,1.0,63.0,16.0,1.0,33.0,4.0
235800000.0,,,,0.00018524785991758108,-0.030841821804642677,4.5696895156766004e-09,-0.025696763768792152,-9.934107758624577e-09,0.8616976141929626,1.0662543900252786e-05,0.017267072573304176,0.15911787748336792,0.7198593020439148,,0.00013264372630519573,,,,,,,
235802400.0,,102.2,529.0,,,,,,,,,,,,,,1.0,43.0,11.0,1.0,20.0,2.0
235956000.0,,256.2,1193.0,,,,,,,,,,,,,,1.0,95.0,24.0,1.0,85.0,8.0
235965600.0,,160.2,811.0,,,,,,,,,,,,,,1.0,67.0,17.0,1.0,36.0,5.0
236025600.0,,,,,,,,,,,,,,,,1702.3594009859253,,,,,,
236193600.0,,182.2,1005.0,,,,,,,,,,,,,,1.0,83.0,21.0,1.0,30.0,7.0
236258400.0,,,,,,,,,,,,,,,,1702.5340060309686,,,,,,
236268000.0,,,,,,,,,,,,,,,,1702.5316126544221,,,,,,
236368800.0,,88.2,496.0,,,,,,,,,,,,,,1.0,37.0,10.0,1.0,17.0,1.0
236467200.0,,161.2,936.0,,,,,,,,,,,,,,1.0,75.0,19.0,1.0,23.0,6.0
236469600.0,,154.2,871.0,,,,,,,,,,,,,,1.0,71.0,18.0,1.0,25.0,5.0
236476800.0,,136.2,750.0,,,,,,,,,,,,,,1.0,60.0,15.0,1.0,25.0,4.0
236553600.0,,106.2,597.0,,,,,,,,,,,,,,1.0,48.0,12.0,1.0,18.0,2.0
236599200.0,,,,0.00020534235227387398,-0.03925057873129845,1.19209286886246e-09,-0.07217644900083542,8.344650304081824e-09,0.9010480046272278,-2.4475830286974087e-05,0.0187141802161932,0.12031260132789612,0.7994270920753479,,0.00013186598516066837,,,,,,,
236606400.0,,220.2,1255.0,,,,,,,,,,,,,,1.0,98.0,26.0,1.0,40.0,9.0
236664000.0,,207.2,1002.0,,,,,,,,,,,,,,1.0,76.0,20.0,1.0,67.0,6.0
236700000.0,,141.2,750.0,,,,,,,,,,,,,,1.0,59.0,15.0,1.0,31.0,4.0
236702400.0,,,,0.00021648149413522333,-0.05155465751886368,-7.3512396170372085e-09,-0.057627540081739426,5.662441182607836e-09,0.7873076796531677,-1.6871730622369796e-05,-0.0009324171114712954,0.10785847902297974,0.678502082824707,,0.000131766158201434,,,,,,,
236762400.0,,,,,,,,,,,,,,0.11342379450798035,,,,,,,,
236800800.0,,,,0.00022206205176189542,-0.03650277853012085,-1.5894572324981482e-09,-0.06362931430339813,-3.6756198085186043e-09,0.7889531254768372,-1.70414296007948e-05,-0.0009206235408782959,0.09806739538908005,0.6899502873420715,,0.000131671102958945,,,,,,,
236841600.0,,,,0.00032276095589622855,-0.038913141936063766,1.19209286886246e-09,-0.010258428752422333,8.742015111806722e-09,1.0568437576293945,2.8582926461240277e-06,-0.005142197944223881,0.1296779364347458,0.9220296740531921,,0.00013163172665214582,,,,,,,
236894400.0,,281.2,1415.0,,,,,,,,,,,,,,1.0,99.0,29.0,1.0,93.0,10.0
236952000.0,,,,,,,,,,,,,,,,1703.0385538995743,,,,,,
236980800.0,,,,,,,,,,,,,,,,1703.055946378859,,,,,,
237016800.0,,,,0.00023388703993987292,-0.06053609400987625,-3.1789144649962964e-09,-0.07936840504407883,-8.344650304081824e-09,1.2440071105957031,2.0753484932356514e-05,0.004760014358907938,0.23571640253067017,1.0130738019943237,,0.00013146288586034376,,,,,,,
237103200.0,,137.2,740.0,,,,,,,,,,,,,,1.0,59.0,15.0,1.0,27.0,4.0
237108000.0,,193.2,1120.0,,,,,,,,,,,,,,1.0,81.0,23.0,1.0,41.0,7.0
237242400.0,,186.2,2055.0,,,,,,,,,,,,,,-1.0,98.0,28.0,1.0,40.0,10.0
237283200.0,,149.2,805.0,,,,,,,,,,,,,,1.0,64.0,17.0,1.0,32.0,4.0
237304800.0,,,,0.00022854862618260086,-0.03826288878917694,1.3113021779531664e-08,-0.059256479144096375,-5.165735839085528e-09,0.7012131810188293,-1.0998881094792523e-07,-0.01395715307444334,0.08709545433521271,0.6001627445220947,,0.00013118620666448046,,,,,,,
237336000.0,,171.2,890.0,,,,,,,,,,,,,,1.0,71.0,18.0,1.0,42.0,5.0
237357600.0,,,,,,,,,,,,,,,,1703.3718171718074,,,,,,
237376800.0,,177.39999999999998,867.0,,,,,,,,,,,,,,1.0,68.0,17.0,2.0,52.0,5.0
237381600.0,,144.2,839.0,,,,,,,,,,,,,,1.0,67.0,17.0,1.0,24.0,4.0
237400800.0,,,,0.00023106425942387432,-0.02647777460515499,-2.781550101360608e-09,-0.0362640842795372,1.5894572324981482e-09,0.9330365061759949,1.496021832281258e-05,0.005321726202964783,0.11599881947040558,0.8223767280578613,,0.00013109422029940668,,,,,,,
237422400.0,,103.2,525.0,,,,,,,,,,,,,,1.0,43.0,11.0,1.0,21.0,2.0
237566400.0,,152.2,840.0,,,,,,,,,,,,,,1.0,64.0,17.0,1.0,35.0,4.0
237583200.0,,188.2,1756.0,,,,,,,,,,,,,,-1.0,98.0,28.0,1.0,42.0,10.0
237597600.0,,112.2,596.0,,,,,,,,,,,,,,1.0,48.0,12.0,1.0,20.0,3.0
237602400.0,,211.2,1210.0,,,,,,,,,,,,,,1.0,91.0,25.0,1.0,39.0,9.0
237607200.0,,,,,,,,,,,,,,,,1703.5905918934523,,,,,,
237619200.0,,147.2,748.0,,,,,,,,,,,,,,1.0,62.0,15.0,1.0,34.0,4.0
237679200.0,,214.2,1226.0,,,,,,,,,,,,,,1.0,99.0,25.0,1.0,34.0,9.0
237715200.0,,158.4,880.0,,,,,,,,,,,,,,1.0,72.0,18.0,2.0,24.0,6.0
237746400.0,,135.2,700.0,,,,,,,,,,,,,,1.0,59.0,14.0,1.0,26.0,4.0
237804000.0,,181.2,2005.0,,,,,,,,,,,,,,-1.0,99.0,29.0,1.0,33.0,10.0
237897600.0,,,,,,,,,,,,,,,,1703.7715629449563,,,,,,
237964800.0,,141.2,735.0,,,,,,,,,,,,,,1.0,57.0,15.0,1.0,33.0,4.0
237998400.0,,162.2,841.0,,,,,,,,,,,,,,1.0,62.0,17.0,1.0,43.0,5.0
238104000.0,,147.2,827.0,,,,,,,,,,,,,,1.0,66.0,17.0,1.0,24.0,5.0
238106400.0,,143.2,810.0,,,,,,,,,,,,,,1.0,63.0,17.0,1.0,23.0,5.0
238118400.0,,167.2,930.0,,,,,,,,,,,,,,1.0,75.0,19.0,1.0,29.0,6.0
238123200.0,,118.2,625.0,,,,,,,,,,,,,,1.0,51.0,13.0,1.0,22.0,3.0
238296000.0,,220.2,1090.0,,,,,,,,,,,,,,1.0,84.0,22.0,1.0,62.0,8.0
238334400.0,,,,0.0002276575833093375,-0.03487852215766907,1.5894572769070692e-08,-0.056645650416612625,4.76837147544984e-09,0.6724937558174133,2.6330222681281157e-05,0.007242977153509855,0.08507480472326279,0.5946905612945557,,0.00013020593394302043,,,,,,,
238377600.0,,206.2,985.0,,,,,,,,,,,,,,1.0,78.0,20.0,1.0,60.0,7.0
238490400.0,,249.2,1727.0,,,,,,,,,,,,,,1.0,100.0,29.0,1.0,60.0,10.0
238545600.0,,228.2,1405.0,,,,,,,,,,,,,,1.0,99.0,28.0,1.0,41.0,10.0
238591200.0,,,,,,,,,,,,,,,,1704.2890043386162,,,,,,
238629600.0,,,,0.0002688559761736542,-0.05151188001036644,-4.76837147544984e-09,-0.06211189553141594,1.5894572324981482e-09,0.8633885979652405,-6.549087993334979e-05,-0.01612883247435093,0.13058151304721832,0.7166154384613037,,0.00012992744054060847,,,,,,,
238663200.0,,,,,,,,,,,,,,0.1050601378083229,,,,,,,,
238699200.0,,134.2,741.0,,,,,,,,,,,,,,1.0,60.0,15.0,1.0,23.0,4.0
238752000.0,,201.2,1073.0,,,,,,,,,,,,,,1.0,88.0,22.0,1.0,39.0,8.0
238874400.0,,,,,,,,,,,,,,,,1704.3593585313915,,,,,,
238972800.0,,,,,,,,,,,,,,,,1704.417709416414,,,,,,
239044800.0,,,,0.00021627075329888612,-0.043335724622011185,8.742015111806722e-09,-0.031192995607852936,-4.76837147544984e-09,1.070258617401123,-3.207271220162511e-05,0.003922674804925919,0.15880687534809113,0.9153445363044739,,0.00012953768096451713,,,,,,,
239049600.0,,,,0.00018305044795852154,-0.04301365464925766,-5.563100202721216e-09,-0.04731898382306099,-1.19209286886246e-09,0.9034338593482971,-6.9650386649300344e-06,0.003613069886341691,0.12687048316001892,0.7801713347434998,,0.0001295331883751424,,,,,,,
239073600.0,,146.2,841.0,,,,,,,,,,,,,,1.0,64.0,17.0,1.0,25.0,5.0
239088000.0,,258.2,1913.0,,,,,,,,,,,,,,-1.0,99.0,29.0,1.0,110.0,10.0
239088000.0,,139.2,722.0,,,,,,,,,,,,,,1.0,58.0,15.0,1.0,30.0,4.0
239090400.0,,,,,,,,,,,,,,,,1704.5334456062906,,,,,,
239092800.0,,141.2,711.0,,,,,,,,,,,,,,1.0,57.0,15.0,1.0,33.0,4.0
239232000.0,,137.2,725.0,,,,,,,,,,,,,,1.0,60.0,15.0,1.0,26.0,4.0
239239200.0,,146.2,860.0,,,,,,,,,,,,,,1.0,64.0,18.0,1.0,24.0,5.0
239414400.0,,96.2,515.0,,,,,,,,,,,,,,1.0,39.0,11.0,1.0,18.0,2.0
239491200.0,,138.2,741.0,,,,,,,,,,,,,,1.0,59.0,15.0,1.0,28.0,4.0
239510400.0,,,,,,,,,,,,,,,,1704.896586199364,,,,,,
239522400.0,,162.2,1065.0,,,,,,,,,,,,,,1.0,77.0,29.0,1.0,36.0,0.0
239532000.0,,157.2,934.0,,,,,,,,,,,,,,1.0,69.0,19.0,1.0,25.0,6.0
239553600.0,,,,,,,,,,,,,,,,1704.943054499617,,,,,,
239565600.0,,,,0.00023951835464686155,-0.024939004331827164,5.563100202721216e-09,-0.058622706681489944,1.5894572324981482e-09,0.9848694801330566,-2.651895374583546e-05,-0.006276198662817478,0.11174692958593369,0.8668222427368164,,0.00012905201243240412,,,,,,,
239630400.0,,161.2,943.0,,,,,,,,,,,,,,1.0,75.0,19.0,1.0,23.0,6.0
239630400.0,,156.2,869.0,,,,,,,,,,,,,,1.0,69.0,18.0,1.0,25.0,6.0
239668800.0,,,,,,,,,,,,,,,,1704.9914681878645,,,,,,
239680800.0,,145.2,741.0,,,,,,,,,,,,,,1.0,58.0,15.0,1.0,36.0,4.0
239700000.0,,195.2,1151.0,,,,,,,,,,,,,,1.0,81.0,23.0,1.0,39.0,8.0
239755200.0,,,,,,,,,,,,,,,,1705.0411974550595,,,,,,
239808000.0,,156.2,883.0,,,,,,,,,,,,,,1.0,68.0,18.0,1.0,26.0,6.0
239856000.0,,109.2,566.0,,,,,,,,,,,,,,1.0,46.0,12.0,1.0,19.0,3.0
240007200.0,,,,0.0002181052404921502,-0.031812217086553574,-8.742015111806722e-09,-0.03975650668144226,-9.33806099112644e-09,0.6314043402671814,3.1880066671874374e-05,0.023756733164191246,0.11058486253023148,0.544610321521759,,0.00012864301920067242,,,,,,,
240043200.0,,,,0.00020204525208100677,-0.031168820336461067,-1.19209286886246e-09,-0.04988884553313255,-4.371007555903361e-09,0.9782456159591675,7.108594672899926e-06,-0.003199390135705471,0.08719511330127716,0.8878602385520935,,0.00012860979165190672,,,,,,,
240048000.0,,,,0.00024601470795460045,-0.048309314996004105,-4.5696895156766004e-09,-0.07413172721862793,-7.947286162490741e-10,0.8334693312644958,-4.0477130824001506e-05,0.003782891435548663,0.12810631096363068,0.7091078758239746,,0.00012860536261547205,,,,,,,
240086400.0,,,,0.00024405168369412422,-0.03253977745771408,-5.364418242947977e-09,-0.03748197481036186,-6.357828929992593e-09,1.1487003564834595,-3.155547528876923e-05,0.015170755796134472,0.10975594818592072,1.0540859699249268,,0.00012856994136678098,,,,,,,
240132000.0,,,,0.0002243290946353227,-0.03687761351466179,8.344650304081824e-09,-0.06201072037220001,1.5894572324981482e-09,1.4919675588607788,-1.0786589882627595e-05,0.03672970086336136,0.24955637753009796,1.27913236618042,,0.0001285279041377949,,,,,,,
240148800.0,,160.2,932.0,,,,,,,,,,,,,,1.0,72.0,19.0,1.0,25.0,6.0
240254400.0,,141.2,806.0,,,,,,,,,,,,,,1.0,61.0,17.0,1.0,23.0,5.0
240273600.0,,,,0.00018952922255266458,-0.03078940138220787,-3.973643192267673e-09,-0.039618849754333496,-1.907348590179936e-08,0.8004987239837646,-2.6896774215856567e-05,0.018025875091552734,0.10156214982271194,0.7169374823570251,,0.00012839754407429103,,,,,,,
240403200.0,,114.2,608.0,,,,,,,,,,,,,,1.0,50.0,13.0,1.0,19.0,3.0
240528000.0,,165.2,996.0,,,,,,,,,,,,,,1.0,71.0,20.0,1.0,26.0,7.0
240592800.0,,173.2,870.0,,,,,,,,,,,,,,1.0,64.0,18.0,1.0,47.0,6.0
240705600.0,,145.2,756.0,,,,,,,,,,,,,,1.0,60.0,16.0,1.0,33.0,4.0
240780000.0,,230.2,1355.0,,,,,,,,,,,,,,1.0,100.0,28.0,1.0,42.0,10.0
240782400.0,,177.2,2000.0,,,,,,,,,,,,,,-1.0,98.0,28.0,1.0,31.0,10.0
240818400.0,,,,,,,,,,,,,,,,1702.9611223469176,,,,,,
240948000.0,,,,,,,,,,,,,,0.08576025068759918,,,,,,,,
240950400.0,,104.2,560.0,,,,,,,,,,,,,,1.0,44.0,12.0,1.0,20.0,2.0
240957600.0,,,,,,,,,,,,,,,,1703.0996758183633,,,,,,
240964800.0,,,,0.0001863627985585481,-0.04626644775271416,9.53674295089968e-09,-0.0695061907172203,-4.76837147544984e-09,0.9327011108398438,2.268112984893378e-05,-0.011471818201243877,0.16181865334510803,0.7594351172447205,,0.0001277650535888397,,,,,,,
240984000.0,,,,0.00015887491463217884,-0.05283802002668381,3.973643192267673e-09,-0.0667240247130394,5.9604643443123e-10,0.6641508340835571,-3.911768362740986e-05,0.004795157816261053,0.06674479693174362,0.6021636724472046,,0.00012774757567274645,,,,,,,
241207200.0,,145.2,788.0,,,,,,,,,,,,,,1.0,68.0,16.0,1.0,21.0,5.0
241363200.0,,119.2,645.0,,,,,,,,,,,,,,1.0,53.0,13.0,1.0,21.0,3.0
241418400.0,,137.2,706.0,,,,,,,,,,,,,,1.0,55.0,15.0,1.0,31.0,4.0
241466400.0,,,,,,,,,,,,,,,,1703.4703804081723,,,,,,
241543200.0,,130.2,676.0,,,,,,,,,,,,,,1.0,57.0,14.0,1.0,23.0,4.0
241574400.0,,,,0.00022300853743217885,-0.0453958697617054,2.781550101360608e-08,-0.09207899868488312,-5.9604643443123e-10,1.0244179964065552,-2.8094635126763023e-05,0.019741548225283623,0.1463012546300888,0.897832453250885,,0.00012721254571368176,,,,,,,
241658400.0,,,,,,,,,,,,,,,,1703.6438751590538,,,,,,
241675200.0,,,,0.00020316378504503518,-0.05294309929013252,3.973643192267673e-09,-0.08934315294027328,-3.1789144649962964e-09,0.6635351181030273,-2.7741841677197954e-06,-0.0014359686756506562,0.09332951158285141,0.5687689185142517,,0.0001271216676499716,,,,,,,
241728000.0,,,,,,,,,,,,,,,,1703.6987555407609,,,,,,
241766400.0,,190.2,1955.0,,,,,,,,,,,,,,-1.0,100.0,30.0,1.0,40.0,10.0
241884000.0,,,,,,,,,,,,,,,,1703.8179380619476,,,,,,
241888800.0,,127.2,675.0,,,,,,,,,,,,,,1.0,53.0,14.0,1.0,24.0,4.0
241996800.0,,198.4,1996.0,,,,,,,,,,,,,,-1.0,100.0,28.0,2.0,46.0,11.0
242023200.0,,182.2,936.0,,,,,,,,,,,,,,1.0,75.0,19.0,1.0,44.0,6.0
242061600.0,,181.2,1635.0,,,,,,,,,,,,,,-1.0,100.0,29.0,1.0,32.0,10.0
242128800.0,,133.2,736.0,,,,,,,,,,,,,,1.0,57.0,15.0,1.0,25.0,4.0
242152800.0,,,,,,,,,,,,,,,,1703.9940947052307,,,,,,
242155200.0,,,,0.00016120891086757183,-0.04750906303524971,3.973643192267673e-09,-0.06111929565668106,0.0,0.929104745388031,-1.3149988262739498e-05,-0.03166995570063591,0.08427764475345612,0.813145637512207,,0.00012669079502650299,,,,,,,
242191200.0,,182.2,935.0,,,,,,,,,,,,,,1.0,77.0,19.0,1.0,42.0,6.0
242227200.0,,,,,,,,,,,,,,,,1703.9814987897166,,,,,,
242304000.0,,,,0.0002212750114267692,-0.07297546416521072,-1.19209286886246e-09,-0.08495672792196274,6.1591469702193535e-09,0.8337979316711426,8.929756404540967e-06,-0.015420415438711643,0.1301843374967575,0.688204288482666,,0.00012655785661873207,,,,,,,
242330400.0,,,,0.00018516006821300834,-0.047877293080091476,2.3841858265427618e-08,-0.04135066270828247,-8.344650304081824e-09,1.0943831205368042,-1.0091896911035292e-05,0.005378129426389933,0.11027585715055466,0.9894771575927734,,0.0001265343020690351,,,,,,,
242354400.0,,,,0.00021934717369731516,-0.04711741954088211,-9.53674295089968e-09,-0.05041085556149483,1.5894572324981482e-09,0.8654390573501587,-2.359142672503367e-05,-0.019414717331528664,0.1158461794257164,0.7301567792892456,,0.00012651289703069756,,,,,,,
242448000.0,,,,0.00020291769760660827,-0.05332154408097267,8.940697071579962e-09,-0.085667684674263,-4.371007555903361e-09,0.7866453528404236,-1.8249551430926658e-05,-0.013452887535095215,0.09354478865861893,0.6796314716339111,,0.00012642949192381527,,,,,,,
242452800.0,,293.2,1437.0,,,,,,,,,,,,,,1.0,99.0,29.0,1.0,105.0,10.0
242508000.0,,,,,,,,,,,,,,,,1704.2103188303304,,,,,,
242517600.0,,139.2,740.0,,,,,,,,,,,,,,1.0,56.0,15.0,1.0,32.0,4.0
242534400.0,,165.2,886.0,,,,,,,,,,,,,,1.0,73.0,18.0,1.0,30.0,6.0
242539200.0,,174.2,940.0,,,,,,,,,,,,,,1.0,79.0,19.0,1.0,32.0,6.0
242575200.0,,,,0.0002215506392531097,-0.05924185737967491,-7.947286162490741e-10,-0.06736437976360321,1.390775050680304e-08,0.8852908611297607,2.8444181225495413e-05,0.0066273873671889305,0.12105970084667206,0.770889163017273,,0.00012631633683287392,,,,,,,
242580000.0,,316.2,1507.0,,,,,,,,,,,,,,1.0,100.0,29.0,1.0,127.0,10.0
242599200.0,,,,,,,,,,,,,,0.09486516565084457,,,,,,,,
242611200.0,,114.2,586.0,,,,,,,,,,,,,,1.0,46.0,12.0,1.0,24.0,3.0
242695200.0,,,,,,,,,,,,,,,,1704.1863474907163,,,,,,
242709600.0,,171.2,951.0,,,,,,,,,,,,,,1.0,79.0,20.0,1.0,28.0,6.0
242810400.0,,182.4,997.0,,,,,,,,,,,,,,1.0,83.0,20.0,2.0,31.0,7.0
242822400.0,,,,0.00023044986301101744,-0.059319816529750824,-1.19209286886246e-09,-0.0898662805557251,3.973643192267673e-09,1.0986380577087402,-3.19913488056045e-05,0.006557299289852381,0.1095486506819725,0.9956169724464417,,0.00012609705949545761,,,,,,,
242860800.0,,128.2,661.0,,,,,,,,,,,,,,1.0,56.0,14.0,1.0,26.0,3.0
242930400.0,,118.2,627.0,,,,,,,,,,,,,,1.0,51.0,13.0,1.0,22.0,3.0
242956800.0,,,,0.00020719479653052986,-0.02894403785467148,1.19209286886246e-09,-0.040712688118219376,-6.357828929992593e-09,0.8947529196739197,1.9426030121394433e-05,0.005974720232188702,0.14132510125637054,0.7594240307807922,,0.00012597818908590002,,,,,,,
243002400.0,,,,0.0001704333844827488,-0.05160001665353775,1.668930060816365e-08,-0.09764774143695831,-7.947286384535346e-09,0.7939038276672363,-4.887120212515583e-06,0.007021737284958363,0.09672687947750092,0.704195499420166,,0.00012593791385881573,,,,,,,
243052800.0,,228.2,1510.0,,,,,,,,,,,,,,1.0,99.0,29.0,1.0,40.0,10.0
243165600.0,,198.2,2016.0,,,,,,,,,,,,,,-1.0,100.0,28.0,1.0,46.0,11.0
243216000.0,,203.2,906.0,,,,,,,,,,,,,,1.0,77.0,19.0,1.0,63.0,6.0
243295200.0,,161.2,852.0,,,,,,,,,,,,,,1.0,65.0,18.0,1.0,38.0,5.0
243312000.0,,,,,,,,,,,,,,,,1704.4587933084792,,,,,,
243343200.0,,,,0.00021417865355033427,-0.029444964602589607,4.371007555903361e-09,-0.03747297450900078,-1.19209286886246e-09,0.8895066976547241,-8.173072274075821e-06,0.0013690982013940811,0.16102509200572968,0.7298446893692017,,0.0001256378059399742,,,,,,,
243547200.0,,228.39999999999998,1276.0,,,,,,,,,,,,,,1.0,101.0,26.0,2.0,41.0,10.0
243597600.0,,,,,,,,,,,,,,,,1704.6830380310016,,,,,,
243667200.0,,102.2,541.0,,,,,,,,,,,,,,1.0,43.0,11.0,1.0,20.0,2.0
243727200.0,,,,0.00018192145216744393,-0.013834514655172825,3.5762788286319847e-09,-0.041048046201467514,-9.53674295089968e-09,0.8014429807662964,1.0007025593949948e-05,0.010666998103260994,0.07688241451978683,0.7352393865585327,,0.00012530155422669316,,,,,,,
243756000.0,,,,,,,,,,,,,,,,1704.827360656539,,,,,,
243758400.0,,,,,,,,,,,,,,,,1704.8313625563896,,,,,,
243864000.0,,,,,,,,,,,,,,,,1704.9368287155246,,,,,,
243928800.0,,118.2,661.0,,,,,,,,,,,,,,1.0,51.0,14.0,1.0,21.0,3.0
243943200.0,,,,,,,,,,,,,,0.16144022345542908,,,,,,,,
243986400.0,,,,,,,,,,,,,,,,1704.9434315187698,,,,,,
244051200.0,,,,0.00019534066086634994,-0.047785039991140366,9.53674295089968e-09,-0.06609794497489929,-1.0331471678171056e-08,1.0022764205932617,-2.227073309768457e-06,0.013536110520362854,0.17780911922454834,0.8380029797554016,,0.00012501941005724592,,,,,,,
244092000.0,,230.39999999999998,1557.0,,,,,,,,,,,,,,1.0,100.0,27.0,2.0,43.0,10.0
244190400.0,,186.2,2025.0,,,,,,,,,,,,,,-1.0,100.0,28.0,1.0,34.0,11.0
244389600.0,,,,,,,,,,,,,,,,1705.2526042166621,,,,,,
244420800.0,,230.4,1340.0,,,,,,,,,,,,,,1.0,99.0,27.0,2.0,44.0,10.0
244771200.0,,,,0.00017535715596750379,-0.038659945130348206,-5.9604645663569045e-09,-0.07657436281442642,-1.19209286886246e-09,0.7012388706207275,4.7598811647731054e-07,-0.007115551736205816,0.07114466279745102,0.6229808926582336,,0.00012439757885470296,,,,,,,
244812000.0,,235.2,1286.0,,,,,,,,,,,,,,1.0,100.0,26.0,1.0,49.0,10.0
244812000.0,,125.2,656.0,,,,,,,,,,,,,,1.0,56.0,14.0,1.0,23.0,3.0
244819200.0,,,,0.00019403203623369336,-0.03631754592061043,1.3113021779531664e-08,-0.050931911915540695,-1.2715657859985185e-08,1.2342976331710815,-2.6592873837216757e-05,0.012318011373281479,0.16830460727214813,1.0782864093780518,,0.00012435637693082133,,,,,,,
244838400.0,,,,0.0001942970120580867,-0.06823131442070007,5.563100202721216e-09,-0.09032732993364334,1.2715657859985185e-08,1.4050661325454712,1.1417078894737642e-05,-0.0022619038354605436,0.21810445189476013,1.1847131252288818,,0.00012433990504938467,,,,,,,
244862400.0,,149.2,741.0,,,,,,,,,,,,,,1.0,62.0,15.0,1.0,36.0,4.0
244896000.0,,136.2,695.0,,,,,,,,,,,,,,1.0,57.0,14.0,1.0,29.0,4.0
244932000.0,,,,,,,,,,,,,,,,1705.5695543308664,,,,,,
244987200.0,,116.2,625.0,,,,,,,,,,,,,,1.0,53.0,13.0,1.0,18.0,3.0
245018400.0,,,,,,,,,,,,,,,,1702.7858610061498,,,,,,
245104800.0,,,,0.00019047511159442365,-0.04041001945734024,-5.563100202721216e-09,-0.06536119431257248,-6.755193293628281e-09,1.0412659645080566,-2.4284838218591176e-05,0.021186327561736107,0.13936595618724823,0.9230639934539795,,0.00012411188221317566,,,,,,,
245224800.0,,,,0.00017071148613467813,-0.02303505875170231,-3.5762788286319847e-09,-0.0667928084731102,1.9868215406226852e-10,0.90362948179245,-3.432302037253976e-05,-0.0065575228072702885,0.10850537568330765,0.7885339856147766,,0.00012400948917698916,,,,,,,
245246400.0,,160.39999999999998,975.0,,,,,,,,,,,,,,1.0,80.0,20.0,2.0,16.0,6.0
245296800.0,,161.2,887.0,,,,,,,,,,,,,,1.0,73.0,18.0,1.0,26.0,6.0
245335200.0,,118.2,636.0,,,,,,,,,,,,,,1.0,53.0,13.0,1.0,20.0,3.0
245340000.0,,,,,,,,,,,,,,,,1703.0593247143347,,,,,,
245380800.0,,119.2,626.0,,,,,,,,,,,,,,1.0,52.0,13.0,1.0,22.0,3.0
245464800.0,,,,0.00017719200695864856,-0.030133623629808426,9.139379031353201e-09,-0.06748367846012115,1.3510386587256562e-08,1.1380265951156616,-3.399629713385366e-05,0.013259491883218288,0.3491385877132416,0.802115261554718,,0.00012380530013463614,,,,,,,
245558400.0,,241.2,1466.0,,,,,,,,,,,,,,1.0,101.0,28.0,1.0,48.0,11.0
245572800.0,,,,,,,,,,,,,,,,1703.1991717676674,,,,,,
245575200.0,,,,0.00018915942928288132,-0.06017545238137245,-7.947286384535346e-09,-0.09493933618068695,-8.344650304081824e-09,0.5516797304153442,5.407249045674689e-05,0.017520306631922722,0.09252927452325821,0.4767267107963562,,0.00012371164076836733,,,,,,,
245702400.0,,,,,,,,,,,,,,,,1703.269615013206,,,,,,
245776800.0,,,,0.00022571052249986678,-0.04479058459401131,3.973643192267673e-09,-0.057596512138843536,-1.5894572324981482e-09,0.956432044506073,-3.267453212174587e-05,0.015346947126090527,0.07323439419269562,0.8985142111778259,,0.00012354104625767037,,,,,,,
245851200.0,,100.2,550.0,,,,,,,,,,,,,,1.0,43.0,11.0,1.0,18.0,2.0
245901600.0,,211.2,991.0,,,,,,,,,,,,,,1.0,83.0,20.0,1.0,60.0,7.0
245901600.0,,198.2,1000.0,,,,,,,,,,,,,,1.0,75.0,20.0,1.0,59.0,6.0
245925600.0,,270.2,1910.0,,,,,,,,,,,,,,-1.0,99.0,29.0,1.0,122.0,10.0
245964000.0,,,,0.00019949444686062634,-0.045931391417980194,1.0331471678171056e-08,-0.039809007197618484,-5.563100202721216e-09,0.9721132516860962,-3.706493225763552e-05,-0.0065567586570978165,0.08368030935525894,0.8818410634994507,,0.00012338314172447725,,,,,,,
245995200.0,,280.2,1261.0,,,,,,,,,,,,,,1.0,99.0,26.0,1.0,99.0,9.0
246014400.0,,,,,,,,,,,,,,,,1703.395864250651,,,,,,
246115200.0,,306.2,1718.0,,,,,,,,,,,,,,1.0,100.0,27.0,1.0,115.0,11.0
246151200.0,,,,,,,,,,,,,,0.08142802119255066,,,,,,,,
246184800.0,,,,0.00021693918097298592,-0.030902447178959846,-1.9868215406226852e-10,-0.048339515924453735,1.7484030223613445e-08,0.633474588394165,-2.1547537016886054e-06,0.02185884676873684,0.08261799067258835,0.5727154016494751,,0.00012319752082733045,,,,,,,
246192000.0,,166.2,876.0,,,,,,,,,,,,,,1.0,68.0,18.0,1.0,36.0,6.0
246220800.0,,280.2,1276.0,,,,,,,,,,,,,,1.0,99.0,26.0,1.0,95.0,10.0
246247200.0,,,,0.00016740942373871803,-0.057082876563072205,1.0331471678171056e-08,-0.07186568528413773,3.9736430812453705e-10,0.8490395545959473,-3.395311068743467e-05,0.011758712120354176,0.09429281204938889,0.7664731740951538,,0.0001231451855710395,,,,,,,
246314400.0,,,,,,,,,,,,,,,,1703.4229960442963,,,,,,
246400800.0,,,,,,,,,,,,,,,,1703.4060102024778,,,,,,
246403200.0,,120.2,605.0,,,,,,,,,,,,,,1.0,51.0,13.0,1.0,24.0,3.0
246420000.0,,250.2,1140.0,,,,,,,,,,,,,,1.0,95.0,23.0,1.0,80.0,8.0
246504000.0,,144.2,755.0,,,,,,,,,,,,,,1.0,64.0,16.0,1.0,28.0,4.0
246508800.0,,,,,,,,,,,,,,,,1703.3469053897322,,,,,,
246547200.0,,,,0.0002335631725145504,-0.03227584809064865,1.19209286886246e-09,-0.038485199213027954,-6.1591469702193535e-09,0.9305517077445984,-7.639812793058809e-06,-0.008528928272426128,0.14913982152938843,0.7728776335716248,,0.00012289433036933046,,,,,,,
246554400.0,,,,0.000223603070480749,-0.035927996039390564,-7.947286162490741e-10,-0.051589395850896835,-7.748604424762107e-09,1.33856201171875,1.5323506886488758e-05,0.018688028678297997,0.23631638288497925,1.1209511756896973,,0.00012288832524968727,,,,,,,
246564000.0,,147.2,817.0,,,,,,,,,,,,,,1.0,62.0,17.0,1.0,28.0,5.0
246597600.0,,,,,,,,,,,,,,,,1703.362597547785,,,,,,
246686400.0,,161.2,890.0,,,,,,,,,,,,,,1.0,71.0,18.0,1.0,28.0,6.0
246712800.0,,,,,,,,,,,,,,,,1703.3797746097034,,,,,,
246804000.0,,150.2,740.0,,,,,,,,,,,,,,1.0,61.0,15.0,1.0,38.0,4.0
247015200.0,,,,,,,,,,,,,,0.14268018305301666,,,,,,,,
247017600.0,,,,,,,,,,,,,,,,1703.4659504157366,,,,,,
247053600.0,,,,,,,,,,,,,,0.11344897001981735,,,,,,,,
247094400.0,,,,,,,,,,,,,,,,1703.4758707658377,,,,,,
247204800.0,,,,0.0001710624055704102,-0.050855670124292374,-1.0331471678171056e-08,-0.08151077479124069,1.1126200405442432e-08,0.7129053473472595,1.5754491187180975e-06,0.008757715113461018,0.07041393965482712,0.6512524485588074,,0.00012234884790940031,,,,,,,
247224000.0,,,,,,,,,,,,,,,,1703.5318694486755,,,,,,
247233600.0,,154.2,857.0,,,,,,,,,,,,,,1.0,65.0,18.0,1.0,31.0,5.0
247252800.0,,204.2,1047.0,,,,,,,,,,,,,,1.0,74.0,21.0,1.0,61.0,7.0
247264800.0,,,,0.00015439691196661443,-0.04515913873910904,1.7484030223613445e-08,-0.07676543295383453,8.742015111806722e-09,0.6480667591094971,-3.2553827622905374e-05,0.012775933369994164,0.09368244558572769,0.5671291947364807,,0.00012229937858297397,,,,,,,
247269600.0,,,,,,,,,,,,,,,,1703.5040671740694,,,,,,
247346400.0,,139.2,745.0,,,,,,,,,,,,,,1.0,58.0,15.0,1.0,30.0,4.0
247351200.0,,,,0.00017387686239089817,-0.026554429903626442,-1.9868215406226852e-10,-0.0377085879445076,6.1591469702193535e-09,0.6958441734313965,1.0994246622431092e-05,-0.004920674487948418,0.10597098618745804,0.5849652290344238,,0.00012222823132558433,,,,,,,
247432800.0,,,,0.00016972603043541312,-0.026708362624049187,-5.9604643443123e-10,-0.04140522703528404,-1.1126200405442432e-08,0.9458181262016296,-1.4549782463291194e-05,0.016594059765338898,0.07570534199476242,0.8866939544677734,,0.0001221611327346961,,,,,,,
247492800.0,,175.2,811.0,,,,,,,,,,,,,,1.0,65.0,17.0,1.0,53.0,5.0
247516800.0,,,,0.00020953017519786954,-0.045758459717035294,6.357828929992593e-09,-0.05438484251499176,-9.934107980669182e-10,0.7972863912582397,1.4349193406815175e-05,-0.0015027542831376195,0.11815483123064041,0.6776452660560608,,0.00012209215816198375,,,,,,,
247538400.0,,,,,,,,,,,,,,,,1703.4925030727995,,,,,,
247720800.0,,,,0.00020954724459443241,-0.04476776719093323,-7.152557657263969e-09,-0.04299395531415939,8.742015111806722e-09,0.8558558225631714,-5.03790688526351e-05,0.010768775828182697,0.09966372698545456,0.766912579536438,,0.00012192506063830454,,,,,,,
247768800.0,,,,,,,,,,,,,,,,1703.5894747493646,,,,,,
247809600.0,,,,0.0001838725438574329,-0.04053705185651779,-6.95387525340152e-10,-0.05885954201221466,5.165735839085528e-09,0.9142342805862427,-4.897216058452614e-06,-0.019390298053622246,0.10662484914064407,0.7882161140441895,,0.00012185250661370571,,,,,,,
247876800.0,,,,0.00017542201385367662,-0.02654813602566719,-2.1855037779516806e-09,-0.039795611053705215,-1.1324882365215672e-08,0.8935317397117615,3.867403938784264e-05,0.016396943479776382,0.13283783197402954,0.7771312594413757,,0.00012179767452189484,,,,,,,
247968000.0,,102.2,540.0,,,,,,,,,,,,,,1.0,44.0,11.0,1.0,19.0,2.0
247977600.0,,,,0.00019587842689361423,-0.05676719918847084,-8.344650304081824e-09,-0.059275444597005844,7.152557657263969e-09,1.175950527191162,-5.000368219043594e-06,-0.0014032950857654214,0.12221760302782059,1.0523264408111572,,0.00012171554543266122,,,,,,,
248016000.0,,235.2,1541.0,,,,,,,,,,,,,,1.0,100.0,28.0,1.0,43.0,11.0
248049600.0,,,,,,,,,,,,,,,,1703.7408359181807,,,,,,
248092800.0,,,,,,,,,,,,,,,,1703.7616097453486,,,,,,
248193600.0,,156.2,787.0,,,,,,,,,,,,,,1.0,66.0,16.0,1.0,34.0,5.0
248196000.0,,,,0.00021457440743688494,-0.04752587527036667,-8.742015111806722e-09,-0.07352853566408157,-9.139379031353201e-09,0.7609578967094421,1.581374635861721e-05,0.014307359233498573,0.09129258990287781,0.6839905977249146,,0.00012153808955645293,,,,,,,
248263200.0,,228.2,1058.0,,,,,,,,,,,,,,1.0,87.0,22.0,1.0,71.0,7.0
248436000.0,,208.2,1051.0,,,,,,,,,,,,,,1.0,86.0,22.0,1.0,52.0,7.0
248450400.0,,194.2,1945.0,,,,,,,,,,,,,,-1.0,100.0,30.0,1.0,44.0,10.0
248515200.0,,,,,,,,,,,,,,,,1703.849432695962,,,,,,
248563200.0,,156.2,1150.0,,,,,,,,,,,,,,-1.0,74.0,21.0,1.0,57.0,6.0
248628000.0,,121.2,630.0,,,,,,,,,,,,,,1.0,54.0,13.0,1.0,22.0,3.0
248659200.0,,,,,,,,,,,,,,,,1703.9063786751772,,,,,,
248683200.0,,,,,,,,,,,,,,,,1703.9179801416426,,,,,,
248724000.0,,154.2,751.0,,,,,,,,,,,,,,1.0,63.0,16.0,1.0,39.0,4.0
248733600.0,,,,,,,,,,,,,,,,1703.9410890050385,,,,,,
248805600.0,,,,,,,,,,,,,,,,1703.9751034539647,,,,,,
249028800.0,,209.2,1160.0,,,,,,,,,,,,,,1.0,96.0,24.0,1.0,37.0,8.0
249170400.0,,,,0.00022252216876950115,-0.08923114091157913,-3.774960788405224e-09,-0.10352262109518051,-3.9736430812453705e-10,1.0841703414916992,-6.598580512218177e-05,0.018875591456890106,0.09166799485683441,1.0113141536712646,,0.00012075456296050793,,,,,,,
249412800.0,,164.2,875.0,,,,,,,,,,,,,,1.0,73.0,18.0,1.0,29.0,6.0
249458400.0,,,,0.000196858833078295,-0.0558927059173584,-1.6887982567936888e-08,-0.07445240020751953,-9.53674295089968e-09,0.969531238079071,-3.375758751644753e-05,-0.011193295940756798,0.16044823825359344,0.7978578805923462,,0.00012052555160164773,,,,,,,
249520800.0,,,,0.0002323147200513631,-0.058573972433805466,-1.152356521316733e-08,-0.07092984765768051,-6.556510889765832e-09,0.8829067349433899,1.0674702934920788e-05,-0.0025305047165602446,0.12335006892681122,0.7570391297340393,,0.0001204760876266938,,,,,,,
249540000.0,,,,,,,,,,,,,,,,1704.252588875912,,,,,,
249602400.0,,,,0.00020093799685128033,-0.034576620906591415,-7.947286162490741e-10,-0.06582599133253098,9.139379031353201e-09,0.786327064037323,9.524142114969436e-06,0.0010702761355787516,0.1283663958311081,0.659042477607727,,0.00012041148742107472,,,,,,,
249686400.0,,,,0.00019934054580517113,-0.0435999371111393,-1.2715657859985185e-08,-0.06404895335435867,-3.9736430812453705e-10,0.8215522766113281,-4.630436706065666e-06,-0.018515216186642647,0.08999276161193848,0.7130416631698608,,0.00012034508605002721,,,,,,,
249691200.0,,139.2,741.0,,,,,,,,,,,,,,1.0,57.0,15.0,1.0,31.0,4.0
249760800.0,,,,0.00021866850147489458,-0.03362651914358139,6.95387525340152e-09,-0.049841005355119705,-6.755193293628281e-09,1.004114031791687,-5.4685187933500856e-05,0.014382600784301758,0.09327121824026108,0.9251728653907776,,0.00012028635718622871,,,,,,,
249760800.0,,,,,,,,,,,,,,,,1704.3686386822517,,,,,,
249852000.0,,,,,,,,,,,,,,,,1704.4316446714827,,,,,,
249876000.0,,267.2,1933.0,,,,,,,,,,,,,,-1.0,99.0,29.0,1.0,119.0,10.0
249952800.0,,119.2,630.0,,,,,,,,,,,,,,1.0,53.0,13.0,1.0,21.0,3.0
249969600.0,,218.2,1202.0,,,,,,,,,,,,,,1.0,99.0,25.0,1.0,38.0,9.0
249979200.0,,,,,,,,,,,,,,,,1704.4248291897338,,,,,,
249988800.0,,,,0.00019633752526715398,-0.07731866091489792,2.304713042633466e-08,-0.11965987086296082,-2.781550101360608e-09,0.7860606908798218,-1.5685511698393384e-06,-0.02442428097128868,0.12717539072036743,0.6344614028930664,,0.00012010687216474852,,,,,,,
250120800.0,,,,,,,,,,,,,,,,1702.0225685482653,,,,,,
250260000.0,,,,,,,,,,,,,,0.0972352847456932,,,,,,,,
250413600.0,,,,,,,,,,,,,,0.09649530798196793,,,,,,,,
250548000.0,,,,,,,,,,,,,,,,1702.2867995674865,,,,,,
250632000.0,,302.2,1651.0,,,,,,,,,,,,,,1.0,100.0,28.0,1.0,110.0,11.0
250651200.0,,202.2,1151.0,,,,,,,,,,,,,,1.0,88.0,24.0,1.0,38.0,8.0
250658400.0,,116.2,630.0,,,,,,,,,,,,,,1.0,50.0,13.0,1.0,21.0,3.0
250713600.0,,,,0.000231109035667032,-0.07769375294446945,-9.934107980669182e-10,-0.11300407350063324,8.543332263855064e-09,0.9726167917251587,3.3578577131265774e-05,0.004661097656935453,0.1572701334953308,0.820043683052063,,0.00011954122214323637,,,,,,,
250730400.0,,123.2,651.0,,,,,,,,,,,,,,1.0,54.0,14.0,1.0,23.0,3.0
250735200.0,,140.2,741.0,,,,,,,,,,,,,,1.0,61.0,15.0,1.0,28.0,4.0
250773600.0,,105.2,555.0,,,,,,,,,,,,,,1.0,45.0,12.0,1.0,20.0,2.0
250845600.0,,166.2,756.0,,,,,,,,,,,,,,1.0,62.0,16.0,1.0,52.0,4.0
250874400.0,,188.2,901.0,,,,,,,,,,,,,,1.0,76.0,19.0,1.0,49.0,6.0
250893600.0,,,,,,,,,,,,,,,,1702.194616891449,,,,,,
250970400.0,,,,,,,,,,,,,,,,1702.1725513725464,,,,,,
250987200.0,,,,0.0001856740127550438,-0.0932636633515358,7.947286162490741e-10,-0.10844915360212326,3.9736430812453705e-10,1.5926425457000732,1.682522997725755e-05,-0.004568058531731367,0.2995697557926178,1.2885234355926514,,0.00011932965085658427,,,,,,,
251109600.0,,184.2,907.0,,,,,,,,,,,,,,1.0,76.0,19.0,1.0,45.0,6.0
251136000.0,,158.2,918.0,,,,,,,,,,,,,,1.0,76.0,19.0,1.0,19.0,6.0
251145600.0,,,,0.000218168759602122,-0.07543965429067612,1.9470851597702676e-08,-0.07798833400011063,-3.973643192267673e-09,0.9971362352371216,3.117763844784349e-05,0.006024133414030075,0.09931953996419907,0.9038742184638977,,0.00011920765238447322,,,,,,,
251169600.0,,,,,,,,,,,,,,,,1702.2382729699652,,,,,,
251227200.0,,132.2,718.0,,,,,,,,,,,,,,1.0,59.0,15.0,1.0,22.0,4.0
251292000.0,,137.2,751.0,,,,,,,,,,,,,,1.0,63.0,16.0,1.0,22.0,4.0
251311200.0,,,,,,,,,,,,,,,,1702.3015298450414,,,,,,
251448000.0,,117.2,625.0,,,,,,,,,,,,,,1.0,53.0,13.0,1.0,19.0,3.0
251534400.0,,,,0.000255774735705927,-0.06821277737617493,-9.53674295089968e-09,-0.06976285576820374,-2.582867919542764e-09,0.9036782383918762,2.2935570086701773e-05,-0.010558269917964935,0.15606021881103516,0.737085223197937,,0.0001189097280215688,,,,,,,
251673600.0,,147.2,747.0,,,,,,,,,,,,,,1.0,63.0,15.0,1.0,33.0,4.0
251719200.0,,,,,,,,,,,,,,0.10783810913562775,,,,,,,,
251769600.0,,,,0.00020218800636939704,-0.04622397944331169,-7.947286162490741e-10,-0.06044875457882881,-1.0728836485895954e-08,0.7773356437683105,1.5160090697463602e-05,0.017760029062628746,0.09511249512434006,0.7000003457069397,,0.00011873055677693701,,,,,,,
251772000.0,,150.2,815.0,,,,,,,,,,,,,,1.0,71.0,17.0,1.0,22.0,5.0
251786400.0,,,,,,,,,,,,,,,,1702.3959963425064,,,,,,
251868000.0,,168.2,876.0,,,,,,,,,,,,,,1.0,73.0,18.0,1.0,33.0,6.0
251875200.0,,,,,,,,,,,,,,,,1702.4055892577348,,,,,,
251887200.0,,237.2,1665.0,,,,,,,,,,,,,,1.0,100.0,28.0,1.0,45.0,11.0
251928000.0,,207.2,941.0,,,,,,,,,,,,,,1.0,78.0,19.0,1.0,66.0,6.0
251964000.0,,153.2,827.0,,,,,,,,,,,,,,1.0,68.0,17.0,1.0,28.0,5.0
251988000.0,,,,0.0002596307604108006,-0.0512700229883194,9.139379031353201e-09,-0.07924124598503113,-1.0331471678171056e-08,0.8667139410972595,-5.321275239111856e-06,0.0005683478666469455,0.14005382359027863,0.7272257804870605,,0.00011856489649927633,,,,,,,
252124800.0,,,,,,,,,,,,,,,,1702.5198653403065,,,,,,
252180000.0,,,,0.00026681911549530923,-0.0473988875746727,1.7881394143159923e-09,-0.07598678767681122,4.76837147544984e-09,0.7925542593002319,1.768002584867645e-05,0.005431377794593573,0.10027547180652618,0.697730541229248,,0.0001184198289290767,,,,,,,
252213600.0,,,,,,,,,,,,,,,,1702.5754455782044,,,,,,
252477600.0,,,,,,,,,,,,,,,,1702.6953826085833,,,,,,
252571200.0,,,,0.00022128780256025493,-0.03240705654025078,-3.874302212381053e-09,-0.05165315046906471,-3.1789144649962964e-09,0.8955503106117249,-2.275744373037014e-05,-0.00046201099758036435,0.1038980633020401,0.7911697030067444,,0.00011812590039549906,,,,,,,
252650400.0,,,,0.00022425703355111182,-0.05522128567099571,-2.38418573772492e-09,-0.06246946007013321,-2.38418573772492e-09,1.1008182764053345,5.0858619943028316e-05,0.011530625633895397,0.13185308873653412,0.9805490374565125,,0.00011806666262104818,,,,,,,
252662400.0,,,,,,,,,,,,,,,,1702.7504143923043,,,,,,
252679200.0,,209.2,1240.0,,,,,,,,,,,,,,1.0,90.0,25.0,1.0,38.0,9.0
252782400.0,,,,0.00024990265956148505,-0.06884733587503433,-2.582867919542764e-09,-0.09206885099411011,-4.470348535789981e-09,0.6628034114837646,-8.924409485189244e-06,2.272407255077269e-05,0.09619118273258209,0.5666285753250122,,0.00011796813469091678,,,,,,,
252794400.0,,,,0.00018644735973794013,-0.04036465287208557,-4.76837147544984e-09,-0.07951913774013519,-5.9604645663569045e-09,0.8625670671463013,-3.5582033888204023e-06,0.013029761612415314,0.14289608597755432,0.7326989769935608,,0.0001179591901133142,,,,,,,
252873600.0,,,,0.00020208591013215482,-0.04989183694124222,-1.390775050680304e-08,-0.0782785564661026,5.761782606583665e-09,0.9399873614311218,-2.566659895819612e-05,-0.0023631667718291283,0.10452169179916382,0.8330788612365723,,0.00011790020820217687,,,,,,,
252892800.0,,126.2,675.0,,,,,,,,,,,,,,1.0,54.0,14.0,1.0,22.0,4.0
252912000.0,,233.2,1446.0,,,,,,,,,,,,,,1.0,101.0,29.0,1.0,43.0,10.0
252921600.0,,,,0.00023208568745758384,-0.04739314317703247,0.0,-0.06760083884000778,2.781550101360608e-09,1.014184594154358,-3.525604188325815e-05,0.017772026360034943,0.17229537665843964,0.8596283197402954,,0.00011786450581074307,,,,,,,
252960000.0,,,,,,,,,,,,,,,,1702.8660702815655,,,,,,
253173600.0,,,,0.00025191978784278035,-0.06838984042406082,2.4239222184974096e-08,-0.06651568412780762,2.781550101360608e-09,0.9194977879524231,-3.421505243750289e-05,0.0022939504124224186,0.1533864289522171,0.7683736085891724,,0.0001176776161975311,,,,,,,
253214400.0,,,,,,,,,,,,,,,,1703.0342163355142,,,,,,
253248000.0,,188.2,2090.0,,,,,,,,,,,,,,-1.0,100.0,28.0,1.0,36.0,11.0
253284000.0,,157.2,823.0,,,,,,,,,,,,,,1.0,67.0,17.0,1.0,33.0,5.0
253315200.0,,,,,,,,,,,,,,,,1703.0940231134525,,,,,,
253336800.0,,184.2,1363.0,,,,,,,,,,,,,,-1.0,83.0,26.0,1.0,63.0,8.0
253377600.0,,144.2,750.0,,,,,,,,,,,,,,1.0,61.0,15.0,1.0,32.0,4.0
253380000.0,,,,0.0002646248321980238,-0.059339333325624466,-6.357828929992593e-09,-0.05365472286939621,-1.0331471678171056e-08,1.1108990907669067,3.357014793436974e-05,-0.019134681671857834,0.14815111458301544,0.943649411201477,,0.00011752523110553268,,,,,,,
253536000.0,,188.2,1910.0,,,,,,,,,,,,,,-1.0,100.0,29.0,1.0,39.0,10.0
253569600.0,,186.2,1945.0,,,,,,,,,,,,,,-1.0,99.0,29.0,1.0,38.0,10.0
253572000.0,,277.2,1315.0,,,,,,,,,,,,,,1.0,101.0,27.0,1.0,89.0,10.0
253576800.0,,,,0.00019344214524608105,-0.06604725122451782,-1.3013680799645044e-08,-0.09419969469308853,-7.152557657263969e-09,0.916484534740448,-3.933301195502281e-05,0.0070898146368563175,0.13762079179286957,0.7859160900115967,,0.00011738051005794453,,,,,,,
253764000.0,,,,0.0003129112010356039,-0.049446213990449905,1.9868215961338365e-09,-0.05309344083070755,4.76837147544984e-09,0.8574501276016235,-6.012948870193213e-05,0.007025465369224548,0.1351558417081833,0.7292627096176147,,0.00011724337128728324,,,,,,,
253814400.0,,298.2,1465.0,,,,,,,,,,,,,,1.0,99.0,29.0,1.0,110.0,10.0
253960800.0,,,,,,,,,,,,,,,,1703.3374684795708,,,,,,
254080800.0,,229.39999999999998,1481.0,,,,,,,,,,,,,,1.0,100.0,25.0,2.0,44.0,10.0
254085600.0,,137.2,721.0,,,,,,,,,,,,,,1.0,54.0,15.0,1.0,32.0,4.0
254320800.0,,108.2,595.0,,,,,,,,,,,,,,1.0,48.0,12.0,1.0,20.0,2.0
254479200.0,,,,0.0002713774738367647,-0.06441222131252289,-4.76837147544984e-09,-0.08066041767597198,0.0,1.1119924783706665,-3.9004673453746364e-05,0.003394480561837554,0.12067567557096481,0.9946750998497009,,0.0001167241333601883,,,,,,,
254486400.0,,247.2,1568.0,,,,,,,,,,,,,,1.0,100.0,28.0,1.0,55.0,11.0
254508000.0,,,,0.0003171393182128668,-0.054034095257520676,1.668930060816365e-08,-0.07611006498336792,-7.549921576810448e-09,1.2836710214614868,4.948510468238965e-05,-0.02914026938378811,0.15940828621387482,1.0951751470565796,,0.00011670338083875853,,,,,,,
254536800.0,,109.2,570.0,,,,,,,,,,,,,,1.0,48.0,12.0,1.0,17.0,3.0
254592000.0,,186.6,1070.0,,,,,,,,,,,,,,1.0,86.0,22.0,3.0,30.0,7.0
254604000.0,,,,0.0002484112628735602,-0.07713678479194641,-5.066394859198908e-09,-0.09442474693059921,-2.1855037779516806e-09,1.0155525207519531,-6.9802986217837315e-06,-0.012604642659425735,0.11386699974536896,0.8890763521194458,,0.00011663429334325134,,,,,,,
254654400.0,,125.2,651.0,,,,,,,,,,,,,,1.0,55.0,14.0,1.0,24.0,3.0
254692800.0,,,,0.00023258620058186352,-0.07667915523052216,3.9736430812453705e-10,-0.10894071310758591,-1.5894572324981482e-09,1.0225015878677368,3.3489091038063634e-06,-0.019952161237597466,0.07640355080366135,0.9261515736579895,,0.00011657050740975365,,,,,,,
254721600.0,,,,0.0002661370381247252,-0.061311908066272736,-4.76837147544984e-09,-0.09012836962938309,4.76837147544984e-09,1.0695337057113647,-1.3383481018536258e-05,-0.006664115469902754,0.13595391809940338,0.9269048571586609,,0.00011654984485602462,,,,,,,
254743200.0,,189.0,1892.0,,,,,,,,,,,,,,-1.0,100.0,28.0,5.0,36.0,11.0
254769600.0,,160.2,868.0,,,,,,,,,,,,,,1.0,72.0,19.0,1.0,29.0,5.0
254964000.0,,,,0.0002278985339216888,-0.07854942977428436,4.76837147544984e-09,-0.09838874638080597,6.357828929992593e-09,0.7651791572570801,3.389547418919392e-05,-0.007384882308542728,0.11026471853256226,0.6475657224655151,,0.00011637641623872937,,,,,,,
255019200.0,,288.2,1541.0,,,,,,,,,,,,,,1.0,101.0,30.0,1.0,97.0,10.0
255036000.0,,,,,,,,,,,,,,,,1701.240777912897,,,,,,
255057600.0,,,,0.00024925690377131104,-0.04754940792918205,-7.947286162490741e-10,-0.07207696884870529,-2.38418573772492e-09,0.8595997095108032,1.3198863371144398e-06,-0.00832998938858509,0.09129469096660614,0.7599788308143616,,0.00011630967911452305,,,,,,,
255232800.0,,180.59999999999997,1885.0,,,,,,,,,,,,,,-1.0,99.0,29.0,3.0,32.0,10.0
255244800.0,,,,0.00028443607152439654,-0.07905659824609756,-5.364418242947977e-09,-0.08838852494955063,9.53674295089968e-09,0.7785294055938721,-1.6093355952762067e-05,-0.0036658395547419786,0.12420077621936798,0.6506495475769043,,0.00011617659025770588,,,,,,,
255340800.0,,179.4,887.0,,,,,,,,,,,,,,1.0,74.0,18.0,2.0,43.0,6.0
255427200.0,,,,,,,,,,,,,,,,1701.3447052076174,,,,,,
255441600.0,,143.2,741.0,,,,,,,,,,,,,,1.0,62.0,15.0,1.0,30.0,4.0
255501600.0,,238.2,1641.0,,,,,,,,,,,,,,-1.0,96.0,33.0,1.0,97.0,8.0
255571200.0,,,,0.00020014609617646784,-0.030225181952118874,1.0728836485895954e-08,-0.04274902120232582,-9.934107980669182e-10,0.7849475741386414,3.662588642328046e-05,0.0032124719582498074,0.04637935757637024,0.7418193817138672,,0.00011594576827692877,,,,,,,
255576000.0,,,,,,,,,,,,,,,,1701.443104241536,,,,,,
255674400.0,,,,,,,,,,,,,,,,1701.4972176017097,,,,,,
255705600.0,,115.2,630.0,,,,,,,,,,,,,,1.0,53.0,13.0,1.0,17.0,3.0
255739200.0,,185.39999999999998,972.0,,,,,,,,,,,,,,1.0,82.0,20.0,2.0,35.0,7.0
255751200.0,,,,0.00027766215498559177,-0.059640370309352875,-3.019968630724179e-08,-0.08337397873401642,1.390775050680304e-08,0.7079697847366333,-5.3508705605054274e-05,-0.004128431901335716,0.07887748628854752,0.6249131560325623,,0.0001158191465697414,,,,,,,
255792000.0,,,,0.00027620402397587895,-0.07809050381183624,9.53674295089968e-09,-0.09158331900835037,-6.755193293628281e-09,1.031410574913025,-1.6899313777685165e-05,0.0024369859602302313,0.12944121658802032,0.9043921232223511,,0.000115790511912501,,,,,,,
255806400.0,,,,,,,,,,,,,,,,1701.5705313140704,,,,,,
255873600.0,,164.39999999999998,1615.0,,,,,,,,,,,,,,-1.0,100.0,27.0,2.0,21.0,9.0
256089600.0,,247.2,1205.0,,,,,,,,,,,,,,1.0,84.0,25.0,1.0,86.0,8.0
256195200.0,,237.2,1621.0,,,,,,,,,,,,,,1.0,100.0,28.0,1.0,45.0,11.0
256226400.0,,126.2,676.0,,,,,,,,,,,,,,1.0,57.0,14.0,1.0,19.0,4.0
256238400.0,,286.2,1381.0,,,,,,,,,,,,,,1.0,100.0,28.0,1.0,94.0,11.0
256284000.0,,320.2,1748.0,,,,,,,,,,,,,,1.0,100.0,28.0,1.0,128.0,11.0
256291200.0,,,,,,,,,,,,,,,,1701.6998864150428,,,,,,
256305600.0,,116.2,646.0,,,,,,,,,,,,,,1.0,53.0,13.0,1.0,18.0,3.0
256442400.0,,,,,,,,,,,,,,0.1367758810520172,,,,,,,,
256444800.0,,,,0.00024169798416551203,-0.047979678958654404,9.735425798851338e-09,-0.07028132677078247,-1.0331471678171056e-08,0.682170569896698,2.4990813471958973e-05,0.013778858818113804,0.08970446139574051,0.6062723994255066,,0.00011533569289672926,,,,,,,
256512000.0,,198.2,1140.0,,,,,,,,,,,,,,1.0,92.0,23.0,1.0,31.0,8.0
256576800.0,,,,0.0002548980410210788,-0.04923344403505325,-5.165735839085528e-09,-0.0909757912158966,5.563100202721216e-09,1.0454087257385254,-5.491014235303737e-05,0.016745466738939285,0.17917314171791077,0.8829286694526672,,0.00011524449004566718,,,,,,,
256636800.0,,117.2,1010.0,,,,,,,,,,,,,,1.0,37.0,10.0,1.0,34.0,4.0
256656000.0,,,,0.00024297874188050628,-0.029266923666000366,1.1126200405442432e-08,-0.023147473111748695,7.947286384535346e-09,0.7750253081321716,-3.5220371501054615e-05,0.018210986629128456,0.12209249287843704,0.6711110472679138,,0.00011518989191659123,,,,,,,
256658400.0,,215.2,1045.0,,,,,,,,,,,,,,1.0,79.0,21.0,1.0,67.0,7.0
256716000.0,,,,0.00021465978352352977,-0.06388358026742935,1.9272169637929437e-08,-0.07905439287424088,1.9868215961338365e-09,0.8799124956130981,-1.015762063616421e-05,0.01338445395231247,0.1394803375005722,0.7538085579872131,,0.0001151485914318137,,,,,,,
256756800.0,,130.2,662.0,,,,,,,,,,,,,,1.0,55.0,14.0,1.0,25.0,4.0
256816800.0,,157.2,818.0,,,,,,,,,,,,,,1.0,67.0,17.0,1.0,33.0,5.0
256816800.0,,248.2,1162.0,,,,,,,,,,,,,,1.0,87.0,24.0,1.0,81.0,9.0
256855200.0,,191.2,1933.0,,,,,,,,,,,,,,-1.0,100.0,28.0,1.0,39.0,11.0
256934400.0,,130.2,705.0,,,,,,,,,,,,,,1.0,60.0,15.0,1.0,19.0,4.0
257044800.0,,,,,,,,,,,,,,,,1702.0048742245401,,,,,,
257049600.0,,120.2,656.0,,,,,,,,,,,,,,1.0,56.0,14.0,1.0,18.0,3.0
257052000.0,,,,0.00024551755632273853,-0.0256472397595644,-1.0132789718397817e-08,-0.023913750424981117,-9.735425798851338e-09,1.1667040586471558,-3.697583088069223e-05,0.017762120813131332,0.11864744126796722,1.065784215927124,,0.00011491829300140463,,,,,,,
257052000.0,,,,,,,,,,,,,,,,1702.0009147901242,,,,,,
257148000.0,,100.2,525.0,,,,,,,,,,,,,,1.0,43.0,11.0,1.0,18.0,2.0
257160000.0,,,,0.00027856370434165,-0.04677562415599823,3.973643192267673e-09,-0.05712370574474335,-1.1126200405442432e-08,0.9180517196655273,-1.974279985006433e-05,-0.00846832524985075,0.11343856155872345,0.7961279153823853,,0.00011484462353444668,,,,,,,
257217600.0,,,,0.00019454579160083085,-0.06448211520910263,3.973643192267673e-09,-0.08302434533834457,-4.76837147544984e-09,0.8921170830726624,-1.0108688911714125e-05,-0.008880001492798328,0.07931752502918243,0.8039114475250244,,0.00011480540383370074,,,,,,,
257232000.0,,,,0.00019895659352187067,-0.047777920961380005,-7.152557657263969e-09,-0.04902596399188042,-7.947286384535346e-09,1.5270686149597168,1.655822416068986e-05,0.024750446900725365,0.41897252202033997,1.1328651905059814,,0.00011479560659362399,,,,,,,
257251200.0,,145.2,735.0,,,,,,,,,,,,,,1.0,61.0,15.0,1.0,33.0,4.0
257407200.0,,,,0.00021147671213839203,-0.03704488277435303,2.582867919542764e-09,-0.06241418421268463,-2.2848447578383002e-09,0.6781537532806396,-9.082355063583236e-07,0.011410744860768318,0.05845310166478157,0.6311125755310059,,0.0001146766531637778,,,,,,,
257604000.0,,,,,,,,,,,,,,,,1702.2271478653813,,,,,,
257736000.0,,178.2,1000.0,,,,,,,,,,,,,,1.0,77.0,20.0,1.0,33.0,7.0
257995200.0,,231.2,1096.0,,,,,,,,,,,,,,1.0,84.0,22.0,1.0,73.0,8.0
258019200.0,,94.2,500.0,,,,,,,,,,,,,,1.0,41.0,10.0,1.0,15.0,2.0
258064800.0,,,,0.00036516881664283574,-0.029604803770780563,0.0,-0.022282056510448456,-5.165735839085528e-09,0.8057730793952942,5.231981776887551e-05,0.0031114297453314066,0.11157838255167007,0.6973620653152466,,0.00011423423720710882,,,,,,,
258232800.0,,,,,,,,,,,,,,,,1702.2572925967652,,,,,,
258244800.0,,175.2,948.0,,,,,,,,,,,,,,1.0,77.0,19.0,1.0,35.0,6.0
258290400.0,,,,0.0002895421930588782,-0.03130130469799042,3.9736430812453705e-10,-0.05612826347351074,5.165735839085528e-09,0.671821653842926,-5.107269771542633e-06,0.02748214080929756,0.051668062806129456,0.6476335525512695,,0.0001140839416693376,,,,,,,
258345600.0,,119.2,648.0,,,,,,,,,,,,,,1.0,54.0,13.0,1.0,20.0,3.0
258352800.0,,93.2,482.0,,,,,,,,,,,,,,1.0,38.0,10.0,1.0,17.0,2.0
258460800.0,,,,0.0004060136852785945,-0.04422732815146446,6.357828929992593e-09,-0.03811619430780411,6.357828929992593e-09,0.8613989949226379,-3.237313649151474e-05,0.0073753828182816505,0.12348391860723495,0.7452621459960938,,0.00011397092340440427,,,,,,,
258475200.0,,,,,,,,,,,,,,,,1702.3730503595095,,,,,,
258477600.0,,98.2,522.0,,,,,,,,,,,,,,1.0,43.0,11.0,1.0,16.0,2.0
258556800.0,,181.2,1269.0,,,,,,,,,,,,,,-1.0,93.0,25.0,1.0,59.0,6.0
258614400.0,,225.39999999999998,1305.0,,,,,,,,,,,,,,1.0,101.0,26.0,2.0,42.0,9.0
258722400.0,,,,,,,,,,,,,,,,1702.4964172071673,,,,,,
258792000.0,,100.2,527.0,,,,,,,,,,,,,,1.0,44.0,11.0,1.0,17.0,2.0
258806400.0,,133.2,696.0,,,,,,,,,,,,,,1.0,58.0,14.0,1.0,25.0,4.0
258859200.0,,,,,,,,,,,,,,,,1702.581667219545,,,,,,
258885600.0,,,,0.00027149973902851343,-0.06252598017454147,-1.5894572324981482e-09,-0.07741019129753113,1.152356521316733e-08,0.6246775984764099,-2.1152094632270746e-05,0.02933618240058422,0.08120525628328323,0.5727901458740234,,0.00011369106026807787,,,,,,,
258974400.0,,,,0.00032039161305874586,-0.04537118226289749,-2.781550101360608e-09,-0.057521458715200424,-4.5696895156766004e-09,1.0116974115371704,-1.0564772310317494e-05,0.01248064823448658,0.11494173854589462,0.909229040145874,,0.00011363289849106359,,,,,,,
259106400.0,,,,0.0003413801605347544,-0.05567827820777893,1.9868215961338365e-09,-0.0990491509437561,-5.563100202721216e-09,0.8568090796470642,2.3495998902944848e-05,0.003255717922002077,0.1044258400797844,0.7556658387184143,,0.00011354665973693486,,,,,,,
259243200.0,,,,,,,,,,,,,,,,1702.6619670389289,,,,,,
259305600.0,,,,0.00029139951220713556,-0.06451810151338577,1.4901161193847656e-08,-0.0777873620390892,-7.947286162490741e-10,1.1226756572723389,4.2445637518540025e-05,-0.006632172502577305,0.11392344534397125,1.0021653175354004,,0.00011341701128788622,,,,,,,
259324800.0,,,,0.00026151450583711267,-0.04405638948082924,2.38418573772492e-09,-0.06003696471452713,3.973643192267673e-09,1.1053913831710815,-1.9517334294505417e-05,0.011228523217141628,0.16890530288219452,0.9476977586746216,,0.00011340454644634033,,,,,,,
259404000.0,,185.39999999999998,1789.0,,,,,,,,,,,,,,-1.0,97.0,27.0,2.0,41.0,10.0
259435200.0,,139.2,741.0,,,,,,,,,,,,,,1.0,61.0,15.0,1.0,27.0,4.0
259492800.0,,,,0.0002188871003454551,-0.06422210484743118,1.5894572324981482e-09,-0.07609032094478607,5.9604645663569045e-09,0.8834813237190247,-6.0518075770232826e-05,-0.01554296724498272,0.1275036334991455,0.7403764128684998,,0.0001132957146858354,,,,,,,
259509600.0,,,,0.0002877378137782216,-0.034218914806842804,-1.19209286886246e-09,-0.044341862201690674,-7.152557657263969e-09,0.8625413775444031,2.5795043256948702e-05,0.006752452813088894,0.1086028665304184,0.7607195973396301,,0.0001132848547755308,,,,,,,
259543200.0,,,,,,,,,,,,,,,,1702.832819126262,,,,,,
259687200.0,,304.2,1622.0,,,,,,,,,,,,,,1.0,99.0,29.0,1.0,116.0,10.0
259706400.0,,,,,,,,,,,,,,0.1343441754579544,,,,,,,,
259826400.0,,231.4,1532.0,,,,,,,,,,,,,,1.0,98.0,28.0,2.0,45.0,10.0
259888800.0,,,,0.00026383306249044836,-0.05676909163594246,1.0927518445669193e-08,-0.07118425518274307,-1.3709068547029801e-08,0.7848899960517883,2.673969902389217e-05,0.006975193042308092,0.09393886476755142,0.6979556679725647,,0.00011304085738758949,,,,,,,
259936800.0,,116.2,617.0,,,,,,,,,,,,,,1.0,51.0,13.0,1.0,20.0,3.0
259944000.0,,116.2,618.0,,,,,,,,,,,,,,1.0,52.0,13.0,1.0,19.0,3.0
259972800.0,,222.4,1501.0,,,,,,,,,,,,,,1.0,101.0,28.0,2.0,41.0,8.0
260035200.0,,227.2,1323.0,,,,,,,,,,,,,,1.0,99.0,27.0,1.0,41.0,10.0
260076000.0,,,,,,,,,,,,,,,,1700.6570365872171,,,,,,
260203200.0,,228.2,1541.0,,,,,,,,,,,,,,1.0,99.0,29.0,1.0,40.0,10.0
260244000.0,,146.2,766.0,,,,,,,,,,,,,,1.0,64.0,16.0,1.0,30.0,4.0
260308800.0,,,,0.0002117206167895347,-0.04881485924124718,3.1789144649962964e-09,-0.07208146899938583,-5.9604645663569045e-09,0.7896265387535095,6.356144240271533e-06,0.01187914703041315,0.05201740935444832,0.7494968175888062,,0.00011277312798364758,,,,,,,
260335200.0,,151.2,775.0,,,,,,,,,,,,,,1.0,64.0,16.0,1.0,31.0,5.0
260340000.0,,,,,,,,,,,,,,,,1700.8240427125054,,,,,,
260450400.0,,111.2,585.0,,,,,,,,,,,,,,1.0,47.0,12.0,1.0,20.0,3.0
260539200.0,,127.2,675.0,,,,,,,,,,,,,,1.0,59.0,14.0,1.0,18.0,4.0
260544000.0,,199.2,951.0,,,,,,,,,,,,,,1.0,76.0,20.0,1.0,59.0,6.0
260560800.0,,,,0.0002751207211986184,-0.026189381256699562,-3.973643192267673e-09,-0.025179950520396233,-4.76837147544984e-09,0.7818354368209839,3.3680436899885535e-05,0.002905417699366808,0.08728644251823425,0.6974908113479614,,0.00011261376420584692,,,,,,,
260587200.0,,195.2,1115.0,,,,,,,,,,,,,,1.0,92.0,23.0,1.0,28.0,8.0
260601600.0,,,,0.00022585758415516466,-0.0310042891651392,3.1789144649962964e-09,-0.047216322273015976,1.0331471678171056e-08,0.5691612958908081,3.323668715893291e-05,0.005022311117500067,0.07586274296045303,0.4983563721179962,,0.00011258805241376948,,,,,,,
260630400.0,,,,0.00027037362451665103,-0.0344780758023262,-1.5099843153620895e-08,-0.06338713318109512,1.7881394143159923e-09,1.033737301826477,-2.3881839297246188e-05,0.004364790394902229,0.1279320865869522,0.9101488590240479,,0.00011256991801586302,,,,,,,
260697600.0,,,,0.0002114294038619846,-0.04106351360678673,-7.947286162490741e-10,-0.07528676837682724,-1.5894572324981482e-09,0.7684091925621033,-7.416793778247666e-06,0.01849685236811638,0.09831595420837402,0.6885847449302673,,0.000112527653036275,,,,,,,
260721600.0,,,,0.00026130760670639575,-0.05027128756046295,3.1789144649962964e-09,-0.04270448908209801,-1.3510386587256562e-08,1.062193751335144,-9.058896830538288e-05,-0.004756493493914604,0.06980814784765244,0.987541139125824,,0.00011251257489828105,,,,,,,
260752800.0,,,,0.0003044073819182813,-0.052741046994924545,1.4702479234074417e-08,-0.05335352197289467,4.76837147544984e-09,1.2156559228897095,5.051853077020496e-05,-0.0018534392584115267,0.20640048384666443,1.007455587387085,,0.00011249298630229523,,,,,,,
260908800.0,,243.2,1531.0,,,,,,,,,,,,,,1.0,100.0,28.0,1.0,51.0,11.0
260990400.0,,173.39999999999998,1846.0,,,,,,,,,,,,,,-1.0,100.0,27.0,2.0,30.0,9.0
261040800.0,,,,0.00033662826172076166,-0.03135181590914726,-8.742015111806722e-09,-0.01639515906572342,1.19209286886246e-09,1.128194808959961,-4.3503961933311075e-05,-0.005711032077670097,0.11254648119211197,1.0098971128463745,,0.00011231286188196957,,,,,,,
261052800.0,,,,,,,,,,,,,,,,1701.123975299139,,,,,,
261074400.0,,288.2,1531.0,,,,,,,,,,,,,,1.0,99.0,29.0,1.0,100.0,10.0
261283200.0,,,,0.0002828032593242824,-0.08468091487884521,5.9604645663569045e-09,-0.07908029109239578,1.5894572324981482e-09,0.8865473866462708,0.00011813543824246153,-0.008554401807487011,0.13774366676807404,0.7403702735900879,,0.0001121622277308875,,,,,,,
261362400.0,,101.2,537.0,,,,,,,,,,,,,,1.0,45.0,11.0,1.0,17.0,2.0
261405600.0,,132.2,691.0,,,,,,,,,,,,,,1.0,58.0,14.0,1.0,24.0,4.0
261532800.0,,,,,,,,,,,,,,,,1701.3002609538073,,,,,,
261628800.0,,,,,,,,,,,,,,,,1701.367524985045,,,,,,
261655200.0,,,,,,,,,,,,,,,,1701.393803929557,,,,,,
261676800.0,,125.2,655.0,,,,,,,,,,,,,,1.0,55.0,14.0,1.0,24.0,3.0
261787200.0,,,,0.0002386233682045713,-0.062345799058675766,5.563100202721216e-09,-0.04548018425703049,1.9868215961338365e-09,0.9736298322677612,-6.767492595827207e-05,0.010361169464886189,0.1520112156867981,0.831914484500885,,0.00011185187225641815,,,,,,,
261912000.0,,,,0.00022734836966264993,-0.0321464017033577,1.9868215961338365e-09,-0.05619850754737854,3.9736430812453705e-10,0.9643657207489014,9.304342711402569e-06,0.013602287508547306,0.06412328034639359,0.9138563275337219,,0.0001117756164235897,,,,,,,
262003200.0,,,,,,,,,,,,,,,,1701.4832211010457,,,,,,
262008000.0,,115.2,635.0,,,,,,,,,,,,,,1.0,51.0,13.0,1.0,19.0,3.0
262029600.0,,,,0.0002719744516070932,-0.059200718998909,-9.53674295089968e-09,-0.06839771568775177,5.165735839085528e-09,0.8707967400550842,-1.5183275081653846e-07,-0.013122791424393654,0.11005622893571854,0.7476203441619873,,0.00011170397601220497,,,,,,,
262063200.0,,240.4,1450.0,,,,,,,,,,,,,,1.0,100.0,28.0,2.0,48.0,11.0
262072800.0,,,,,,,,,,,,,,,,1701.4966687162514,,,,,,
262075200.0,,184.2,888.0,,,,,,,,,,,,,,1.0,73.0,18.0,1.0,49.0,6.0
262087200.0,,,,0.00025423296028748155,-0.03354417160153389,-1.5894572324981482e-09,-0.04592487961053848,2.38418573772492e-09,0.7075520157814026,-4.295084727345966e-05,-0.004886936396360397,0.07478735595941544,0.6278373003005981,,0.00011166896334764951,,,,,,,
262089600.0,,,,0.0002402021491434425,-0.04176417738199234,-3.5762788286319847e-09,-0.047550175338983536,-1.390775050680304e-09,0.8967787027359009,-2.7009298719349317e-05,0.013986090198159218,0.14495694637298584,0.7657832503318787,,0.00011166750557875617,,,,,,,
262116000.0,,,,,,,,,,,,,,,,1701.5144393954058,,,,,,
262166400.0,,217.39999999999998,1635.0,,,,,,,,,,,,,,1.0,98.0,25.0,2.0,38.0,9.0
262212000.0,,253.2,1925.0,,,,,,,,,,,,,,-1.0,99.0,29.0,1.0,105.0,10.0
262226400.0,,227.2,1287.0,,,,,,,,,,,,,,1.0,99.0,26.0,1.0,42.0,10.0
262236000.0,,,,0.00023391937429551035,-0.05876333266496658,1.0132789718397817e-08,-0.10462387651205063,1.9868215406226852e-10,0.9519864916801453,-5.9603367844829336e-05,0.012448873370885849,0.22814954817295074,0.7362285256385803,,0.00011157874694354812,,,,,,,
262348800.0,,165.2,873.0,,,,,,,,,,,,,,1.0,75.0,18.0,1.0,28.0,6.0
262351200.0,,132.2,695.0,,,,,,,,,,,,,,1.0,58.0,14.0,1.0,24.0,4.0
262428000.0,,,,,,,,,,,,,,,,1701.4826163915266,,,,,,
262444800.0,,132.2,708.0,,,,,,,,,,,,,,1.0,58.0,15.0,1.0,23.0,4.0
262509600.0,,,,,,,,,,,,,,0.08925209194421768,,,,,,,,
262622400.0,,,,,,,,,,,,,,,,1701.513573864708,,,,,,
262636800.0,,149.2,861.0,,,,,,,,,,,,,,1.0,66.0,18.0,1.0,25.0,5.0
262636800.0,,231.4,1340.0,,,,,,,,,,,,,,1.0,98.0,27.0,2.0,46.0,10.0
262905600.0,,156.2,816.0,,,,,,,,,,,,,,1.0,67.0,17.0,1.0,32.0,5.0
262953600.0,,,,,,,,,,,,,,,,1701.578527842632,,,,,,
263095200.0,,133.2,696.0,,,,,,,,,,,,,,1.0,58.0,14.0,1.0,25.0,4.0
263157600.0,,215.2,1221.0,,,,,,,,,,,,,,1.0,100.0,25.0,1.0,34.0,9.0
263181600.0,,,,,,,,,,,,,,,,1701.5326591268083,,,,,,
263198400.0,,,,0.00021473923698067665,-0.0731094628572464,-3.1193099658821666e-08,-0.10924474149942398,-3.1789144649962964e-09,0.5567950010299683,-1.4358926819113549e-05,0.01661982573568821,0.08820348232984543,0.4851991832256317,,0.00011100337675683076,,,,,,,
263284800.0,,240.39999999999998,1516.0,,,,,,,,,,,,,,1.0,99.0,29.0,2.0,52.0,10.0
263313600.0,,262.2,1840.0,,,,,,,,,,,,,,-1.0,99.0,29.0,1.0,114.0,10.0
263323200.0,,,,,,,,,,,,,,,,1701.5548363104817,,,,,,
263337600.0,,228.4,1511.0,,,,,,,,,,,,,,1.0,99.0,26.0,2.0,47.0,9.0
263340000.0,,,,,,,,,,,,,,,,1701.5608754265552,,,,,,
263366400.0,,,,0.0003166241804137826,-0.029413901269435883,-3.9736430812453705e-10,-0.06182747706770897,-7.947286162490741e-10,1.1698579788208008,-4.356531280791387e-05,0.01891464553773403,0.17565633356571198,1.0130759477615356,,0.00011090438377998068,,,,,,,
263397600.0,,214.4,1080.0,,,,,,,,,,,,,,1.0,87.0,21.0,2.0,58.0,7.0
263479200.0,,,,,,,,,,,,,,,,1701.5899703004766,,,,,,
263536800.0,,237.0,1455.0,,,,,,,,,,,,,,1.0,100.0,28.0,5.0,44.0,11.0
263635200.0,,,,,,,,,,,,,,,,1701.6267585246067,,,,,,
263671200.0,,164.2,940.0,,,,,,,,,,,,,,1.0,75.0,19.0,1.0,26.0,6.0
263712000.0,,147.2,749.0,,,,,,,,,,,,,,1.0,62.0,15.0,1.0,34.0,4.0
263714400.0,,,,0.00021241672220639884,-0.0617944598197937,1.19209286886246e-09,-0.08549436181783676,8.543332263855064e-09,0.8665134906768799,6.93629363013315e-06,0.03033296950161457,0.11861194670200348,0.7782436013221741,,0.00011070069676950836,,,,,,,
263731200.0,,181.4,1042.0,,,,,,,,,,,,,,1.0,83.0,21.0,2.0,29.0,7.0
263786400.0,,,,,,,,,,,,,,,,1701.6557470266514,,,,,,
263853600.0,,236.2,1496.0,,,,,,,,,,,,,,1.0,100.0,28.0,1.0,44.0,11.0
263966400.0,,259.2,1187.0,,,,,,,,,,,,,,1.0,95.0,24.0,1.0,84.0,9.0
263971200.0,,,,,,,,,,,,,,,,1701.6366456842122,,,,,,
263973600.0,,159.2,869.0,,,,,,,,,,,,,,1.0,74.0,18.0,1.0,23.0,6.0
264028800.0,,114.2,581.0,,,,,,,,,,,,,,1.0,49.0,12.0,1.0,21.0,3.0
264045600.0,,,,0.0002589895739220083,-0.06956203281879425,1.1126200405442432e-08,-0.08150789141654968,-7.947286162490741e-10,1.2649470567703247,-3.408403426874429e-05,0.012523649260401726,0.13317027688026428,1.1442689895629883,,0.0001105085610453166,,,,,,,
264057600.0,,,,0.00017772607679944485,-0.06719277799129486,-1.19209286886246e-09,-0.0816468670964241,-2.38418573772492e-09,0.7030388712882996,-6.989745088503696e-06,0.028630169108510017,0.07574237883090973,0.655921459197998,,0.00011050163109160148,,,,,,,
264105600.0,,151.2,767.0,,,,,,,,,,,,,,1.0,63.0,16.0,1.0,32.0,5.0
264139200.0,,140.2,705.0,,,,,,,,,,,,,,1.0,58.0,15.0,1.0,31.0,4.0
264148800.0,,188.6,1810.0,,,,,,,,,,,,,,-1.0,100.0,28.0,3.0,36.0,11.0
264369600.0,,140.2,751.0,,,,,,,,,,,,,,1.0,58.0,16.0,1.0,30.0,4.0
264494400.0,,,,0.0002455956127960235,-0.0783977285027504,2.1855037779516806e-09,-0.10597582906484604,-9.735425798851338e-09,0.8577861189842224,-3.458650462562218e-05,0.013864528387784958,0.08773180842399597,0.7838866710662842,,0.00011025088110217318,,,,,,,
264516000.0,,,,0.00024637611932121217,-0.05735548958182335,5.761782606583665e-09,-0.06443667411804199,9.53674295089968e-09,0.7061144113540649,2.8743428629240952e-05,-0.005282738246023655,0.08184227347373962,0.6190205812454224,,0.00011023855720521522,,,,,,,
264532800.0,,,,,,,,,,,,,,,,1701.700605581185,,,,,,
264648000.0,,223.2,1288.0,,,,,,,,,,,,,,1.0,101.0,26.0,1.0,36.0,10.0
264688800.0,,154.2,826.0,,,,,,,,,,,,,,1.0,61.0,17.0,1.0,36.0,5.0
264696000.0,,132.2,696.0,,,,,,,,,,,,,,1.0,60.0,14.0,1.0,22.0,4.0
264708000.0,,111.2,587.0,,,,,,,,,,,,,,1.0,44.0,12.0,1.0,23.0,3.0
264763200.0,,,,0.0002374352770857513,-0.056278396397829056,-7.947286384535346e-09,-0.055171649903059006,7.152557657263969e-09,0.684658408164978,-3.442226807237603e-05,0.001668167533352971,0.06555061787366867,0.6207439303398132,,0.00011009802641178751,,,,,,,
264818400.0,,,,0.0002314873709110543,-0.027065351605415344,1.5497208849524213e-08,-0.07659514993429184,-2.38418573772492e-09,1.211351752281189,-9.30534315557452e-06,0.027800554409623146,0.12671655416488647,1.1124287843704224,,0.00011006677376367717,,,,,,,
264854400.0,,,,,,,,,,,,,,,,1701.6541322706748,,,,,,
264866400.0,,192.2,1077.0,,,,,,,,,,,,,,1.0,88.0,22.0,1.0,30.0,8.0
264880800.0,,,,,,,,,,,,,,,,1701.649508601933,,,,,,
264885600.0,,,,,,,,,,,,,,,,1701.6514386733431,,,,,,
264926400.0,,101.2,1315.0,,,,,,,,,,,,,,-1.0,55.0,17.0,1.0,29.0,5.0
264931200.0,,183.2,911.0,,,,,,,,,,,,,,1.0,68.0,19.0,1.0,52.0,6.0
264979200.0,,190.2,1764.0,,,,,,,,,,,,,,-1.0,100.0,28.0,1.0,38.0,11.0
264998400.0,,,,0.00026552690542303026,-0.03256310150027275,1.19209286886246e-09,-0.05093761533498764,5.165735839085528e-09,1.0306776762008667,-1.6190162568818778e-05,0.0008311563869938254,0.09090479463338852,0.9405904412269592,,0.00010996518784050848,,,,,,,
265000800.0,0.78,,,,,,,,,,,,,,,,,,,,,
265168800.0,,,,0.0003667352139018476,-0.07067066431045532,1.5894572324981482e-09,-0.10812228173017502,-4.371007555903361e-09,1.0384401082992554,3.575145092327148e-05,0.02185089886188507,0.09310633689165115,0.96722412109375,,0.00010986947828245569,,,,,,,
265176000.0,,,,0.0003502188774291426,-0.05852772668004036,1.0331471678171056e-08,-0.08402030169963837,0.0,0.7801993489265442,2.5699095203890465e-05,0.022324223071336746,0.14414151012897491,0.6584112644195557,,0.00010986544403954773,,,,,,,
265272000.0,,,,,,,,,,,,,,,,1699.4030731540001,,,,,,
265288800.0,,,,0.00019136386981699616,-0.06415162235498428,-3.973643192267673e-09,-0.08232288807630539,2.582867919542764e-09,0.67502361536026,-4.242084105499089e-05,0.00443744333460927,0.11828535050153732,0.5611351728439331,,0.00010980234492234376,,,,,,,
265425600.0,,,,,,,,,,,,,,,,1699.4587230565037,,,,,,
265471200.0,,167.60000000000002,1022.0,,,,,,,,,,,,,,1.0,76.0,20.0,3.0,27.0,6.0
265488000.0,,,,0.0002267940726596862,-0.06864295899868011,3.973643192267673e-09,-0.10533947497606277,-6.357828929992593e-09,0.7721341848373413,-2.3500202587456442e-05,0.029556695371866226,0.05208432301878929,0.7495853304862976,,0.00010969139238346073,,,,,,,
265492800.0,,195.39999999999998,1875.0,,,,,,,,,,,,,,-1.0,99.0,29.0,2.0,47.0,10.0
265579200.0,,,,0.0002532436337787658,-0.07384174317121506,-1.0331471678171056e-08,-0.11295851320028305,-4.271666131927532e-09,0.880622386932373,-6.5484450715302955e-06,0.024501699954271317,0.07154074311256409,0.8335793018341064,,0.00010964079855897227,,,,,,,
265656000.0,,,,0.00024297303752973676,-0.026880519464612007,-1.5099843153620895e-08,-0.012989046052098274,-3.1789144649962964e-09,0.920520544052124,-1.3095179838273907e-06,-0.0173504538834095,0.07171742618083954,0.831453800201416,,0.00010959829252877157,,,,,,,
265696800.0,,,,,,,,,,,,,,0.09225460141897202,,,,,,,,
265713600.0,,,,,,,,,,,,,,,,1699.422101307639,,,,,,
265742400.0,,,,0.00021772600302938372,-0.07000207155942917,6.95387525340152e-09,-0.1076822578907013,-7.947286162490741e-10,0.7057433128356934,7.844585525162984e-06,-0.015584994107484818,0.08091888576745987,0.609249472618103,,0.00010955058179708147,,,,,,,
265778400.0,,,,0.00026887189596891403,-0.058943647891283035,1.4305115314527939e-08,-0.08662582188844681,4.371007555903361e-09,0.8208149671554565,2.1496223780559376e-05,0.0011483259731903672,0.09525711089372635,0.7267303466796875,,0.00010953073625699464,,,,,,,
265946400.0,,,,,,,,,,,,,,0.12472594529390335,,,,,,,,
266032800.0,,,,0.00022225853172130883,-0.057501718401908875,3.973643103449831e-08,-0.08522852510213852,-1.5894572324981482e-09,0.8590635061264038,2.4719314751564525e-05,0.0028465327341109514,0.12398310750722885,0.7379539012908936,,0.00010939106361567136,,,,,,,
266037600.0,,,,,,,,,,,,,,,,1699.4807965058772,,,,,,
266107200.0,,318.2,2116.0,,,,,,,,,,,,,,1.0,100.0,29.0,1.0,129.0,10.0
266116800.0,,,,,,,,,,,,,,,,1699.492051933796,,,,,,
266570400.0,,,,0.00024627838865853846,-0.022728227078914642,-3.9736430812453705e-10,-0.039145853370428085,0.0,0.8104903697967529,1.551989589643199e-05,0.02711699903011322,0.12416013330221176,0.7134652137756348,,0.00010909919018522839,,,,,,,
266625600.0,,,,,,,,,,,,,,,,1699.487627586882,,,,,,
266774400.0,,179.2,1012.0,,,,,,,,,,,,,,1.0,85.0,21.0,1.0,25.0,7.0
266848800.0,,226.4,1296.0,,,,,,,,,,,,,,1.0,100.0,26.0,2.0,40.0,10.0
266899200.0,,131.2,667.0,,,,,,,,,,,,,,1.0,57.0,14.0,1.0,24.0,4.0
266983200.0,,96.2,496.0,,,,,,,,,,,,,,1.0,40.0,10.0,1.0,18.0,2.0
267084000.0,,,,0.0002804892137646675,-0.07893281430006027,6.755193293628281e-09,-0.120443195104599,6.95387525340152e-09,0.9604507684707642,-8.416704076807946e-06,-0.007393961772322655,0.113345667719841,0.8397055268287659,,0.00010882451778525631,,,,,,,
267175200.0,,,,,,,,,,,,,,,,1699.584778097052,,,,,,
267194400.0,,,,0.00023792761203367263,-0.04311739653348923,1.0927518445669193e-08,-0.0746452584862709,1.2715657859985185e-08,0.6216745376586914,2.4539742298657075e-05,0.024546686559915543,0.058409322053194046,0.5878388285636902,,0.00010876600904531244,,,,,,,
267249600.0,,161.2,886.0,,,,,,,,,,,,,,1.0,71.0,18.0,1.0,28.0,6.0
267271200.0,,199.2,1041.0,,,,,,,,,,,,,,1.0,82.0,21.0,1.0,48.0,7.0
267276000.0,,193.2,1037.0,,,,,,,,,,,,,,1.0,84.0,21.0,1.0,40.0,7.0
267314400.0,,,,0.00028640174423344433,-0.05836636945605278,-1.5894572324981482e-09,-0.05967839062213898,9.934107980669182e-10,0.840191125869751,-3.996965824626386e-05,0.012973967008292675,0.10960587114095688,0.7435221076011658,,0.00010870262669806022,,,,,,,
267350400.0,,136.2,677.0,,,,,,,,,,,,,,1.0,58.0,14.0,1.0,28.0,4.0
267352800.0,,117.2,618.0,,,,,,,,,,,,,,1.0,51.0,13.0,1.0,21.0,3.0
267484800.0,,,,0.00017262047913391143,-0.08856824785470963,1.0530154526122715e-08,-0.12928816676139832,1.152356521316733e-08,0.4992838203907013,-3.197921978426166e-05,-0.0070044915191829205,0.04359181970357895,0.44865724444389343,,0.00010861300716721892,,,,,,,
267595200.0,,228.2,1552.0,,,,,,,,,,,,,,1.0,100.0,29.0,1.0,39.0,10.0
267602400.0,,,,0.0002755984605755657,-0.04987549036741257,4.66903049556322e-09,-0.05960988625884056,-2.38418573772492e-09,1.2900152206420898,3.3866133890114725e-05,0.018694857135415077,0.18242144584655762,1.126325249671936,,0.00010855141961607035,,,,,,,
267621600.0,,114.2,587.0,,,,,,,,,,,,,,1.0,48.0,12.0,1.0,22.0,3.0
267751200.0,,162.2,897.0,,,,,,,,,,,,,,1.0,69.0,18.0,1.0,35.0,5.0
267787200.0,,,,0.00022451482072938234,-0.033940576016902924,2.1855037779516806e-09,-0.04080631956458092,3.3775966468141405e-09,0.5573697686195374,3.1945335649652407e-05,0.027288392186164856,0.08112117648124695,0.5035711526870728,,0.00010845507263496806,,,,,,,
267991200.0,,166.2,947.0,,,,,,,,,,,,,,1.0,77.0,19.0,1.0,26.0,6.0
268161600.0,,,,0.0002080662816297263,-0.06708868592977524,3.973643192267673e-09,-0.07927189022302628,1.3709068547029801e-08,1.1482055187225342,-3.4301832783967257e-05,0.02462579868733883,0.12846794724464417,1.0443310737609863,,0.00010826150142162236,,,,,,,
268185600.0,,,,0.00023967880406416953,-0.03991697356104851,3.973643192267673e-09,-0.04428473487496376,-2.38418573772492e-09,0.8797996044158936,1.0047355317510664e-05,-0.011465044692158699,0.10944348573684692,0.7589035034179688,,0.00010824916728866206,,,,,,,
268236000.0,,197.2,912.0,,,,,,,,,,,,,,1.0,76.0,19.0,1.0,58.0,6.0
268284000.0,,,,,,,,,,,,,,,,1699.5100090262029,,,,,,
268288800.0,,149.2,738.0,,,,,,,,,,,,,,1.0,62.0,15.0,1.0,36.0,4.0
268336800.0,,102.2,548.0,,,,,,,,,,,,,,1.0,44.0,11.0,1.0,19.0,2.0
268404000.0,,104.2,551.0,,,,,,,,,,,,,,1.0,45.0,12.0,1.0,19.0,2.0
268485600.0,,207.39999999999998,1246.0,,,,,,,,,,,,,,1.0,101.0,25.0,2.0,25.0,9.0
268761600.0,,161.2,803.0,,,,,,,,,,,,,,1.0,67.0,17.0,1.0,37.0,5.0
268764000.0,,,,0.0002524629235267639,-0.0448228158056736,5.563100202721216e-09,-0.042095936834812164,-3.1789144649962964e-09,0.9648407101631165,-6.220888462848961e-05,0.005618979223072529,0.08129778504371643,0.8891022205352783,,0.00010795462459892308,,,,,,,
268792800.0,,227.2,1280.0,,,,,,,,,,,,,,1.0,100.0,26.0,1.0,41.0,10.0
268915200.0,,,,,,,,,,,,,,,,1699.5885162731338,,,,,,
268984800.0,,217.2,1091.0,,,,,,,,,,,,,,1.0,79.0,22.0,1.0,64.0,8.0
268999200.0,,,,0.00020190613577142358,-0.01138166431337595,-7.947286162490741e-10,-0.024878207594156265,-1.5894572324981482e-09,1.3187364339828491,-4.107433051103726e-05,0.013013353571295738,0.06930408626794815,1.262406587600708,,0.00010783634184274011,,,,,,,
269205600.0,,225.2,1046.0,,,,,,,,,,,,,,1.0,84.0,21.0,1.0,72.0,7.0
269270400.0,,132.2,676.0,,,,,,,,,,,,,,1.0,61.0,14.0,1.0,21.0,4.0
269388000.0,,,,0.00022170539887156337,-0.04778021574020386,4.76837147544984e-09,-0.05739235132932663,-6.357828929992593e-09,1.1526461839675903,-7.755678961984813e-05,0.016080904752016068,0.10535470396280289,1.063297152519226,,0.0001076427046973017,,,,,,,
269400000.0,,,,0.00021200365154072642,-0.043332818895578384,3.9736430812453705e-10,-0.08732964098453522,8.742015111806722e-09,0.7402054667472839,-9.922251592797693e-06,0.002674515824764967,0.0820339247584343,0.66083824634552,,0.00010763676576762165,,,,,,,
269409600.0,,155.39999999999992,1292.0,,,,,,,,,,,,,,-1.0,97.0,26.0,7.0,23.0,7.0
269553600.0,,233.2,1417.0,,,,,,,,,,,,,,1.0,98.0,28.0,1.0,47.0,10.0
269599200.0,,,,0.00026556907687336206,-0.061129506677389145,6.357828929992593e-09,-0.07356985658407211,1.0927518889758403e-09,0.6916418075561523,-3.214453681721352e-05,0.0068078250624239445,0.0918772891163826,0.6065428853034973,,0.00010753850800996737,,,,,,,
269978400.0,,124.2,645.0,,,,,,,,,,,,,,1.0,55.0,13.0,1.0,24.0,3.0
270060000.0,,,,0.00027585154748521745,-0.044225018471479416,-3.1789144649962964e-09,-0.05715087428689003,-1.5894572324981482e-09,1.0546519756317139,-3.087917866650969e-05,0.02121339924633503,0.15379931032657623,0.9220379590988159,,0.00010731358931040174,,,,,,,
270146400.0,,,,,,,,,,,,,,,,1696.9372975175797,,,,,,
270158400.0,,153.2,766.0,,,,,,,,,,,,,,1.0,63.0,16.0,1.0,34.0,5.0
270343200.0,,133.2,693.0,,,,,,,,,,,,,,1.0,58.0,14.0,1.0,25.0,4.0
270350400.0,,134.2,675.0,,,,,,,,,,,,,,1.0,59.0,14.0,1.0,25.0,4.0
270381600.0,,,,,,,,,,,,,,0.10990981012582779,,,,,,,,
270453600.0,,,,,,,,,,,,,,,,1697.1713958842179,,,,,,
270465600.0,,,,0.0002203897456638515,-0.08140664547681808,-4.172325152040912e-09,-0.09740083664655685,-3.3775966468141405e-09,0.9098054766654968,8.273399544123095e-06,0.02400282211601734,0.16408945620059967,0.7697293162345886,,0.00010711836314620366,,,,,,,
270480000.0,,142.2,737.0,,,,,,,,,,,,,,1.0,60.0,15.0,1.0,31.0,4.0
270554400.0,,,,0.00022158674255479127,-0.043814413249492645,7.947286162490741e-10,-0.03648340329527855,3.5762788286319847e-09,0.9103372097015381,-7.415271102217957e-05,0.009639859199523926,0.17737948894500732,0.7425256371498108,,0.0001070759651511151,,,,,,,
270559200.0,,,,0.00023970348411239684,-0.027422908693552017,-1.9868215406226852e-10,-0.048017796128988266,-3.5762788286319847e-09,0.9293360710144043,2.2435302525991574e-05,0.015370245091617107,0.09809356182813644,0.8466375470161438,,0.0001070736768881345,,,,,,,
270573600.0,,,,,,,,,,,,,,,,1697.2619547459121,,,,,,
270655200.0,,,,,,,,,,,,,,,,1697.2712958600544,,,,,,
270679200.0,,,,,,,,,,,,,,,,1697.282466795457,,,,,,
270700800.0,,222.2,1040.0,,,,,,,,,,,,,,1.0,87.0,21.0,1.0,66.0,7.0
270832800.0,,,,0.00023701089958194643,-0.06343095004558563,1.7881394143159923e-09,-0.08231645077466965,-1.0331471678171056e-08,0.8400455713272095,6.119999852671754e-06,0.011946603655815125,0.10090969502925873,0.751090943813324,,0.0001069438430081173,,,,,,,
270890400.0,,,,0.00023520573449786752,-0.0772782415151596,-1.3510386587256562e-08,-0.09669149667024612,-1.390775050680304e-08,0.8635474443435669,-3.1044975912664086e-05,0.02428392879664898,0.1129579171538353,0.774844765663147,,0.0001069166591636529,,,,,,,
270962400.0,,102.2,526.0,,,,,,,,,,,,,,1.0,43.0,11.0,1.0,20.0,2.0
270967200.0,,226.2,1265.0,,,,,,,,,,,,,,1.0,98.0,26.0,1.0,42.0,10.0
271070400.0,,,,0.00021799215755891055,-0.07089975476264954,-7.152557657263969e-09,-0.08739950507879257,-7.549921576810448e-09,0.6866424083709717,-6.282899994403124e-05,0.009308082051575184,0.09061715751886368,0.6052727103233337,,0.00010683204522774512,,,,,,,
271096800.0,,,,,,,,,,,,,,,,1697.2735635770202,,,,,,
271185600.0,,,,0.0002615569974295795,-0.0617629773914814,1.0331471678171056e-08,-0.08144599199295044,-2.38418573772492e-09,0.8058750033378601,-4.437444295035675e-05,0.0019582409877330065,0.12959469854831696,0.6781967878341675,,0.00010677815924718391,,,,,,,
271190400.0,,,,0.00023919522936921567,-0.036154333502054214,3.774960788405224e-09,-0.05327041819691658,2.781550101360608e-09,0.8331092596054077,3.970824764110148e-05,0.01681961491703987,0.07594475895166397,0.7740261554718018,,0.00010677591852078803,,,,,,,
271488000.0,,245.2,1186.0,,,,,,,,,,,,,,1.0,92.0,24.0,1.0,73.0,9.0
271552800.0,,231.2,1076.0,,,,,,,,,,,,,,1.0,86.0,22.0,1.0,71.0,8.0
271622400.0,,,,0.00023527316807303578,-0.030038561671972275,1.9669533557475916e-08,-0.06623604148626328,6.755193293628281e-09,0.8027424812316895,2.246511576231569e-05,0.010909387841820717,0.11870735138654709,0.6949692964553833,,0.00010657573569887377,,,,,,,
271639200.0,,212.2,1161.0,,,,,,,,,,,,,,1.0,97.0,24.0,1.0,39.0,8.0
271656000.0,,,,,,,,,,,,,,,,1697.1165048501784,,,,,,
271672800.0,,,,,,,,,,,,,,,,1697.1174503238228,,,,,,
271706400.0,,,,,,,,,,,,,,0.12716828286647797,,,,,,,,
271826400.0,,171.4,1032.0,,,,,,,,,,,,,,1.0,75.0,21.0,2.0,27.0,7.0
271860000.0,,186.2,1756.0,,,,,,,,,,,,,,-1.0,99.0,27.0,1.0,36.0,11.0
271867200.0,,,,0.00022231138427741826,-0.06130329892039299,4.76837147544984e-09,-0.0788840651512146,3.5762788286319847e-09,0.7907342910766602,6.535267402796308e-06,0.03744574636220932,0.1439073532819748,0.6842814087867737,,0.00010646360143567713,,,,,,,
271908000.0,,,,0.00026133967912755907,-0.04385161027312279,7.152557657263969e-09,-0.07284113764762878,2.781550101360608e-09,0.922877848148346,5.6103574024746194e-05,0.03805307298898697,0.14614661037921906,0.8148430585861206,,0.00010644500408004083,,,,,,,
271994400.0,,154.2,775.0,,,,,,,,,,,,,,1.0,65.0,16.0,1.0,33.0,5.0
271994400.0,,,,,,,,,,,,,,0.11134562641382217,,,,,,,,
272018400.0,,,,0.00021482259035110474,-0.06777805835008621,-6.755193293628281e-09,-0.09684141725301743,-2.1855037779516806e-09,0.8578732013702393,-4.939610789733706e-06,0.02050134725868702,0.0737779289484024,0.8045938611030579,,0.00010639481322451557,,,,,,,
272083200.0,,196.2,1036.0,,,,,,,,,,,,,,1.0,83.0,21.0,1.0,44.0,7.0
272085600.0,,,,0.0002500535920262337,-0.037229396402835846,5.9604645663569045e-09,-0.05859003961086273,-3.5762788286319847e-09,1.1182821989059448,1.881728894659318e-05,0.018373416736721992,0.0927768126130104,1.0439001321792603,,0.00010636435623910312,,,,,,,
272148000.0,,120.2,631.0,,,,,,,,,,,,,,1.0,52.0,13.0,1.0,23.0,3.0
272160000.0,,,,0.00025791412917897105,-0.04748556390404701,0.0,-0.05110176280140877,-9.53674295089968e-09,0.9682912826538086,2.8700339953502407e-06,0.00407428527250886,0.09128725528717041,0.8810837268829346,,0.00010633071897674937,,,,,,,
272337600.0,,175.4,1015.0,,,,,,,,,,,,,,1.0,81.0,21.0,2.0,25.0,7.0
272344800.0,,,,,,,,,,,,,,,,1697.0772377396418,,,,,,
272445600.0,,193.2,906.0,,,,,,,,,,,,,,1.0,70.0,19.0,1.0,60.0,6.0
272474400.0,,,,0.0002778473135549575,-0.08106575161218643,-3.1789144649962964e-09,-0.09988073259592056,9.934107980669182e-10,0.8699517846107483,-8.791975233179983e-06,-0.024070510640740395,0.1306762397289276,0.7151990532875061,,0.00010618953759948336,,,,,,,
272551200.0,,168.6,1660.0,,,,,,,,,,,,,,-1.0,101.0,27.0,3.0,24.0,9.0
272683200.0,,148.2,736.0,,,,,,,,,,,,,,1.0,61.0,15.0,1.0,36.0,4.0
272760000.0,,,,,,,,,,,,,,,,1697.0257325924788,,,,,,
272832000.0,,,,,,,,,,,,,,,,1697.0407004842552,,,,,,
272908800.0,,,,0.0002208090154454112,-0.041640300303697586,-2.781550101360608e-09,-0.07247728854417801,4.371007555903361e-09,0.8275115489959717,-6.238384958123788e-05,0.02806893177330494,0.057277508080005646,0.7982428073883057,,0.00010599703543276236,,,,,,,
272947200.0,,162.2,881.0,,,,,,,,,,,,,,1.0,73.0,18.0,1.0,27.0,6.0
273199200.0,,216.39999999999998,1251.0,,,,,,,,,,,,,,1.0,93.0,25.0,2.0,38.0,10.0
273237600.0,,,,0.00025419649318791926,-0.029964253306388855,0.0,-0.05063536763191223,7.947286384535346e-09,1.4935771226882935,-6.053357992641395e-07,0.020110327750444412,0.27634039521217346,1.237349033355713,,0.00010585331054199002,,,,,,,
273288000.0,,,,0.0002532336220610887,-0.031038692221045494,-1.9868215961338365e-09,-0.04882274195551872,-2.781550101360608e-09,1.064404010772705,-7.2129273576138075e-06,0.0032139280810952187,0.05881885811686516,1.0087944269180298,,0.00010583143073042626,,,,,,,
273326400.0,,,,,,,,,,,,,,,,1697.0798998412915,,,,,,
273420000.0,,96.2,497.0,,,,,,,,,,,,,,1.0,40.0,10.0,1.0,18.0,2.0
273441600.0,,143.2,737.0,,,,,,,,,,,,,,1.0,61.0,15.0,1.0,31.0,4.0
273504000.0,,,,0.00023300480097532272,-0.056717924773693085,-1.2914339819758425e-08,-0.08705826103687286,-8.940697071579962e-09,0.7987485527992249,-1.8394530343357474e-05,0.011183394119143486,0.07585003226995468,0.7340658903121948,,0.00010573811505325289,,,,,,,
273657600.0,,112.2,556.0,,,,,,,,,,,,,,1.0,47.0,12.0,1.0,21.0,3.0
273693600.0,,159.2,910.0,,,,,,,,,,,,,,1.0,71.0,19.0,1.0,25.0,6.0
273772800.0,,,,,,,,,,,,,,,,1697.1928545743206,,,,,,
273794400.0,,221.2,1282.0,,,,,,,,,,,,,,1.0,102.0,26.0,1.0,33.0,10.0
273799200.0,,140.2,740.0,,,,,,,,,,,,,,1.0,59.0,15.0,1.0,30.0,4.0
273854400.0,,208.2,1236.0,,,,,,,,,,,,,,1.0,96.0,25.0,1.0,31.0,9.0
274053600.0,,157.2,828.0,,,,,,,,,,,,,,1.0,66.0,17.0,1.0,34.0,5.0
274058400.0,,101.2,545.0,,,,,,,,,,,,,,1.0,46.0,11.0,1.0,16.0,2.0
274092000.0,,,,0.00019529751443769783,-0.04412884637713432,9.934107758624577e-09,-0.06653142720460892,-3.5762788286319847e-09,0.98239666223526,3.168343027937226e-05,0.008099659346044064,0.08206228166818619,0.9084676504135132,,0.00010548782990586017,,,,,,,
274159200.0,,,,0.00022542465012520552,-0.04401368647813797,7.947286162490741e-10,-0.02999614179134369,3.1789144649962964e-09,0.8191153407096863,2.9434570478770183e-06,-0.006027487572282553,0.09602447599172592,0.717068612575531,,0.00010545957459058022,,,,,,,
274248000.0,,138.2,740.0,,,,,,,,,,,,,,1.0,60.0,15.0,1.0,27.0,4.0
274281600.0,,127.2,696.0,,,,,,,,,,,,,,1.0,59.0,14.0,1.0,18.0,4.0
274440000.0,,192.6,2325.0,,,,,,,,,,,,,,-1.0,98.0,28.0,3.0,46.0,10.0
274471200.0,,175.2,935.0,,,,,,,,,,,,,,1.0,78.0,19.0,1.0,34.0,6.0
274497600.0,,164.2,905.0,,,,,,,,,,,,,,1.0,70.0,19.0,1.0,31.0,6.0
274699200.0,,,,0.00023275974672287703,-0.05028213933110237,7.947286162490741e-10,-0.06929964572191238,-1.4305115314527939e-08,1.0168648958206177,-3.0637234885944054e-05,0.013953426852822304,0.14370860159397125,0.887081503868103,,0.00010523512274950891,,,,,,,
274888800.0,,97.2,495.0,,,,,,,,,,,,,,1.0,41.0,10.0,1.0,18.0,2.0
274953600.0,,117.2,627.0,,,,,,,,,,,,,,1.0,51.0,13.0,1.0,21.0,3.0
275076000.0,,116.2,615.0,,,,,,,,,,,,,,1.0,51.0,13.0,1.0,20.0,3.0
275220000.0,,167.4,922.0,,,,,,,,,,,,,,1.0,76.0,19.0,2.0,28.0,6.0
275457600.0,,145.2,735.0,,,,,,,,,,,,,,1.0,61.0,15.0,1.0,33.0,4.0
275460000.0,,20.200000000000003,500.0,,,,,,,,,,,,,,-1.0,25.0,7.0,1.0,8.0,0.0
275558400.0,,108.2,585.0,,,,,,,,,,,,,,1.0,49.0,12.0,1.0,27.0,0.0
275644800.0,,,,0.00023198078270070255,-0.022453468292951584,4.76837147544984e-09,-0.025458546355366707,-3.9736430812453705e-10,0.7640225291252136,-6.015498365741223e-05,-0.007175879552960396,0.07424359023571014,0.6825451850891113,,0.00010485323749197293,,,,,,,
275762400.0,,,,0.0002351084112888202,-0.016120832413434982,7.947286162490741e-10,-0.047104060649871826,4.371007555903361e-09,1.0148236751556396,2.197557842009701e-05,0.0074889883399009705,0.11023323237895966,0.9121038913726807,,0.00010480673846803466,,,,,,,
275767200.0,,,,0.00018849103071261197,-0.06407207995653152,-7.947286384535346e-09,-0.06669621914625168,4.76837147544984e-09,1.0684950351715088,-4.075833203387447e-05,0.0316087044775486,0.12367118895053864,0.9763936400413513,,0.00010480484522552402,,,,,,,
275836800.0,,,,0.00028278317768126726,-0.03439788520336151,-5.9604645663569045e-09,-0.029901817440986633,1.5894572324981482e-09,1.0939491987228394,-1.0858825589821208e-06,-0.0032129124738276005,0.16665707528591156,0.924081027507782,,0.00010477743443662025,,,,,,,
275880000.0,,150.2,820.0,,,,,,,,,,,,,,1.0,69.0,17.0,1.0,24.0,5.0
275992800.0,,226.2,1291.0,,,,,,,,,,,,,,1.0,99.0,26.0,1.0,41.0,10.0
276007200.0,,153.2,790.0,,,,,,,,,,,,,,1.0,66.0,16.0,1.0,31.0,5.0
276103200.0,,,,0.0003053864638786763,-0.03029417060315609,-3.973643192267673e-09,-0.0554913729429245,-2.9802322831784522e-09,1.1830600500106812,-2.354407661186997e-05,0.01755143515765667,0.14537641406059265,1.0552146434783936,,0.00010467323015142903,,,,,,,
276127200.0,,164.2,903.0,,,,,,,,,,,,,,1.0,73.0,19.0,1.0,28.0,6.0
276168000.0,,,,,,,,,,,,,,,,1694.8926819707865,,,,,,
276204000.0,,157.2,825.0,,,,,,,,,,,,,,1.0,68.0,17.0,1.0,32.0,5.0
276314400.0,,174.2,878.0,,,,,,,,,,,,,,1.0,72.0,18.0,1.0,40.0,6.0
276352800.0,,,,,,,,,,,,,,,,1694.9311092532698,,,,,,
276396000.0,,,,0.0002712382993195206,-0.03246866911649704,8.344650304081824e-09,-0.05364236235618591,-6.357828929992593e-09,0.7411941289901733,2.9662835004273802e-05,0.012854663655161858,0.09888852387666702,0.6551926732063293,,0.00010456000404655292,,,,,,,
276420000.0,,227.4,1458.0,,,,,,,,,,,,,,1.0,100.0,29.0,2.0,38.0,10.0
276475200.0,,,,0.00027387734735384583,-0.053498525172472,-1.5894572324981482e-09,-0.0504523441195488,-1.390775050680304e-08,1.0430829524993896,-1.0969428331009112e-05,-0.0030901413410902023,0.11140502244234085,0.9285795092582703,,0.00010452961222094643,,,,,,,
276532800.0,,165.2,911.0,,,,,,,,,,,,,,1.0,75.0,19.0,1.0,27.0,6.0
276604800.0,,159.2,841.0,,,,,,,,,,,,,,1.0,68.0,17.0,1.0,34.0,5.0
276681600.0,,198.4,1111.0,,,,,,,,,,,,,,1.0,85.0,23.0,2.0,38.0,8.0
276722400.0,,,,0.00034235461498610675,-0.05182585492730141,5.165735839085528e-09,-0.0775371864438057,-3.1789144649962964e-09,0.8605339527130127,-9.277102435589768e-06,-0.006786227226257324,0.09632738679647446,0.7574144601821899,,0.00010443539655801909,,,,,,,
276828000.0,,,,,,,,,,,,,,,,1694.9066474717404,,,,,,
276880800.0,,,,0.00025236696819774806,-0.04656610265374184,3.5762788286319847e-09,-0.05504852905869484,-2.4338563164860716e-08,1.0457394123077393,3.459402796579525e-05,0.011949801817536354,0.07459510862827301,0.9831311106681824,,0.00010437553810275844,,,,,,,
276969600.0,,,,,,,,,,,,,,,,1694.9499254800342,,,,,,
277236000.0,,,,,,,,,,,,,,,,1695.007311184311,,,,,,
277348800.0,,,,,,,,,,,,,,,,1695.0426493089635,,,,,,
277356000.0,,,,,,,,,,,,,,,,1695.0406077399994,,,,,,
277368000.0,,207.2,1128.0,,,,,,,,,,,,,,1.0,91.0,23.0,1.0,41.0,8.0
277432800.0,,129.2,675.0,,,,,,,,,,,,,,1.0,56.0,14.0,1.0,23.0,4.0
277468800.0,,112.2,605.0,,,,,,,,,,,,,,1.0,49.0,13.0,1.0,18.0,3.0
277538400.0,,286.2,1494.0,,,,,,,,,,,,,,1.0,99.0,29.0,1.0,98.0,10.0
277564800.0,,192.6,2100.0,,,,,,,,,,,,,,-1.0,99.0,29.0,3.0,44.0,10.0
277572000.0,,,,,,,,,,,,,,,,1695.0004033561531,,,,,,
277598400.0,,193.60000000000002,1085.0,,,,,,,,,,,,,,1.0,88.0,22.0,3.0,31.0,8.0
277634400.0,,,,,,,,,,,,,,,,1695.0208970549618,,,,,,
277670400.0,,150.2,797.0,,,,,,,,,,,,,,1.0,69.0,16.0,1.0,25.0,5.0
277773600.0,,,,,,,,,,,,,,0.10163833200931549,,,,,,,,
277852800.0,,,,0.0002731879649218172,-0.023787956684827805,-2.38418573772492e-09,-0.05783041939139366,-2.38418573772492e-09,0.9556644558906555,-1.310387688135961e-05,0.008099125698208809,0.17130634188652039,0.7924469113349915,,0.00010401700418227673,,,,,,,
277860000.0,,,,0.00020778740872628987,-0.02708463743329048,3.1789144649962964e-09,-0.05475166440010071,1.9868215961338365e-09,0.7980412244796753,-1.3882007579013589e-06,0.0103345001116395,0.06673034280538559,0.7416461110115051,,0.00010401440476311961,,,,,,,
277872000.0,,122.2,625.0,,,,,,,,,,,,,,1.0,53.0,13.0,1.0,24.0,3.0
277893600.0,,175.39999999999998,974.0,,,,,,,,,,,,,,1.0,81.0,20.0,2.0,26.0,7.0
277908000.0,,,,,,,,,,,,,,,,1695.071156648559,,,,,,
277970400.0,,188.2,1050.0,,,,,,,,,,,,,,1.0,84.0,21.0,1.0,35.0,7.0
278001600.0,,228.2,1295.0,,,,,,,,,,,,,,1.0,99.0,26.0,1.0,43.0,10.0
278124000.0,,,,,,,,,,,,,,,,1695.0863626530952,,,,,,
278220000.0,,,,0.0002764918899629265,-0.04544387757778168,3.9736430812453705e-10,-0.062163565307855606,3.9736430812453705e-10,0.9707136750221252,2.5301799269072944e-06,0.014643169939517975,0.0966656282544136,0.8886964917182922,,0.00010388549224998571,,,,,,,
278246400.0,,,,0.00025411383830942214,-0.04015832394361496,-5.563100202721216e-09,-0.08758210390806198,6.258487950105973e-09,0.9420341849327087,-4.463904406293295e-05,0.007129230536520481,0.15165188908576965,0.7974694967269897,,0.00010387612036976589,,,,,,,
278275200.0,,174.8,2069.0,,,,,,,,,,,,,,-1.0,98.0,26.0,4.0,38.0,8.0
278308800.0,,,,,,,,,,,,,,,,1695.065575725434,,,,,,
278325600.0,,226.4,1290.0,,,,,,,,,,,,,,1.0,98.0,26.0,2.0,42.0,10.0
278342400.0,,154.2,783.0,,,,,,,,,,,,,,1.0,65.0,16.0,1.0,33.0,5.0
278407200.0,,,,,,,,,,,,,,,,1695.057412091027,,,,,,
278481600.0,,145.2,752.0,,,,,,,,,,,,,,1.0,61.0,16.0,1.0,32.0,4.0
278553600.0,,212.2,1025.0,,,,,,,,,,,,,,1.0,78.0,21.0,1.0,65.0,7.0
278589600.0,,125.2,637.0,,,,,,,,,,,,,,1.0,53.0,13.0,1.0,27.0,3.0
278656800.0,,,,,,,,,,,,,,,,1695.039234416758,,,,,,
278685600.0,,118.2,640.0,,,,,,,,,,,,,,1.0,51.0,13.0,1.0,22.0,3.0
278709600.0,,,,0.00019088454428128898,-0.038110386580228806,5.4637592228345966e-09,-0.047177135944366455,8.145968344308585e-09,1.1000478267669678,-8.586821422795765e-06,0.018786124885082245,0.10667058825492859,1.01215660572052,,0.00010371350412483401,,,,,,,
278796000.0,,190.2,1130.0,,,,,,,,,,,,,,1.0,79.0,22.0,1.0,37.0,8.0
278844000.0,,,,0.0002739584888331592,-0.0667450875043869,1.2715657859985185e-08,-0.1015472337603569,6.755193293628281e-09,0.9218904972076416,-5.519588285096688e-06,0.00543717248365283,0.14255936443805695,0.7847655415534973,,0.00010366696419858503,,,,,,,
278887200.0,,,,,,,,,,,,,,,,1695.048313811046,,,,,,
278944800.0,,,,,,,,,,,,,,,,1695.0456952192112,,,,,,
279084000.0,,,,,,,,,,,,,,,,1694.9945204817623,,,,,,
279160800.0,,,,0.00022968924895394593,-0.04156048595905304,6.357828929992593e-09,-0.025806687772274017,3.973643192267673e-09,1.541375994682312,-9.77224135567667e-06,0.022106247022747993,0.3974888026714325,1.1659859418869019,,0.00010355841000315708,,,,,,,
279336000.0,,,,,,,,,,,,,,,,1694.9920653761556,,,,,,
279340800.0,,148.2,837.0,,,,,,,,,,,,,,1.0,67.0,17.0,1.0,20.0,6.0
279616800.0,,,,0.00020202394807711244,-0.06281602382659912,-3.1789144649962964e-09,-0.024224502965807915,1.3510386587256562e-08,1.1209759712219238,1.0439038305776194e-05,0.006301575805991888,0.10473182797431946,1.0225582122802734,,0.00010340498764363922,,,,,,,
279624000.0,,172.8,1745.0,,,,,,,,,,,,,,-1.0,99.0,27.0,4.0,22.0,11.0
279744000.0,,,,,,,,,,,,,,,,1694.9836839936322,,,,,,
279753600.0,,176.2,932.0,,,,,,,,,,,,,,1.0,72.0,19.0,1.0,37.0,7.0
279864000.0,,,,,,,,,,,,,,,,1694.9359959505514,,,,,,
279871200.0,,126.2,698.0,,,,,,,,,,,,,,1.0,56.0,14.0,1.0,20.0,4.0
279885600.0,,146.2,756.0,,,,,,,,,,,,,,1.0,63.0,15.0,1.0,32.0,4.0
279931200.0,,147.4,776.0,,,,,,,,,,,,,,1.0,64.0,16.0,2.0,31.0,4.0
279940800.0,,,,,,,,,,,,,,,,1694.9199034639187,,,,,,
279960000.0,,217.2,1283.0,,,,,,,,,,,,,,1.0,97.0,26.0,1.0,34.0,10.0
279998400.0,,,,,,,,,,,,,,,,1694.917584398507,,,,,,
280034400.0,,156.2,881.0,,,,,,,,,,,,,,1.0,73.0,18.0,1.0,21.0,6.0
280075200.0,,213.2,1660.0,,,,,,,,,,,,,,1.0,98.0,28.0,1.0,27.0,10.0
280430400.0,,122.2,658.0,,,,,,,,,,,,,,1.0,56.0,14.0,1.0,20.0,3.0
280531200.0,,,,0.0002511399216018617,-0.04309459030628204,-4.371007555903361e-09,-0.06375480443239212,-4.76837147544984e-09,0.7020918726921082,2.098338882206008e-05,0.010017738677561283,0.09119848906993866,0.6209346055984497,,0.00010310741120589183,,,,,,,
280550400.0,,,,0.0002096433163387701,-0.028414411470294,1.9868215961338365e-09,-0.055780425667762756,5.563100202721216e-09,0.7770299911499023,1.6807714928290807e-05,0.010495053604245186,0.06073131784796715,0.7268126606941223,,0.00010310130716144278,,,,,,,
280550400.0,,,,,,,,,,,,,,,,1692.9485390476145,,,,,,
280588800.0,,,,0.00019348901696503162,-0.049600474536418915,2.9802322387695312e-08,-0.05784465745091438,-6.357828929992593e-09,0.6183971762657166,-4.178749077254906e-05,0.01675649918615818,0.04886215925216675,0.5862516164779663,,0.0001030891168883266,,,,,,,
280639200.0,,158.2,933.0,,,,,,,,,,,,,,1.0,69.0,19.0,1.0,26.0,6.0
280869600.0,,,,,,,,,,,,,,,,1693.0053780520893,,,,,,
280953600.0,,210.2,996.0,,,,,,,,,,,,,,1.0,79.0,20.0,1.0,63.0,7.0
280977600.0,,,,0.00025437321164645255,-0.06523889303207397,1.5894572324981482e-09,-0.07165795564651489,-7.947286384535346e-09,1.1185554265975952,-8.771327884460334e-06,-0.0012484437320381403,0.14436477422714233,0.9729360342025757,,0.00010296702865507903,,,,,,,
280980000.0,,172.2,942.0,,,,,,,,,,,,,,1.0,79.0,19.0,1.0,30.0,6.0
281035200.0,,217.2,1181.0,,,,,,,,,,,,,,1.0,99.0,24.0,1.0,34.0,10.0
281104800.0,,147.2,741.0,,,,,,,,,,,,,,1.0,62.0,15.0,1.0,34.0,4.0
281138400.0,,223.2,1038.0,,,,,,,,,,,,,,1.0,87.0,21.0,1.0,67.0,7.0
281275200.0,,,,0.0002980940626002848,-0.033912524580955505,-1.0331471678171056e-08,-0.06410355865955353,3.973643192267673e-09,0.932146430015564,-4.126104249735363e-05,-0.006696504075080156,0.12833692133426666,0.7970747351646423,,0.00010287522513766591,,,,,,,
281277600.0,,133.2,666.0,,,,,,,,,,,,,,1.0,55.0,14.0,1.0,28.0,4.0
281328000.0,,,,,,,,,,,,,,,,1693.0210269002446,,,,,,
281335200.0,,124.2,625.0,,,,,,,,,,,,,,1.0,53.0,13.0,1.0,22.0,4.0
281337600.0,,193.2,906.0,,,,,,,,,,,,,,1.0,75.0,19.0,1.0,55.0,6.0
281392800.0,,158.2,1475.0,,,,,,,,,,,,,,-1.0,92.0,26.0,1.0,24.0,9.0
281428800.0,,,,,,,,,,,,,,,,1693.0386307416247,,,,,,
281469600.0,,112.2,599.0,,,,,,,,,,,,,,1.0,51.0,12.0,1.0,17.0,3.0
281539200.0,,198.2,2000.0,,,,,,,,,,,,,,-1.0,100.0,29.0,1.0,49.0,10.0
281618400.0,,,,,,,,,,,,,,,,1693.0688654885917,,,,,,
281642400.0,,147.2,746.0,,,,,,,,,,,,,,1.0,63.0,15.0,1.0,29.0,5.0
281661600.0,,126.2,685.0,,,,,,,,,,,,,,1.0,56.0,14.0,1.0,20.0,4.0
281752800.0,,107.2,546.0,,,,,,,,,,,,,,1.0,45.0,11.0,1.0,23.0,2.0
281844000.0,,184.2,935.0,,,,,,,,,,,,,,1.0,73.0,19.0,1.0,44.0,7.0
282002400.0,,113.19999999999999,1407.0,,,,,,,,,,,,,,-1.0,64.0,20.0,1.0,25.0,6.0
282067200.0,,,,0.00024571691756136715,-0.0413176529109478,2.781550101360608e-09,-0.07368513941764832,-3.9736430812453705e-10,1.0094555616378784,1.2774534297932405e-05,0.008633585646748543,0.17269860208034515,0.8454058766365051,,0.00010263787322148952,,,,,,,
282115200.0,,,,0.00026522440020926297,-0.0455654077231884,-1.0331471678171056e-08,-0.02588101476430893,-1.0728836485895954e-08,1.234236240386963,-3.5425644455244765e-05,0.020313076674938202,0.13753657042980194,1.116979956626892,,0.00010262381388122826,,,,,,,
282163200.0,,,,,,,,,,,,,,,,1693.0416415100367,,,,,,
282184800.0,,175.2,1011.0,,,,,,,,,,,,,,1.0,75.0,20.0,1.0,28.0,8.0
282230400.0,,,,,,,,,,,,,,,,1693.0523325484917,,,,,,
282266400.0,,,,0.00024005940940696746,-0.05417735502123833,-5.364418242947977e-09,-0.11463582515716553,-9.53674295089968e-09,0.5743054747581482,-3.0697153761138907e-06,0.01930205151438713,0.06547722220420837,0.5281296372413635,,0.00010257977036203136,,,,,,,
282288000.0,,114.2,611.0,,,,,,,,,,,,,,1.0,50.0,13.0,1.0,19.0,3.0
282307200.0,,131.2,685.0,,,,,,,,,,,,,,1.0,57.0,14.0,1.0,24.0,4.0
282398400.0,,,,,,,,,,,,,,,,1693.0976536910607,,,,,,
282547200.0,,,,,,,,,,,,,,,,1693.128572436715,,,,,,
282573600.0,,246.2,1115.0,,,,,,,,,,,,,,1.0,92.0,23.0,1.0,79.0,8.0
282573600.0,,,,,,,,,,,,,,,,1693.1323772053481,,,,,,
282686400.0,,192.2,2179.0,,,,,,,,,,,,,,-1.0,100.0,29.0,1.0,43.0,10.0
282770400.0,,,,0.000279199710348621,-0.029817931354045868,4.371007555903361e-09,-0.04576214775443077,-1.5894572324981482e-09,0.9990596771240234,-4.423741302161943e-06,0.020795803517103195,0.10557742416858673,0.9142764210700989,,0.00010243562849104178,,,,,,,
282801600.0,,217.2,1261.0,,,,,,,,,,,,,,1.0,99.0,26.0,1.0,36.0,9.0
282840000.0,,144.2,735.0,,,,,,,,,,,,,,1.0,61.0,15.0,1.0,32.0,4.0
282974400.0,,181.4,2043.0,,,,,,,,,,,,,,-1.0,99.0,28.0,2.0,34.0,10.0
283020000.0,,204.2,947.0,,,,,,,,,,,,,,1.0,77.0,19.0,1.0,64.0,6.0
283101600.0,,206.2,1190.0,,,,,,,,,,,,,,1.0,99.0,24.0,1.0,27.0,9.0
283108800.0,,,,,,,,,,,,,,,,1693.1431496216774,,,,,,
283132800.0,,112.2,595.0,,,,,,,,,,,,,,1.0,50.0,12.0,1.0,18.0,3.0
283255200.0,,232.2,1396.0,,,,,,,,,,,,,,1.0,99.0,28.0,1.0,45.0,10.0
283392000.0,,145.2,755.0,,,,,,,,,,,,,,1.0,63.0,16.0,1.0,26.0,5.0
283404000.0,,155.2,886.0,,,,,,,,,,,,,,1.0,66.0,18.0,1.0,27.0,6.0
283432800.0,,185.2,1771.0,,,,,,,,,,,,,,-1.0,99.0,29.0,1.0,37.0,10.0
283495200.0,,,,0.00023765850346535444,-0.004759551957249641,1.7682712183386684e-08,-0.005427924916148186,8.145968344308585e-09,0.8774851560592651,5.940605660725851e-06,-0.00950994249433279,0.08165556937456131,0.7863279581069946,,0.00010223554596911426,,,,,,,
283528800.0,,136.2,727.0,,,,,,,,,,,,,,1.0,59.0,15.0,1.0,26.0,4.0
283560000.0,,254.2,1216.0,,,,,,,,,,,,,,1.0,101.0,25.0,1.0,72.0,9.0
283598400.0,,,,0.00027441937709227204,-0.046453267335891724,3.1789144649962964e-09,-0.07193184643983841,2.38418573772492e-09,0.9109514951705933,1.021916986587712e-07,0.009760621935129166,0.0928112342953682,0.8279037475585938,,0.00010220774945349277,,,,,,,
283603200.0,,93.2,489.0,,,,,,,,,,,,,,1.0,39.0,10.0,1.0,16.0,2.0
283694400.0,,,,,,,,,,,,,,,,1693.2156611041617,,,,,,
283708800.0,,228.2,1460.0,,,,,,,,,,,,,,1.0,99.0,29.0,1.0,40.0,10.0
283944000.0,,,,0.00019179118680767715,-0.05842626839876175,1.4305115314527939e-08,-0.05403218790888786,9.934107758624577e-09,1.0510729551315308,-4.353389158495702e-05,0.006586006842553616,0.10785779356956482,0.9497595429420471,,0.00010211592054489035,,,,,,,
284203200.0,,,,,,,,,,,,,,,,1693.2747041757511,,,,,,
284287200.0,,,,,,,,,,,,,,,,1693.281002089667,,,,,,
284292000.0,,178.2,2018.0,,,,,,,,,,,,,,-1.0,97.0,29.0,1.0,36.0,9.0
284352000.0,,,,,,,,,,,,,,,,1693.2850650967557,,,,,,
284476800.0,,133.2,680.0,,,,,,,,,,,,,,1.0,54.0,14.0,1.0,29.0,4.0
284548800.0,,229.39999999999998,1342.0,,,,,,,,,,,,,,1.0,103.0,27.0,2.0,35.0,11.0
284572800.0,,,,,,,,,,,,,,,,1693.2396851211442,,,,,,
284822400.0,,227.8,1476.0,,,,,,,,,,,,,,1.0,100.0,28.0,4.0,35.0,11.0
284916000.0,,,,,,,,,,,,,,0.09538931399583817,,,,,,,,
284920800.0,,189.2,1942.0,,,,,,,,,,,,,,-1.0,100.0,28.0,1.0,37.0,11.0
284961600.0,,,,0.0002454515779390931,-0.04908650740981102,-2.38418573772492e-09,-0.0519794337451458,-6.357828929992593e-09,0.8114349842071533,1.933805106091313e-05,-0.002457452705129981,0.07515665888786316,0.7338426113128662,,0.00010185678808164821,,,,,,,
284964000.0,,190.2,1046.0,,,,,,,,,,,,,,1.0,85.0,21.0,1.0,32.0,8.0
284978400.0,,150.2,735.0,,,,,,,,,,,,,,1.0,61.0,15.0,1.0,38.0,4.0
285024000.0,,,,,,,,,,,,,,,,1691.4616905731507,,,,,,
285026400.0,,200.2,995.0,,,,,,,,,,,,,,1.0,76.0,20.0,1.0,56.0,7.0
285136800.0,,,,0.00020930539176333696,-0.03623342514038086,6.357828929992593e-09,-0.08858408778905869,7.152557657263969e-09,0.7711631059646606,1.6277330132652423e-06,0.009516819380223751,0.08804792165756226,0.692635715007782,,0.00010181386999150108,,,,,,,
285151200.0,,187.2,1885.0,,,,,,,,,,,,,,-1.0,101.0,28.0,1.0,34.0,11.0
285252000.0,,192.2,1090.0,,,,,,,,,,,,,,1.0,86.0,22.0,1.0,32.0,8.0
285254400.0,,172.60000000000002,996.0,,,,,,,,,,,,,,1.0,80.0,20.0,3.0,24.0,7.0
285264000.0,,,,0.00021256528270896524,-0.030078351497650146,-6.357828929992593e-09,-0.041536442935466766,2.38418573772492e-09,0.9097873568534851,-3.115451181656681e-05,0.018309665843844414,0.0803128182888031,0.8477552533149719,,0.00010178302281255067,,,,,,,
285417600.0,,,,0.0002830256416928023,-0.03924025222659111,2.582867919542764e-09,-0.05868593975901604,-1.0132789718397817e-08,1.5048329830169678,-1.0098351594933774e-05,0.004053425043821335,0.16778823733329773,1.3410909175872803,,0.00010174612391444466,,,,,,,
285432000.0,,,,,,,,,,,,,,,,1691.3124196002898,,,,,,
285612000.0,,,,0.0001867337996372953,-0.03937457874417305,-7.947286384535346e-09,-0.05143709480762482,-4.967053879312289e-09,0.7816364169120789,-1.0089344868902117e-05,0.011713553220033646,0.09510286152362823,0.6982389092445374,,0.00010169997369018614,,,,,,,
285626400.0,,233.4,1433.0,,,,,,,,,,,,,,1.0,101.0,28.0,2.0,40.0,11.0
285636000.0,,119.2,635.0,,,,,,,,,,,,,,1.0,53.0,13.0,1.0,21.0,3.0
285720000.0,,,,,,,,,,,,,,,,1478.6039891300165,,,,,,
285729600.0,,,,0.00035134932841174304,-0.0215788334608078,1.291433959771382e-09,0.021622324362397194,0.0,1.1672642230987549,-4.217144669382833e-05,0.008138992823660374,0.10919604450464249,1.0661684274673462,,0.00010167235399404821,,,,,,,
285756000.0,,125.4,657.0,,,,,,,,,,,,,,1.0,54.0,14.0,2.0,25.0,3.0
285772800.0,,,,0.0002007124712690711,-0.04408438131213188,-1.0331471678171056e-08,-0.06627192348241806,-3.1789144649962964e-09,0.8906081318855286,7.639384421054274e-06,0.014880645088851452,0.08821240812540054,0.8172860145568848,,0.00010166226447719385,,,,,,,
285868800.0,,145.2,742.0,,,,,,,,,,,,,,1.0,58.0,15.0,1.0,36.0,4.0
285916800.0,,179.2,1598.0,,,,,,,,,,,,,,-1.0,100.0,28.0,1.0,27.0,11.0
285943200.0,,,,,,,,,,,,,,,,1745.665979057432,,,,,,
285979200.0,,220.2,956.0,,,,,,,,,,,,,,1.0,80.0,20.0,1.0,76.0,6.0
286003200.0,,163.2,840.0,,,,,,,,,,,,,,1.0,70.0,17.0,1.0,36.0,5.0
286024800.0,,140.2,743.0,,,,,,,,,,,,,,1.0,63.0,15.0,1.0,26.0,4.0
286094400.0,,,,,,,,,,,,,,,,1744.5557424315537,,,,,,
286135200.0,,,,,,,,,,,,,,,,1746.5344894306086,,,,,,
286168800.0,,,,,,,,,,,,,,,,1746.6713034071945,,,,,,
286243200.0,,,,0.00022990854631643742,-0.055682145059108734,-5.165735839085528e-09,-0.0936344787478447,4.5696895156766004e-09,0.7862293124198914,3.294432463007979e-05,0.009618651121854782,0.06235804408788681,0.7335252165794373,,0.00010155436632466694,,,,,,,
286260000.0,,149.4,776.0,,,,,,,,,,,,,,1.0,64.0,16.0,2.0,33.0,4.0
286262400.0,,,,,,,,,,,,,,,,1743.5562408876965,,,,,,
286291200.0,,221.2,975.0,,,,,,,,,,,,,,1.0,83.0,20.0,1.0,70.0,7.0
286348800.0,,169.2,914.0,,,,,,,,,,,,,,1.0,76.0,19.0,1.0,30.0,6.0
286375200.0,,117.2,624.0,,,,,,,,,,,,,,1.0,53.0,13.0,1.0,19.0,3.0
286396800.0,,172.2,875.0,,,,,,,,,,,,,,1.0,72.0,18.0,1.0,38.0,6.0
286440000.0,,146.2,790.0,,,,,,,,,,,,,,1.0,63.0,16.0,1.0,31.0,4.0
286456800.0,,244.6,1495.0,,,,,,,,,,,,,,1.0,99.0,29.0,3.0,56.0,10.0
286598400.0,,,,,,,,,,,,,,0.17506472766399384,,,,,,,,
286651200.0,,158.2,860.0,,,,,,,,,,,,,,1.0,68.0,18.0,1.0,32.0,5.0
286809600.0,,,,,,,,,,,,,,,,1746.794544526511,,,,,,
286855200.0,,,,0.0002522918803151697,-0.0414254330098629,-7.649262556697067e-09,-0.06680337339639664,-3.5762788286319847e-09,0.8243590593338013,-5.740507731388789e-06,0.025418255478143692,0.08104496449232101,0.7687290906906128,,0.00010141938079896369,,,,,,,
286927200.0,,,,0.00023653748212382197,-0.07536917179822922,-1.4702479234074417e-08,-0.10508735477924347,-2.582867919542764e-09,0.5715062618255615,2.0513145500444807e-05,0.020628904923796654,0.05271068215370178,0.5394473671913147,,0.00010140390125864283,,,,,,,
287016000.0,,205.8,1192.0,,,,,,,,,,,,,,1.0,100.0,24.0,4.0,25.0,9.0
287032800.0,,,,,,,,,,,,,,,,1750.1494343716215,,,,,,
287059200.0,,,,0.00024076654517557472,-0.0455704890191555,3.9736430812453705e-10,-0.06445461511611938,2.38418573772492e-09,0.846077561378479,1.8299191651749425e-05,0.03423893824219704,0.10705749690532684,0.7732796669006348,,0.0001013757415087657,,,,,,,
287104800.0,,,,0.00024141035100910813,-0.03869011625647545,-5.9604643443123e-10,-0.07368845492601395,-1.3510386587256562e-08,1.1074899435043335,2.8381751690176316e-05,0.020164569839835167,0.09423372149467468,1.0334515571594238,,0.00010136607958953287,,,,,,,
287162400.0,,233.2,1430.0,,,,,,,,,,,,,,1.0,99.0,29.0,1.0,45.0,10.0
287172000.0,,,,0.00018685577379073948,-0.01593560166656971,-5.563100202721216e-09,-0.03683679178357124,7.947286162490741e-10,1.7105889320373535,8.656197678647004e-06,0.0023187522310763597,0.13224492967128754,1.580673336982727,,0.00010135190274888212,,,,,,,
287179200.0,,107.2,560.0,,,,,,,,,,,,,,1.0,45.0,12.0,1.0,22.0,2.0
287436000.0,,173.2,1765.0,,,,,,,,,,,,,,-1.0,99.0,29.0,1.0,25.0,10.0
287496000.0,,169.2,880.0,,,,,,,,,,,,,,1.0,72.0,18.0,1.0,35.0,6.0
287642400.0,,,,,,,,,,,,,,,,1753.505075692226,,,,,,
287743200.0,,124.2,646.0,,,,,,,,,,,,,,1.0,53.0,13.0,1.0,26.0,3.0
287757600.0,,193.4,2215.0,,,,,,,,,,,,,,-1.0,99.0,29.0,2.0,45.0,10.0
287913600.0,,177.4,1006.0,,,,,,,,,,,,,,1.0,84.0,21.0,2.0,24.0,7.0
287968800.0,,,,,,,,,,,,,,,,1754.4670040640533,,,,,,
287980800.0,,239.4,1111.0,,,,,,,,,,,,,,1.0,91.0,23.0,2.0,73.0,8.0
288000000.0,,,,,,,,,,,,,,,,1752.971598996355,,,,,,
288069600.0,,193.4,2107.0,,,,,,,,,,,,,,-1.0,99.0,29.0,2.0,45.0,10.0
288139200.0,,215.39999999999998,1201.0,,,,,,,,,,,,,,1.0,98.0,25.0,2.0,36.0,9.0
288297600.0,,,,0.00020269033848308027,-0.022896505892276764,4.76837147544984e-09,-0.04336659982800484,-3.973643192267673e-09,1.1786903142929077,-2.3162983779911883e-05,0.0314439982175827,0.0849677175283432,1.125145435333252,,0.00010112538906147408,,,,,,,
288388800.0,,164.2,928.0,,,,,,,,,,,,,,1.0,77.0,19.0,1.0,24.0,6.0
288391200.0,,,,,,,,,,,,,,,,1749.5278290040692,,,,,,
288556800.0,,,,,,,,,,,,,,,,1748.235937299892,,,,,,
288595200.0,,,,,,,,,,,,,,,,1747.9342264515967,,,,,,
288681600.0,,,,0.0002364517713431269,-0.05993662774562836,1.7086664527710127e-08,-0.10952810198068619,-7.947286162490741e-10,0.8027463555335999,1.168477638202603e-06,0.020856807008385658,0.06934936344623566,0.7542573809623718,,0.00010105284401080713,,,,,,,
288693600.0,,98.2,516.0,,,,,,,,,,,,,,1.0,44.0,11.0,1.0,15.0,2.0
288782400.0,,284.2,1411.0,,,,,,,,,,,,,,1.0,99.0,29.0,1.0,96.0,10.0
288813600.0,,,,0.00023192050866782665,-0.024850768968462944,1.0530154526122715e-08,-0.029864013195037842,1.5894572324981482e-09,1.0002532005310059,1.6247524399659596e-05,0.003318364964798093,0.05303057283163071,0.9505594968795776,,0.00010102846285751063,,,,,,,
288830400.0,,,,,,,,,,,,,,,,1749.3398076959568,,,,,,
288837600.0,,,,0.00023848365526646376,-0.01618318073451519,2.38418573772492e-09,-0.04587215557694435,-1.2318293940438707e-08,0.7244368195533752,-3.606801328714937e-05,0.015872076153755188,0.06626689434051514,0.674008309841156,,0.00010102406050122129,,,,,,,
288844800.0,,,,,,,,,,,,,,,,1749.4628352257355,,,,,,
288938400.0,,227.2,1425.0,,,,,,,,,,,,,,1.0,99.0,29.0,1.0,39.0,10.0
288969600.0,,,,,,,,,,,,,,,,1749.7822403758146,,,,,,
288993600.0,,156.2,840.0,,,,,,,,,,,,,,1.0,69.0,17.0,1.0,30.0,5.0
289044000.0,,,,0.00016761226288508624,-0.054745934903621674,-7.152557657263969e-09,-0.0922122374176979,7.947286162490741e-10,0.9685584902763367,1.2341848787400522e-06,0.019888490438461304,0.046442706137895584,0.9420071840286255,,0.0001009865887164177,,,,,,,
289065600.0,,,,,,,,,,,,,,,,1749.7311199935577,,,,,,
289068000.0,,,,,,,,,,,,,,,,1749.8043770034772,,,,,,
289236000.0,,,,,,,,,,,,,,,,1751.0051870702328,,,,,,
289240800.0,,146.2,736.0,,,,,,,,,,,,,,1.0,61.0,15.0,1.0,34.0,4.0
289260000.0,,115.2,580.0,,,,,,,,,,,,,,1.0,49.0,12.0,1.0,22.0,3.0
289286400.0,,143.2,736.0,,,,,,,,,,,,,,1.0,61.0,15.0,1.0,31.0,4.0
289699200.0,,143.2,735.0,,,,,,,,,,,,,,1.0,61.0,15.0,1.0,31.0,4.0
289725600.0,,142.2,741.0,,,,,,,,,,,,,,1.0,62.0,15.0,1.0,29.0,4.0
289814400.0,,,,0.00018496948177926242,-0.07014802098274231,-1.7881394143159923e-09,-0.07988863438367844,7.3512396170372085e-09,0.8782815337181091,-2.0466161004151218e-05,0.007115738000720739,0.09060584008693695,0.7947728037834167,,0.00010085287304514374,,,,,,,
289833600.0,,,,0.00018765134154818952,-0.05195827782154083,-2.582867919542764e-09,-0.05869050323963165,2.38418573772492e-09,0.8310924768447876,-1.865385456767399e-05,-0.0010505372192710638,0.07634402811527252,0.7536811232566833,,0.00010084966451155965,,,,,,,
289891200.0,,,,0.00019345652253832668,-0.021760154515504837,-7.947286384535346e-09,-0.026938149705529213,-3.5762788286319847e-09,0.9142582416534424,-1.7957505406229757e-05,-0.01270232256501913,0.06605857610702515,0.8354812860488892,,0.00010084007508854378,,,,,,,
289927200.0,,153.2,881.0,,,,,,,,,,,,,,1.0,67.0,18.0,1.0,24.0,6.0
289939200.0,,,,,,,,,,,,,,0.09827770292758942,,,,,,,,
290083200.0,,136.2,711.0,,,,,,,,,,,,,,1.0,53.0,15.0,1.0,32.0,4.0
290088000.0,,,,0.00021224944794084877,-0.03984995186328888,1.9868215961338365e-09,-0.08074983209371567,1.2715657859985185e-08,1.0289349555969238,-1.1056010407628492e-05,0.02214089222252369,0.08557650446891785,0.9654905200004578,,0.00010080772071714091,,,,,,,
290116800.0,,146.2,741.0,,,,,,,,,,,,,,1.0,62.0,15.0,1.0,33.0,4.0
290150400.0,,,,0.00026892591267824173,-0.04353570565581322,4.371007555903361e-09,-0.05567353218793869,-9.53674295089968e-09,0.924588143825531,1.0714341442508157e-05,0.00782163068652153,0.09121090173721313,0.841212272644043,,0.00010079759431766301,,,,,,,
290169600.0,,121.2,636.0,,,,,,,,,,,,,,1.0,53.0,13.0,1.0,23.0,3.0
290191200.0,,,,0.00025189470034092665,-0.04643869772553444,7.152557657263969e-09,-0.04756065830588341,-1.152356521316733e-08,0.8816261291503906,-3.0425253498833627e-05,0.031134065240621567,0.06770963221788406,0.8450226187705994,,0.00010079100765636971,,,,,,,
290234400.0,,107.2,561.0,,,,,,,,,,,,,,1.0,46.0,12.0,1.0,21.0,2.0
290263200.0,,,,,,,,,,,,,,,,1698.5348139780806,,,,,,
290289600.0,,151.2,880.0,,,,,,,,,,,,,,1.0,64.0,18.0,1.0,25.0,6.0
290320800.0,,189.2,1807.0,,,,,,,,,,,,,,-1.0,100.0,29.0,1.0,40.0,10.0
290551200.0,,,,0.00018220258061774075,-0.04524445906281471,5.165735839085528e-09,-0.06622463464736938,-9.33806099112644e-09,0.6840104460716248,-9.588763532519806e-06,0.0041031613945961,0.06708278506994247,0.6210231184959412,,0.00010073407065427548,,,,,,,
290656800.0,,,,,,,,,,,,,,,,1702.1837627341877,,,,,,
290913600.0,,246.2,1788.0,,,,,,,,,,,,,,-1.0,100.0,27.0,1.0,95.0,11.0
290923200.0,,,,0.00021371367620304227,-0.047214359045028687,-9.934107758624577e-09,-0.07835516333580017,2.38418573772492e-09,0.9260690808296204,-6.747151928720996e-05,0.040956687182188034,0.11943644285202026,0.8475239872932434,,0.00010067746440906516,,,,,,,
290949600.0,,,,0.00021822634153068066,-0.007294033654034138,3.1789144649962964e-09,-0.04212944582104683,4.76837147544984e-09,1.246884822845459,-1.040678944264073e-05,0.02547965943813324,0.09325428307056427,1.1791019439697266,,0.00010067353329606881,,,,,,,
291105600.0,,164.2,871.0,,,,,,,,,,,,,,1.0,68.0,18.0,1.0,34.0,6.0
291110400.0,,,,,,,,,,,,,,0.09266871213912964,,,,,,,,
291146400.0,,174.4,1765.0,,,,,,,,,,,,,,-1.0,98.0,28.0,2.0,28.0,10.0
291220800.0,,,,,,,,,,,,,,,,1707.683839253308,,,,,,
291261600.0,,,,,,,,,,,,,,,,1707.800897385333,,,,,,
291290400.0,,220.39999999999998,1141.0,,,,,,,,,,,,,,1.0,97.0,23.0,2.0,48.0,8.0
291436800.0,,223.2,1206.0,,,,,,,,,,,,,,1.0,98.0,25.0,1.0,44.0,9.0
291439200.0,,,,0.0002296527090948075,-0.04294867441058159,-1.9868215961338365e-09,-0.044829968363046646,-1.3311704627483323e-08,0.6838253140449524,-4.8015524953370914e-05,0.003401215886697173,0.07853894680738449,0.6086418628692627,,0.0001006026978305616,,,,,,,
291492000.0,,175.19999999999993,1875.0,,,,,,,,,,,,,,-1.0,99.0,29.0,6.0,26.0,10.0
291540000.0,,180.2,974.0,,,,,,,,,,,,,,1.0,82.0,20.0,1.0,30.0,7.0
291556800.0,,,,0.00024416387896053493,-0.04857521876692772,-1.0530154526122715e-08,-0.0872759148478508,-3.1789144649962964e-09,0.8572461605072021,-2.810618025250733e-05,0.0063047450967133045,0.06772465258836746,0.7958006262779236,,0.00010058626829717216,,,,,,,
291616800.0,,,,,,,,,,,,,,,,1709.7067386869194,,,,,,
291664800.0,,254.2,1918.0,,,,,,,,,,,,,,-1.0,98.0,30.0,1.0,110.0,9.0
291672000.0,,,,,,,,,,,,,,,,1710.048962735149,,,,,,
291830400.0,,,,,,,,,,,,,,,,1710.3857432575664,,,,,,
291888000.0,,,,0.00019550832803361118,-0.04500577226281166,-4.5696895156766004e-09,-0.062038592994213104,-6.357828929992593e-09,0.7241268754005432,4.32426568295341e-05,0.020499587059020996,0.05533940717577934,0.6893322467803955,,0.00010054121520379918,,,,,,,
291907200.0,,,,,,,,,,,,,,,,1710.5638597753318,,,,,,
291916800.0,,144.2,727.0,,,,,,,,,,,,,,1.0,59.0,15.0,1.0,34.0,4.0
291938400.0,,,,0.00017854187171906233,-0.04884439706802368,-7.947286162490741e-10,-0.09188121557235718,-1.9868215961338365e-09,0.8373773694038391,-5.037084520154167e-06,0.013614055700600147,0.050983231514692307,0.8000048995018005,,0.0001005345168963758,,,,,,,
291998400.0,,194.8,1086.0,,,,,,,,,,,,,,1.0,93.0,22.0,4.0,27.0,8.0
292044000.0,,168.2,935.0,,,,,,,,,,,,,,1.0,78.0,19.0,1.0,27.0,6.0
292140000.0,,,,,,,,,,,,,,,,1711.0374304048519,,,,,,
292212000.0,,,,0.0002653551346156746,-0.0628260150551796,-1.9868215961338365e-09,-0.09031479805707932,-1.1920929132713809e-08,0.6781889796257019,4.665053347707726e-05,0.016873661428689957,0.0639863908290863,0.6311256289482117,,0.0001004988811929197,,,,,,,
292228800.0,,,,0.000235186584177427,-0.06743358820676804,1.490116086078075e-10,-0.09352176636457443,-3.973643192267673e-09,0.7471944093704224,-5.8860778153757565e-06,0.02355295978486538,0.07735934108495712,0.6933844685554504,,0.00010049673302514309,,,,,,,
292312800.0,,,,,,,,,,,,,,,,1711.687149278554,,,,,,
292437600.0,,173.2,897.0,,,,,,,,,,,,,,1.0,75.0,18.0,1.0,36.0,6.0
292454400.0,,120.2,630.0,,,,,,,,,,,,,,1.0,52.0,13.0,1.0,23.0,3.0
292485600.0,,131.2,675.0,,,,,,,,,,,,,,1.0,56.0,14.0,1.0,25.0,4.0
292492800.0,,,,,,,,,,,,,,0.114651620388031,,,,,,,,
292495200.0,,,,,,,,,,,,,,,,1712.708763947936,,,,,,
292548000.0,,109.2,579.0,,,,,,,,,,,,,,1.0,47.0,12.0,1.0,18.0,3.0
292591200.0,,207.4,1210.0,,,,,,,,,,,,,,1.0,94.0,25.0,2.0,36.0,8.0
292646400.0,,,,0.00024244918313343078,-0.05795692652463913,3.1789144649962964e-09,-0.07247268408536911,1.1126200405442432e-08,0.9828832745552063,1.1726348020602018e-05,0.03222702443599701,0.17660154402256012,0.8385228514671326,,0.00010044482293840018,,,,,,,
292694400.0,,224.59999999999997,1343.0,,,,,,,,,,,,,,1.0,99.0,27.0,3.0,38.0,10.0
292704000.0,,,,,,,,,,,,,,,,1714.1265584669877,,,,,,
292716000.0,,,,0.00022974706371314824,-0.054923154413700104,-1.5894572324981482e-09,-0.04823354259133339,-2.781550101360608e-09,1.277660846710205,-2.5449295208090916e-05,0.022463392466306686,0.20580536127090454,1.0942957401275635,,0.00010043644929510841,,,,,,,
292735200.0,,227.2,1225.0,,,,,,,,,,,,,,1.0,101.0,25.0,1.0,45.0,9.0
292737600.0,,,,,,,,,,,,,,,,1714.3378854127443,,,,,,
292761600.0,,181.2,921.0,,,,,,,,,,,,,,1.0,77.0,19.0,1.0,41.0,6.0
292764000.0,,176.2,1007.0,,,,,,,,,,,,,,1.0,75.0,21.0,1.0,32.0,7.0
292828800.0,,,,,,,,,,,,,,,,1713.5232799769383,,,,,,
292831200.0,,,,,,,,,,,,,,,,1713.5267889296424,,,,,,
293020800.0,,308.2,1523.0,,,,,,,,,,,,,,1.0,100.0,28.0,1.0,116.0,11.0
293085600.0,,104.2,555.0,,,,,,,,,,,,,,1.0,46.0,12.0,1.0,18.0,2.0
293126400.0,,155.2,811.0,,,,,,,,,,,,,,1.0,69.0,17.0,1.0,29.0,5.0
293150400.0,,,,0.0002888170420192182,-0.04189646989107132,-3.1789144649962964e-09,-0.06946342438459396,-7.152557657263969e-09,0.9895131587982178,-2.9583420655399095e-06,0.013828392140567303,0.13981761038303375,0.8635237812995911,,0.00010038598183341284,,,,,,,
293215200.0,,,,,,,,,,,,,,,,1711.5242360756567,,,,,,
293220000.0,,262.2,1225.0,,,,,,,,,,,,,,1.0,98.0,25.0,1.0,83.0,9.0
293275200.0,,162.2,888.0,,,,,,,,,,,,,,1.0,73.0,18.0,1.0,27.0,6.0
293296800.0,,,,0.00018125188944395632,-0.048052046447992325,-5.9604643443123e-10,-0.09136710315942764,5.9604645663569045e-09,1.0299758911132812,4.501880539464764e-06,0.04293306916952133,0.0766327977180481,0.9962823987007141,,0.00010036967094794641,,,,,,,
293498400.0,,,,,,,,,,,,,,,,1712.6093324067474,,,,,,
293563200.0,,147.2,751.0,,,,,,,,,,,,,,1.0,63.0,16.0,1.0,32.0,4.0
293647200.0,,154.2,840.0,,,,,,,,,,,,,,1.0,69.0,17.0,1.0,28.0,5.0
293654400.0,,181.2,991.0,,,,,,,,,,,,,,1.0,83.0,20.0,1.0,30.0,7.0
293666400.0,,,,,,,,,,,,,,,,1713.5205575689308,,,,,,
293704800.0,,,,,,,,,,,,,,,,1713.6852002906828,,,,,,
293736000.0,,124.2,631.0,,,,,,,,,,,,,,1.0,53.0,13.0,1.0,26.0,3.0
293745600.0,,,,0.00020205994951538742,-0.07219274342060089,-2.781550101360608e-09,-0.1024693176150322,7.947286162490741e-10,0.7002379298210144,-2.8981712603126653e-05,0.0013735848478972912,0.07977600395679474,0.6218085885047913,,0.00010032186049167045,,,,,,,
293805600.0,,,,,,,,,,,,,,,,1713.8036997594716,,,,,,
293947200.0,,,,,,,,,,,,,,,,1713.960294061714,,,,,,
294110400.0,,,,0.0002178149006795138,-0.05899644270539284,5.9604645663569045e-09,-0.10155835747718811,-2.38418573772492e-09,0.8547482490539551,1.1204820111743174e-05,0.04258987680077553,0.07437773048877716,0.8229738473892212,,0.00010028543432059084,,,,,,,
294252000.0,,183.2,941.0,,,,,,,,,,,,,,1.0,79.0,19.0,1.0,41.0,6.0
294280800.0,,,,0.00021198786271270365,-0.034316536039114,9.53674295089968e-09,-0.10116072744131088,7.947286162490741e-10,0.9337701797485352,-1.137997787736822e-05,0.01582256518304348,0.060188956558704376,0.8893945813179016,,0.00010026916807912437,,,,,,,
294484800.0,,158.2,886.0,,,,,,,,,,,,,,1.0,69.0,18.0,1.0,27.0,6.0
294578400.0,,132.2,672.0,,,,,,,,,,,,,,1.0,56.0,14.0,1.0,26.0,4.0
294592800.0,,194.4,1096.0,,,,,,,,,,,,,,1.0,91.0,22.0,2.0,29.0,8.0
294612000.0,,,,,,,,,,,,,,,,1718.5747200050937,,,,,,
294643200.0,,198.2,892.0,,,,,,,,,,,,,,1.0,75.0,18.0,1.0,61.0,6.0
294700800.0,,125.2,661.0,,,,,,,,,,,,,,1.0,55.0,14.0,1.0,24.0,3.0
294775200.0,,,,0.00023804925149306655,-0.04326190426945686,2.38418573772492e-09,-0.0639168843626976,-7.947286162490741e-10,1.301209568977356,-3.437259147176519e-05,0.037036363035440445,0.1910439282655716,1.1471699476242065,,0.00010022467165716133,,,,,,,
294789600.0,,144.2,736.0,,,,,,,,,,,,,,1.0,61.0,15.0,1.0,32.0,4.0
294801600.0,,127.2,675.0,,,,,,,,,,,,,,1.0,58.0,14.0,1.0,19.0,4.0
294871200.0,,117.2,635.0,,,,,,,,,,,,,,1.0,52.0,13.0,1.0,20.0,3.0
294950400.0,,134.2,1189.0,,,,,,,,,,,,,,-1.0,68.0,17.0,1.0,49.0,5.0
294972000.0,,,,,,,,,,,,,,,,1721.7552852400033,,,,,,
294988800.0,,,,0.0002189079677918926,-0.03595675900578499,4.172325152040912e-09,-0.06457261741161346,8.742015111806722e-09,1.037619948387146,-3.014611138496548e-05,0.032431792467832565,0.07932779937982559,0.9906960129737854,,0.0001002066893500988,,,,,,,
295068000.0,,,,0.00021568189549725503,-0.026089338585734367,1.19209286886246e-09,-0.05042221024632454,-5.9604645663569045e-09,0.8534449934959412,-3.0154677006066777e-05,0.019634483382105827,0.07517679780721664,0.7978746891021729,,0.0001002002122136628,,,,,,,
295185600.0,,116.2,592.0,,,,,,,,,,,,,,1.0,50.0,12.0,1.0,22.0,3.0
295238400.0,,,,,,,,,,,,,,0.06410780549049377,,,,,,,,
295255200.0,,119.2,630.0,,,,,,,,,,,,,,1.0,52.0,13.0,1.0,22.0,3.0
295310400.0,,95.2,490.0,,,,,,,,,,,,,,1.0,39.0,10.0,1.0,18.0,2.0
295315200.0,,189.2,1082.0,,,,,,,,,,,,,,1.0,85.0,22.0,1.0,30.0,8.0
295526400.0,,,,,,,,,,,,,,0.06002500653266907,,,,,,,,
295536000.0,,175.2,1035.0,,,,,,,,,,,,,,1.0,81.0,21.0,1.0,25.0,7.0
295560000.0,,142.2,736.0,,,,,,,,,,,,,,1.0,60.0,15.0,1.0,31.0,4.0
295629600.0,,163.2,896.0,,,,,,,,,,,,,,1.0,72.0,18.0,1.0,29.0,6.0
295665600.0,,,,0.00023837531625758857,-0.030328458175063133,-7.947286162490741e-10,-0.048144735395908356,-6.357828929992593e-09,0.9196096658706665,-3.203333108103834e-05,0.038692060858011246,0.1138802245259285,0.8443918824195862,,0.0001001546616509857,,,,,,,
295716000.0,,,,,,,,,,,,,,,,1702.5973648836207,,,,,,
295752000.0,,,,0.0002805508556775749,-0.02029077336192131,1.2715657859985185e-08,-0.018356885761022568,-2.38418573772492e-09,0.8912786841392517,-2.1019839550717734e-05,-0.008090092800557613,0.06638064980506897,0.8167897462844849,,0.00010014856154381488,,,,,,,
295764000.0,,150.4,746.0,,,,,,,,,,,,,,1.0,62.0,15.0,2.0,37.0,4.0
295802400.0,,175.2,996.0,,,,,,,,,,,,,,1.0,79.0,20.0,1.0,28.0,7.0
295814400.0,,,,,,,,,,,,,,0.1094120442867279,,,,,,,,
295852800.0,,144.2,735.0,,,,,,,,,,,,,,1.0,61.0,15.0,1.0,32.0,4.0
295867200.0,,,,,,,,,,,,,,,,1704.2097916548405,,,,,,
295960800.0,,,,0.00019117954070679843,-0.019921833649277687,4.76837147544984e-09,-0.045193031430244446,6.95387525340152e-09,0.6460398435592651,6.228345591807738e-05,-0.0044496734626591206,0.06916060298681259,0.5724937915802002,,0.00010013432607580426,,,,,,,
295970400.0,,,,0.00019211530161555856,-0.03463497385382652,-6.357828929992593e-09,-0.04932956397533417,5.165735839085528e-09,0.9555125832557678,1.3367473457037704e-06,0.02284974418580532,0.04807856306433678,0.9302870631217957,,0.00010013368879974453,,,,,,,
295984800.0,,,,,,,,,,,,,,,,1704.999924279962,,,,,,
296116800.0,,,,,,,,,,,,,,,,1705.9938990355772,,,,,,
296119200.0,,166.2,910.0,,,,,,,,,,,,,,1.0,70.0,19.0,1.0,33.0,6.0
296157600.0,,137.2,706.0,,,,,,,,,,,,,,1.0,57.0,15.0,1.0,29.0,4.0
296246400.0,,184.2,850.0,,,,,,,,,,,,,,1.0,70.0,17.0,1.0,57.0,5.0
296304000.0,,189.39999999999998,1914.0,,,,,,,,,,,,,,-1.0,100.0,28.0,2.0,37.0,11.0
296392800.0,,131.2,700.0,,,,,,,,,,,,,,1.0,60.0,14.0,1.0,21.0,4.0
296424000.0,,152.2,841.0,,,,,,,,,,,,,,1.0,68.0,17.0,1.0,27.0,5.0
296512800.0,,127.2,675.0,,,,,,,,,,,,,,1.0,57.0,14.0,1.0,20.0,4.0
296558400.0,,196.2,1067.0,,,,,,,,,,,,,,1.0,86.0,22.0,1.0,36.0,8.0
296589600.0,,230.4,1504.0,,,,,,,,,,,,,,1.0,100.0,28.0,2.0,38.0,11.0
296654400.0,,,,0.00026527338195592165,-0.06700553745031357,-1.9868215961338365e-09,-0.09407948702573776,-1.1126200405442432e-08,1.2617170810699463,-4.5148659410187975e-05,0.024297747761011124,0.13276784121990204,1.1532045602798462,,0.00010009218174195736,,,,,,,
296664000.0,,116.2,628.0,,,,,,,,,,,,,,1.0,52.0,13.0,1.0,19.0,3.0
296668800.0,,,,,,,,,,,,,,,,1710.3046748369718,,,,,,
296678400.0,,161.2,886.0,,,,,,,,,,,,,,1.0,69.0,18.0,1.0,30.0,6.0
296798400.0,,,,0.0002081322600133717,-0.0842491015791893,2.1457672971791908e-08,-0.09806855767965317,3.973643192267673e-09,0.949169933795929,5.112373037263751e-05,-0.010709162801504135,0.0911656990647316,0.8473482728004456,,0.00010008442338695774,,,,,,,
296882400.0,,102.2,550.0,,,,,,,,,,,,,,1.0,45.0,11.0,1.0,18.0,2.0
296889600.0,,209.2,1237.0,,,,,,,,,,,,,,1.0,89.0,25.0,1.0,39.0,9.0
296916000.0,,115.2,606.0,,,,,,,,,,,,,,1.0,51.0,13.0,1.0,19.0,3.0
296916000.0,,,,,,,,,,,,,,,,1710.7574892741752,,,,,,
297019200.0,,,,,,,,,,,,,,,,1711.2669052528443,,,,,,
297134400.0,,183.2,1735.0,,,,,,,,,,,,,,-1.0,100.0,30.0,1.0,33.0,10.0
297144000.0,,,,,,,,,,,,,,,,1712.1927351266108,,,,,,
297384000.0,,124.2,625.0,,,,,,,,,,,,,,1.0,55.0,13.0,1.0,24.0,3.0
297388800.0,,,,,,,,,,,,,,,,1714.0399421285526,,,,,,
297427200.0,,170.2,792.0,,,,,,,,,,,,,,1.0,66.0,16.0,1.0,48.0,5.0
297434400.0,,,,0.0002128162159351632,-0.05665646493434906,2.38418573772492e-09,-0.06975505501031876,-2.9603640427922073e-08,0.9719604253768921,-3.1591484003001824e-05,0.026811841875314713,0.1433502733707428,0.855392575263977,,0.00010005423533976081,,,,,,,
297552000.0,,173.2,998.0,,,,,,,,,,,,,,1.0,77.0,20.0,1.0,28.0,7.0
297650400.0,,179.2,886.0,,,,,,,,,,,,,,1.0,72.0,18.0,1.0,45.0,6.0
297652800.0,,,,,,,,,,,,,,,,1715.7226305100035,,,,,,
297708000.0,,,,0.0001958066422957927,-0.042369380593299866,-1.2715657859985185e-08,-0.07790662348270416,1.5894572324981482e-09,0.7224496006965637,-2.4176069928216748e-05,0.007807579357177019,0.08707620948553085,0.6431587934494019,,0.00010004329481361358,,,,,,,
297830400.0,,,,0.00022482476197183132,-0.055318884551525116,3.9736430812453705e-10,-0.09356262534856796,8.344650304081824e-09,0.6892555356025696,8.648083166917786e-06,0.021313166245818138,0.09089377522468567,0.6196858882904053,,0.0001000387989004424,,,,,,,
297832800.0,,152.2,776.0,,,,,,,,,,,,,,1.0,64.0,16.0,1.0,32.0,5.0
297892800.0,,,,0.00021115026902407408,-0.05025026574730873,2.9802322831784522e-09,-0.08761380612850189,-1.5894572324981482e-09,0.7614153027534485,-4.4482800376499654e-07,0.004289477597922087,0.05390569195151329,0.711800754070282,,0.00010003660168423365,,,,,,,
297931200.0,,163.2,892.0,,,,,,,,,,,,,,1.0,74.0,18.0,1.0,27.0,6.0
297991200.0,,,,,,,,,,,,,,,,1717.7814925261496,,,,,,
298178400.0,,187.4,1965.0,,,,,,,,,,,,,,-1.0,99.0,27.0,2.0,37.0,11.0
298286400.0,,,,,,,,,,,,,,,,1719.7281834810449,,,,,,
298293600.0,,298.2,1366.0,,,,,,,,,,,,,,1.0,100.0,27.0,1.0,111.0,10.0
298320000.0,,215.2,1283.0,,,,,,,,,,,,,,1.0,93.0,25.0,1.0,37.0,10.0
298394400.0,,,,,,,,,,,,,,,,1720.2798704878053,,,,,,
298432800.0,,,,0.0002388681168667972,-0.03489014878869057,1.8278758062706402e-08,-0.06686380505561829,0.0,0.8666921257972717,3.581103737815283e-05,0.011313416063785553,0.08744680881500244,0.7905969023704529,,0.00010002026220484607,,,,,,,
298548000.0,,130.2,679.0,,,,,,,,,,,,,,1.0,56.0,14.0,1.0,24.0,4.0
298780800.0,,122.2,612.0,,,,,,,,,,,,,,1.0,52.0,13.0,1.0,25.0,3.0
298848000.0,,252.39999999999998,1136.0,,,,,,,,,,,,,,1.0,94.0,23.0,2.0,83.0,8.0
298934400.0,,116.2,585.0,,,,,,,,,,,,,,1.0,49.0,12.0,1.0,23.0,3.0
299013600.0,,100.2,527.0,,,,,,,,,,,,,,1.0,44.0,11.0,1.0,17.0,2.0
299133600.0,,230.2,1365.0,,,,,,,,,,,,,,1.0,100.0,28.0,1.0,42.0,10.0
299275200.0,,127.2,653.0,,,,,,,,,,,,,,1.0,55.0,14.0,1.0,22.0,4.0
299383200.0,,,,,,,,,,,,,,,,1724.1393280375805,,,,,,
299407200.0,,,,,,,,,,,,,,,,1724.0876785021903,,,,,,
299541600.0,,298.2,1575.0,,,,,,,,,,,,,,1.0,101.0,28.0,1.0,105.0,11.0
299544000.0,,229.39999999999998,1211.0,,,,,,,,,,,,,,1.0,100.0,25.0,2.0,44.0,10.0
299620800.0,,,,,,,,,,,,,,,,1725.0459215662372,,,,,,
299649600.0,,,,0.00024489121278747916,-0.04001196473836899,1.3510386587256562e-08,-0.05615741387009621,-4.76837147544984e-09,0.8753204345703125,-7.818506674084347e-06,0.014030548743903637,0.06552190333604813,0.8238236904144287,,0.0001000010237057868,,,,,,,
299827200.0,,,,,,,,,,,,,,0.12935322523117065,,,,,,,,
299836800.0,,152.2,796.0,,,,,,,,,,,,,,1.0,67.0,16.0,1.0,29.0,5.0
299892000.0,,,,0.000270340358838439,-0.046644311398267746,-1.5894572324981482e-09,-0.05792979151010513,-7.947286162490741e-10,1.556509256362915,1.578785122546833e-05,0.0016639971872791648,0.3395071029663086,1.2186846733093262,,0.00010000010024358682,,,,,,,
299892000.0,,,,,,,,,,,,,,,,1726.1561864727641,,,,,,
300000000.0,,,,,,,,,,,,,,0.129835307598114,,,,,,,,
